"id","type","binding_type","binding_view_types","name","sequence","model_id","usage","state","model_name","code","activity_date_deadline_range","activity_date_deadline_range_type","mail_post_autofollow","website_published"
319,ir.actions.server,action,"list,form","{""en_US"": ""获取手机信息验证信息"", ""zh_CN"": ""获取手机信息验证信息""}",5,676,api_parser_action,code,galaxy.external.api.dummy,"# Available variables:
#  - env: Odoo Environment on which the action is triggered
#  - model: Odoo Model of the record on which the action is triggered; is a void recordset
#  - record: record on which the action is triggered; may be void
#  - records: recordset of all records on which the action is triggered in multi-mode; may be void
#  - time, datetime, dateutil, timezone: useful Python libraries
#  - float_compare: Odoo function to compare floats based on specific precisions
#  - log: log(message, level='info'): logging function to record debug information in ir.logging table
#  - UserError: Warning Exception to use with raise
#  - Command: x2Many commands namespace
# To return an action, assign: action = {...}

operation_list = {
  '1': '电信',
  '2': '联通',
  '3': '移动',
  '4': '其他运营商',
}
status_list = {
  '1': '正常',
  '2': '停机',
  '3': '销号',
  '4': '异常',
}
value_list = {
  '1': '[0,6)',
  '2': '[6,12)',
  '3': '[12,24)',
  '4': '[24,+)',
}
data = {
  'operation': '-',
  'status': '-',
  'value': '-',
  'tel_consumption_level': '-'
}
TelPeriod = env.context.get('response',{}).json().get('TelPeriod', {})
TelPeriod_operation = TelPeriod and TelPeriod.get('operation', '-')
TelPeriod_data = TelPeriod and TelPeriod.get('data', {})
TelPeriod_value = TelPeriod_data and TelPeriod_data.get('value', '-')
TelStatus = env.context.get('response',{}).json().get('TelStatus', {})
TelStatus_data = TelStatus and TelStatus.get('data', {})
TelStatus_value = TelStatus_data and TelStatus_data.get('value', '-')

for operation in operation_list.keys():
  if TelPeriod_operation and operation == TelPeriod_operation[0]:
    data.update({
      'operation': operation_list.get(operation)
    })
for status in status_list.keys():
  if TelStatus_value and status == TelStatus_value[0]:
    data.update({
      'status': status_list.get(status)
    })
for value in value_list.keys():
  if TelPeriod_value and value == TelPeriod_value[0]:
    data.update({
      'value': value_list.get(value)
    })

action = {
  'data': data,
  'code': 'Tel_Info'
}
",0,days,false,false
317,ir.actions.server,action,"list,form","{""en_US"": ""获取身份证二要素验证信息"", ""zh_CN"": ""获取身份证二要素验证信息""}",5,676,api_parser_action,code,galaxy.external.api.dummy,"# Available variables:
#  - env: Odoo Environment on which the action is triggered
#  - model: Odoo Model of the record on which the action is triggered; is a void recordset
#  - record: record on which the action is triggered; may be void
#  - records: recordset of all records on which the action is triggered in multi-mode; may be void
#  - time, datetime, dateutil, timezone: useful Python libraries
#  - float_compare: Odoo function to compare floats based on specific precisions
#  - log: log(message, level='info'): logging function to record debug information in ir.logging table
#  - UserError: Warning Exception to use with raise
#  - Command: x2Many commands namespace
# To return an action, assign: action = {...}

data = env.context.get('response',{}).json().get('IdTwo_z', {}).get('MESSAGE', '-') if env.context.get('response',{}).json().get('IdTwo_z', {}) else ()
new_data = {
  'person_check_item': '身份证号、姓名',
  'result': ''.join(data)
}

action = {
  'data': new_data,
  'code': 'Id_Two'
}

",0,days,false,false
307,ir.actions.server,action,"list,form","{""en_US"": ""获取企业商标信息"", ""zh_CN"": ""获取企业商标信息""}",5,676,api_parser_action,code,galaxy.external.api.dummy,"# Available variables:
#  - env: Odoo Environment on which the action is triggered
#  - model: Odoo Model of the record on which the action is triggered; is a void recordset
#  - record: record on which the action is triggered; may be void
#  - records: recordset of all records on which the action is triggered in multi-mode; may be void
#  - time, datetime, dateutil, timezone: useful Python libraries
#  - float_compare: Odoo function to compare floats based on specific precisions
#  - log: log(message, level='info'): logging function to record debug information in ir.logging table
#  - UserError: Warning Exception to use with raise
#  - Command: x2Many commands namespace
# To return an action, assign: action = {...}

action = {
  'datas': env.context.get('response',{}).json().get('result',{}).get('items',[]) if env.context.get('response',{}).json().get('result',{}) else []
}

",0,days,false,false
348,ir.actions.server,action,"list,form","{""en_US"": ""接口请求结果处理（企业征信信息查询strategyApi）"", ""zh_CN"": ""接口请求结果处理（企业征信信息查询strategyApi）""}",5,676,api_post_action,code,galaxy.external.api.dummy,"# Available variables:
#  - env: Odoo Environment on which the action is triggered
#  - model: Odoo Model of the record on which the action is triggered; is a void recordset
#  - record: record on which the action is triggered; may be void
#  - records: recordset of all records on which the action is triggered in multi-mode; may be void
#  - time, datetime, dateutil, timezone: useful Python libraries
#  - float_compare: Odoo function to compare floats based on specific precisions
#  - log: log(message, level='info'): logging function to record debug information in ir.logging table
#  - UserError: Warning Exception to use with raise
#  - Command: x2Many commands namespace
# To return an action, assign: action = {...}

response = env.context.get('response',{})
if response.status_code != 200:
  log(f'征信信息查询失败 code:{response.status_code} Content:{response.content}', level='info')
  raise UserError('征信信息查询失败！请检查信息是否有误或格式不对，如还未解决请联系管理员')
else:
  if response.json().get('code','') != '00' and response.json().get('code','') != '100002':
    log(f'征信信息查询接口调用成功，但查询结果失败 错误码:{response.status_code}', level='info')
    raise UserError('征信信息查询失败！请检查信息是否有误或格式不对，如还未解决请联系管理员')  

",0,days,false,false
308,ir.actions.server,action,"list,form","{""en_US"": ""获取企业专利信息"", ""zh_CN"": ""获取企业专利信息""}",5,676,api_parser_action,code,galaxy.external.api.dummy,"# Available variables:
#  - env: Odoo Environment on which the action is triggered
#  - model: Odoo Model of the record on which the action is triggered; is a void recordset
#  - record: record on which the action is triggered; may be void
#  - records: recordset of all records on which the action is triggered in multi-mode; may be void
#  - time, datetime, dateutil, timezone: useful Python libraries
#  - float_compare: Odoo function to compare floats based on specific precisions
#  - log: log(message, level='info'): logging function to record debug information in ir.logging table
#  - UserError: Warning Exception to use with raise
#  - Command: x2Many commands namespace
# To return an action, assign: action = {...}

action = {
  'datas': env.context.get('response',{}).json().get('result',{}).get('items',[]) if env.context.get('response',{}).json().get('result',{}) else []
}

",0,days,false,false
321,ir.actions.server,action,"list,form","{""en_US"": ""获取反欺诈规则权重"", ""zh_CN"": ""获取反欺诈规则权重""}",5,676,api_parser_action,code,galaxy.external.api.dummy,"# Available variables:
#  - env: Odoo Environment on which the action is triggered
#  - model: Odoo Model of the record on which the action is triggered; is a void recordset
#  - record: record on which the action is triggered; may be void
#  - records: recordset of all records on which the action is triggered in multi-mode; may be void
#  - time, datetime, dateutil, timezone: useful Python libraries
#  - float_compare: Odoo function to compare floats based on specific precisions
#  - log: log(message, level='info'): logging function to record debug information in ir.logging table
#  - UserError: Warning Exception to use with raise
#  - Command: x2Many commands namespace
# To return an action, assign: action = {...}

action = {
  'data': env.context.get('response',{}).json().get('RiskStrategy', {}) and env.context.get('response',{}).json().get('RiskStrategy', {}).get('Rule', {}),
  'code': 'Rule_Weight'
}

",0,days,false,false
273,ir.actions.server,action,"list,form","{""en_US"": ""获取企业基本信息"", ""zh_CN"": ""获取企业基本信息""}",5,676,api_parser_action,code,galaxy.external.api.dummy,"# Available variables:
#  - env: Odoo Environment on which the action is triggered
#  - model: Odoo Model of the record on which the action is triggered; is a void recordset
#  - record: record on which the action is triggered; may be void
#  - records: recordset of all records on which the action is triggered in multi-mode; may be void
#  - time, datetime, dateutil, timezone: useful Python libraries
#  - float_compare: Odoo function to compare floats based on specific precisions
#  - log: log(message, level='info'): logging function to record debug information in ir.logging table
#  - UserError: Warning Exception to use with raise
#  - Command: x2Many commands namespace
# To return an action, assign: action = {...}

action = {
  'data': env.context.get('response').json().get('result', {}),
  'code': 'Business_Info'
}

",0,days,false,false
309,ir.actions.server,action,"list,form","{""en_US"": ""获取企业软件著作权信息"", ""zh_CN"": ""获取企业软件著作权信息""}",5,676,api_parser_action,code,galaxy.external.api.dummy,"# Available variables:
#  - env: Odoo Environment on which the action is triggered
#  - model: Odoo Model of the record on which the action is triggered; is a void recordset
#  - record: record on which the action is triggered; may be void
#  - records: recordset of all records on which the action is triggered in multi-mode; may be void
#  - time, datetime, dateutil, timezone: useful Python libraries
#  - float_compare: Odoo function to compare floats based on specific precisions
#  - log: log(message, level='info'): logging function to record debug information in ir.logging table
#  - UserError: Warning Exception to use with raise
#  - Command: x2Many commands namespace
# To return an action, assign: action = {...}

action = {
  'datas': env.context.get('response',{}).json().get('result',{}).get('items',[]) if env.context.get('response',{}).json().get('result',{}) else []
}

",0,days,false,false
323,ir.actions.server,action,"list,form","{""en_US"": ""获取信用评分"", ""zh_CN"": ""获取信用评分""}",5,676,api_parser_action,code,galaxy.external.api.dummy,"# Available variables:
#  - env: Odoo Environment on which the action is triggered
#  - model: Odoo Model of the record on which the action is triggered; is a void recordset
#  - record: record on which the action is triggered; may be void
#  - records: recordset of all records on which the action is triggered in multi-mode; may be void
#  - time, datetime, dateutil, timezone: useful Python libraries
#  - float_compare: Odoo function to compare floats based on specific precisions
#  - log: log(message, level='info'): logging function to record debug information in ir.logging table
#  - UserError: Warning Exception to use with raise
#  - Command: x2Many commands namespace
# To return an action, assign: action = {...}

action = {
  'data': env.context.get('response',{}).json().get('RiskStrategy', {}) and env.context.get('response',{}).json().get('RiskStrategy', {}).get('Score', {}),
  'code': 'Score'
}

",0,days,false,false
320,ir.actions.server,action,"list,form","{""en_US"": ""获取法院信息详情——个人高级版信息"", ""zh_CN"": ""获取法院信息详情——个人高级版信息""}",5,676,api_parser_action,code,galaxy.external.api.dummy,"# Available variables:
#  - env: Odoo Environment on which the action is triggered
#  - model: Odoo Model of the record on which the action is triggered; is a void recordset
#  - record: record on which the action is triggered; may be void
#  - records: recordset of all records on which the action is triggered in multi-mode; may be void
#  - time, datetime, dateutil, timezone: useful Python libraries
#  - float_compare: Odoo function to compare floats based on specific precisions
#  - log: log(message, level='info'): logging function to record debug information in ir.logging table
#  - UserError: Warning Exception to use with raise
#  - Command: x2Many commands namespace
# To return an action, assign: action = {...}
dataType = {
  'zxgg': '执行公告',
  'shixin': '失信公告',
  'cpws': '裁判文书',
  'fygg': '法院公告',
  'bgt': '曝光台',
  'ktgg': '开庭公告',
  'ajlc': '案件流程',
  'wdhmd': '网贷黑名单',
}
    
data = env.context.get('response',{}).json().get('CourtDetailPro', {}) and env.context.get('response',{}).json().get('CourtDetailPro', {}).get('entryList', [])
entryList = []
data_type = ''
for item in data:
  for key in dataType.keys():
    if key == item.get('dataType', '-'):
      data_type =dataType.get(key)
  entryList.append({
    'dataType': data_type,
    'pname': item.get('pname', '-') or '-',
    'idcardNo': item.get('idcardNo', '-') or '-',
    'caseNo': item.get('caseNo', '-') or '-',
    'court': item.get('court', '-') or '-',
    'sortTimeString': item.get('sortTimeString', '-') or '-',
    'execMoney': str(item.get('execMoney', '-')) or '-',
    'body': item.get('body', '-') or '-',
    'whfx': item.get('whfx', '-') or '-',
    'bjbx': item.get('bjbx', '-') or '-',
    'caseState': item.get('caseState') if item.get('caseState') else item.get('caseStatus', '-') or '-',
    'matchRatio': item.get('matchRatio', '-') or '-',
  })
action = {
  'datas': entryList,
  'code': 'CourtDetailPro'
}
",0,days,false,false
310,ir.actions.server,action,"list,form","{""en_US"": ""获取企业作评著作权信息"", ""zh_CN"": ""获取企业作评著作权信息""}",5,676,api_parser_action,code,galaxy.external.api.dummy,"# Available variables:
#  - env: Odoo Environment on which the action is triggered
#  - model: Odoo Model of the record on which the action is triggered; is a void recordset
#  - record: record on which the action is triggered; may be void
#  - records: recordset of all records on which the action is triggered in multi-mode; may be void
#  - time, datetime, dateutil, timezone: useful Python libraries
#  - float_compare: Odoo function to compare floats based on specific precisions
#  - log: log(message, level='info'): logging function to record debug information in ir.logging table
#  - UserError: Warning Exception to use with raise
#  - Command: x2Many commands namespace
# To return an action, assign: action = {...}

action = {
  'datas': env.context.get('response',{}).json().get('result',{}).get('items',[]) if env.context.get('response',{}).json().get('result',{}) else []
}

",0,days,false,false
344,ir.actions.server,action,"list,form","{""en_US"": ""获取偿债压力指数信息"", ""zh_CN"": ""获取偿债压力指数信息""}",5,676,api_parser_action,code,galaxy.external.api.dummy,"# Available variables:
#  - env: Odoo Environment on which the action is triggered
#  - model: Odoo Model of the record on which the action is triggered; is a void recordset
#  - record: record on which the action is triggered; may be void
#  - records: recordset of all records on which the action is triggered in multi-mode; may be void
#  - time, datetime, dateutil, timezone: useful Python libraries
#  - float_compare: Odoo function to compare floats based on specific precisions
#  - log: log(message, level='info'): logging function to record debug information in ir.logging table
#  - UserError: Warning Exception to use with raise
#  - Command: x2Many commands namespace
# To return an action, assign: action = {...}

action = {
  'data': env.context.get('response',{}).json().get('DebtRepayStress',{}) or {},
  'code': 'DebtRepayStress'
}

",0,days,false,false
289,ir.actions.server,action,"list,form","{""en_US"": ""获取企业被执行人信息"", ""zh_CN"": ""获取企业被执行人信息""}",5,676,api_parser_action,code,galaxy.external.api.dummy,"# Available variables:
#  - env: Odoo Environment on which the action is triggered
#  - model: Odoo Model of the record on which the action is triggered; is a void recordset
#  - record: record on which the action is triggered; may be void
#  - records: recordset of all records on which the action is triggered in multi-mode; may be void
#  - time, datetime, dateutil, timezone: useful Python libraries
#  - float_compare: Odoo function to compare floats based on specific precisions
#  - log: log(message, level='info'): logging function to record debug information in ir.logging table
#  - UserError: Warning Exception to use with raise
#  - Command: x2Many commands namespace
# To return an action, assign: action = {...}

action = {
  'datas': env.context.get('response',{}).json().get('result',{}).get('items',[]) if env.context.get('response',{}).json().get('result',{}) else []
}

",0,days,false,false
286,ir.actions.server,action,"list,form","{""en_US"": ""获取企业对外投资信息"", ""zh_CN"": ""获取企业对外投资信息""}",5,676,api_parser_action,code,galaxy.external.api.dummy,"# Available variables:
#  - env: Odoo Environment on which the action is triggered
#  - model: Odoo Model of the record on which the action is triggered; is a void recordset
#  - record: record on which the action is triggered; may be void
#  - records: recordset of all records on which the action is triggered in multi-mode; may be void
#  - time, datetime, dateutil, timezone: useful Python libraries
#  - float_compare: Odoo function to compare floats based on specific precisions
#  - log: log(message, level='info'): logging function to record debug information in ir.logging table
#  - UserError: Warning Exception to use with raise
#  - Command: x2Many commands namespace
# To return an action, assign: action = {...}

action = {
  'datas': env.context.get('response',{}).json().get('result',{}).get('items',[]) if env.context.get('response',{}).json().get('result',{}) else False
}

",0,days,false,false
287,ir.actions.server,action,"list,form","{""en_US"": ""获取企业分支机构信息"", ""zh_CN"": ""获取企业分支机构信息""}",5,676,api_parser_action,code,galaxy.external.api.dummy,"# Available variables:
#  - env: Odoo Environment on which the action is triggered
#  - model: Odoo Model of the record on which the action is triggered; is a void recordset
#  - record: record on which the action is triggered; may be void
#  - records: recordset of all records on which the action is triggered in multi-mode; may be void
#  - time, datetime, dateutil, timezone: useful Python libraries
#  - float_compare: Odoo function to compare floats based on specific precisions
#  - log: log(message, level='info'): logging function to record debug information in ir.logging table
#  - UserError: Warning Exception to use with raise
#  - Command: x2Many commands namespace
# To return an action, assign: action = {...}

action = {
  'datas': env.context.get('response',{}).json().get('result',{}).get('items',[]) if env.context.get('response',{}).json().get('result',{}) else []
}


",0,days,false,false
281,ir.actions.server,action,"list,form","{""en_US"": ""获取历史股东"", ""zh_CN"": ""获取历史股东""}",5,676,api_parser_action,code,galaxy.external.api.dummy,"# Available variables:
#  - env: Odoo Environment on which the action is triggered
#  - model: Odoo Model of the record on which the action is triggered; is a void recordset
#  - record: record on which the action is triggered; may be void
#  - records: recordset of all records on which the action is triggered in multi-mode; may be void
#  - time, datetime, dateutil, timezone: useful Python libraries
#  - float_compare: Odoo function to compare floats based on specific precisions
#  - log: log(message, level='info'): logging function to record debug information in ir.logging table
#  - UserError: Warning Exception to use with raise
#  - Command: x2Many commands namespace
# To return an action, assign: action = {...}

action = {
  'datas': env.context.get('response',{}).json().get('result',{}).get('pastholderList',[]) if env.context.get('response',{}).json().get('result',{}) else [],
  'code': 'Past_HolderList'
}

",0,days,false,false
288,ir.actions.server,action,"list,form","{""en_US"": ""获取企业司法协助信息"", ""zh_CN"": ""获取企业司法协助信息""}",5,676,api_parser_action,code,galaxy.external.api.dummy,"# Available variables:
#  - env: Odoo Environment on which the action is triggered
#  - model: Odoo Model of the record on which the action is triggered; is a void recordset
#  - record: record on which the action is triggered; may be void
#  - records: recordset of all records on which the action is triggered in multi-mode; may be void
#  - time, datetime, dateutil, timezone: useful Python libraries
#  - float_compare: Odoo function to compare floats based on specific precisions
#  - log: log(message, level='info'): logging function to record debug information in ir.logging table
#  - UserError: Warning Exception to use with raise
#  - Command: x2Many commands namespace
# To return an action, assign: action = {...}

action = {
  'datas': env.context.get('response',{}).json().get('result',{}).get('items',[]) if env.context.get('response',{}).json().get('result',{}) else []
}

",0,days,false,false
293,ir.actions.server,action,"list,form","{""en_US"": ""获取企业纳税人信息"", ""zh_CN"": ""获取企业纳税人信息""}",5,676,api_parser_action,code,galaxy.external.api.dummy,"# Available variables:
#  - env: Odoo Environment on which the action is triggered
#  - model: Odoo Model of the record on which the action is triggered; is a void recordset
#  - record: record on which the action is triggered; may be void
#  - records: recordset of all records on which the action is triggered in multi-mode; may be void
#  - time, datetime, dateutil, timezone: useful Python libraries
#  - float_compare: Odoo function to compare floats based on specific precisions
#  - log: log(message, level='info'): logging function to record debug information in ir.logging table
#  - UserError: Warning Exception to use with raise
#  - Command: x2Many commands namespace
# To return an action, assign: action = {...}

action = {
  'data': env.context.get('response',{}).json().get('result',{}).get('items',[])[0] if env.context.get('response',{}).json().get('result',{}) else {}
}

",0,days,false,false
294,ir.actions.server,action,"list,form","{""en_US"": ""获取企业微博信息"", ""zh_CN"": ""获取企业微博信息""}",5,676,api_parser_action,code,galaxy.external.api.dummy,"# Available variables:
#  - env: Odoo Environment on which the action is triggered
#  - model: Odoo Model of the record on which the action is triggered; is a void recordset
#  - record: record on which the action is triggered; may be void
#  - records: recordset of all records on which the action is triggered in multi-mode; may be void
#  - time, datetime, dateutil, timezone: useful Python libraries
#  - float_compare: Odoo function to compare floats based on specific precisions
#  - log: log(message, level='info'): logging function to record debug information in ir.logging table
#  - UserError: Warning Exception to use with raise
#  - Command: x2Many commands namespace
# To return an action, assign: action = {...}

action = {
  'datas': env.context.get('response',{}).json().get('result',{}).get('items',[]) if env.context.get('response',{}).json().get('result',{}) else []
}

",0,days,false,false
292,ir.actions.server,action,"list,form","{""en_US"": ""获取企业判决文书信息"", ""zh_CN"": ""获取企业判决文书信息""}",5,676,api_parser_action,code,galaxy.external.api.dummy,"# Available variables:
#  - env: Odoo Environment on which the action is triggered
#  - model: Odoo Model of the record on which the action is triggered; is a void recordset
#  - record: record on which the action is triggered; may be void
#  - records: recordset of all records on which the action is triggered in multi-mode; may be void
#  - time, datetime, dateutil, timezone: useful Python libraries
#  - float_compare: Odoo function to compare floats based on specific precisions
#  - log: log(message, level='info'): logging function to record debug information in ir.logging table
#  - UserError: Warning Exception to use with raise
#  - Command: x2Many commands namespace
# To return an action, assign: action = {...}

action = {
  'datas': env.context.get('response',{}).json().get('result',{}).get('items',[]) if env.context.get('response',{}).json().get('result',{}) else []
}

",0,days,false,false
295,ir.actions.server,action,"list,form","{""en_US"": ""获取企业微信公众号"", ""zh_CN"": ""获取企业微信公众号""}",5,676,api_parser_action,code,galaxy.external.api.dummy,"# Available variables:
#  - env: Odoo Environment on which the action is triggered
#  - model: Odoo Model of the record on which the action is triggered; is a void recordset
#  - record: record on which the action is triggered; may be void
#  - records: recordset of all records on which the action is triggered in multi-mode; may be void
#  - time, datetime, dateutil, timezone: useful Python libraries
#  - float_compare: Odoo function to compare floats based on specific precisions
#  - log: log(message, level='info'): logging function to record debug information in ir.logging table
#  - UserError: Warning Exception to use with raise
#  - Command: x2Many commands namespace
# To return an action, assign: action = {...}

action = {
  'datas': env.context.get('response',{}).json().get('result',{}).get('items',[]) if env.context.get('response',{}).json().get('result',{}) else []
}

",0,days,false,false
290,ir.actions.server,action,"list,form","{""en_US"": ""获取企业失信被执行人信息"", ""zh_CN"": ""获取企业失信被执行人信息""}",5,676,api_parser_action,code,galaxy.external.api.dummy,"# Available variables:
#  - env: Odoo Environment on which the action is triggered
#  - model: Odoo Model of the record on which the action is triggered; is a void recordset
#  - record: record on which the action is triggered; may be void
#  - records: recordset of all records on which the action is triggered in multi-mode; may be void
#  - time, datetime, dateutil, timezone: useful Python libraries
#  - float_compare: Odoo function to compare floats based on specific precisions
#  - log: log(message, level='info'): logging function to record debug information in ir.logging table
#  - UserError: Warning Exception to use with raise
#  - Command: x2Many commands namespace
# To return an action, assign: action = {...}

action = {
  'datas': env.context.get('response',{}).json().get('result',{}).get('items',[]) if env.context.get('response',{}).json().get('result',{}) else []
}

",0,days,false,false
296,ir.actions.server,action,"list,form","{""en_US"": ""获取企业资质证书信息"", ""zh_CN"": ""获取企业资质证书信息""}",5,676,api_parser_action,code,galaxy.external.api.dummy,"# Available variables:
#  - env: Odoo Environment on which the action is triggered
#  - model: Odoo Model of the record on which the action is triggered; is a void recordset
#  - record: record on which the action is triggered; may be void
#  - records: recordset of all records on which the action is triggered in multi-mode; may be void
#  - time, datetime, dateutil, timezone: useful Python libraries
#  - float_compare: Odoo function to compare floats based on specific precisions
#  - log: log(message, level='info'): logging function to record debug information in ir.logging table
#  - UserError: Warning Exception to use with raise
#  - Command: x2Many commands namespace
# To return an action, assign: action = {...}

action = {
  'datas': env.context.get('response',{}).json().get('result',{}).get('items',[]) if env.context.get('response',{}).json().get('result',{}) else []
}

",0,days,false,false
325,ir.actions.server,action,"list,form","{""en_US"": ""获取评测结果"", ""zh_CN"": ""获取评测结果""}",5,676,api_parser_action,code,galaxy.external.api.dummy,"# Available variables:
#  - env: Odoo Environment on which the action is triggered
#  - model: Odoo Model of the record on which the action is triggered; is a void recordset
#  - record: record on which the action is triggered; may be void
#  - records: recordset of all records on which the action is triggered in multi-mode; may be void
#  - time, datetime, dateutil, timezone: useful Python libraries
#  - float_compare: Odoo function to compare floats based on specific precisions
#  - log: log(message, level='info'): logging function to record debug information in ir.logging table
#  - UserError: Warning Exception to use with raise
#  - Command: x2Many commands namespace
# To return an action, assign: action = {...}
assessment_result = {
  'Accept': '通过',
  'Reject': '拒绝',
  'Review': '复议',
}
data = {
  'final_decision': '未查询到结果'
}
RiskStrategy = env.context.get('response',{}).json().get('RiskStrategy', {})
final_decision = RiskStrategy and RiskStrategy.get('final_decision', '-')
for key in assessment_result.keys():
  if key == final_decision:
    data.update({
      'final_decision': assessment_result.get(key)
    })
action = {
  'data': data,
  'code': 'Final_Decision'
}

",0,days,false,false
316,ir.actions.server,action,"list,form","{""en_US"": ""获取自然人识别信息"", ""zh_CN"": ""获取自然人识别信息""}",5,676,api_parser_action,code,galaxy.external.api.dummy,"# Available variables:
#  - env: Odoo Environment on which the action is triggered
#  - model: Odoo Model of the record on which the action is triggered; is a void recordset
#  - record: record on which the action is triggered; may be void
#  - records: recordset of all records on which the action is triggered in multi-mode; may be void
#  - time, datetime, dateutil, timezone: useful Python libraries
#  - float_compare: Odoo function to compare floats based on specific precisions
#  - log: log(message, level='info'): logging function to record debug information in ir.logging table
#  - UserError: Warning Exception to use with raise
#  - Command: x2Many commands namespace
# To return an action, assign: action = {...}

data = env.context.get('response',{}).json().get('Flag', {}) and env.context.get('response',{}).json().get('Flag', {}).get('badinfo','-')
new_data = {
  'person_check_item': '身份证号、姓名、手机号',
  'result': '未查询到结果'
}
if data and data[0] == '1':
  new_data.update({
    'result': '命中不良'
  })
if data and data[0] == '0':
  new_data.update({
    'result': '未命中不良'
  })

action = {
  'data': new_data,
  'code': 'person_check'
}

",0,days,false,false
311,ir.actions.server,action,"list,form","{""en_US"": ""获取企业网站备案信息"", ""zh_CN"": ""获取企业网站备案信息""}",5,676,api_parser_action,code,galaxy.external.api.dummy,"# Available variables:
#  - env: Odoo Environment on which the action is triggered
#  - model: Odoo Model of the record on which the action is triggered; is a void recordset
#  - record: record on which the action is triggered; may be void
#  - records: recordset of all records on which the action is triggered in multi-mode; may be void
#  - time, datetime, dateutil, timezone: useful Python libraries
#  - float_compare: Odoo function to compare floats based on specific precisions
#  - log: log(message, level='info'): logging function to record debug information in ir.logging table
#  - UserError: Warning Exception to use with raise
#  - Command: x2Many commands namespace
# To return an action, assign: action = {...}
datas = env.context.get('response',{}).json().get('result',{}).get('items',[]) if env.context.get('response',{}).json().get('result',{}) else []
new_datas = []
for data in datas:
  new_data = {}
  new_data.update({
    'webSite':data.get('webSite')[0] if data.get('webSite') else data.get('ym'),
    'ym': data.get('ym'),
    'name': data.get('webName') if data.get('webName') else data.get('ym'),
  })
  new_datas.append(new_data)
  
action = {
  'datas': new_datas,
}

",0,days,false,false
297,ir.actions.server,action,"list,form","{""en_US"": ""获取企业供应商信息"", ""zh_CN"": ""获取企业供应商信息""}",5,676,api_parser_action,code,galaxy.external.api.dummy,"# Available variables:
#  - env: Odoo Environment on which the action is triggered
#  - model: Odoo Model of the record on which the action is triggered; is a void recordset
#  - record: record on which the action is triggered; may be void
#  - records: recordset of all records on which the action is triggered in multi-mode; may be void
#  - time, datetime, dateutil, timezone: useful Python libraries
#  - float_compare: Odoo function to compare floats based on specific precisions
#  - log: log(message, level='info'): logging function to record debug information in ir.logging table
#  - UserError: Warning Exception to use with raise
#  - Command: x2Many commands namespace
# To return an action, assign: action = {...}
result = env.context.get('response',{}).json().get('result',{})
pageBean = result and result.get('pageBean',{})
datas = pageBean and pageBean.get('result',[])
action = {
  'datas': datas
}

",0,days,false,false
315,ir.actions.server,action,"list,form","{""en_US"": ""获取验证规则权重"", ""zh_CN"": ""获取验证规则权重""}",5,676,api_parser_action,code,galaxy.external.api.dummy,"# Available variables:
#  - env: Odoo Environment on which the action is triggered
#  - model: Odoo Model of the record on which the action is triggered; is a void recordset
#  - record: record on which the action is triggered; may be void
#  - records: recordset of all records on which the action is triggered in multi-mode; may be void
#  - time, datetime, dateutil, timezone: useful Python libraries
#  - float_compare: Odoo function to compare floats based on specific precisions
#  - log: log(message, level='info'): logging function to record debug information in ir.logging table
#  - UserError: Warning Exception to use with raise
#  - Command: x2Many commands namespace
# To return an action, assign: action = {...}

action = {
  'data': env.context.get('response',{}).json().get('InfoVerification', {}),
  'code': 'Final_Weight'
}

",0,days,false,false
298,ir.actions.server,action,"list,form","{""en_US"": ""获取企业客户信息"", ""zh_CN"": ""获取企业客户信息""}",5,676,api_parser_action,code,galaxy.external.api.dummy,"# Available variables:
#  - env: Odoo Environment on which the action is triggered
#  - model: Odoo Model of the record on which the action is triggered; is a void recordset
#  - record: record on which the action is triggered; may be void
#  - records: recordset of all records on which the action is triggered in multi-mode; may be void
#  - time, datetime, dateutil, timezone: useful Python libraries
#  - float_compare: Odoo function to compare floats based on specific precisions
#  - log: log(message, level='info'): logging function to record debug information in ir.logging table
#  - UserError: Warning Exception to use with raise
#  - Command: x2Many commands namespace
# To return an action, assign: action = {...}

result = env.context.get('response',{}).json().get('result',{})
pageBean = result and result.get('pageBean',{})
datas = pageBean and pageBean.get('result',[])
action = {
  'datas': datas
}

",0,days,false,false
345,ir.actions.server,action,"list,form","{""en_US"": ""接口请求结果处理（身份证二要素验证）"", ""zh_CN"": ""接口请求结果处理（身份证二要素验证）""}",5,676,api_post_action,code,galaxy.external.api.dummy,"# Available variables:
#  - env: Odoo Environment on which the action is triggered
#  - model: Odoo Model of the record on which the action is triggered; is a void recordset
#  - record: record on which the action is triggered; may be void
#  - records: recordset of all records on which the action is triggered in multi-mode; may be void
#  - time, datetime, dateutil, timezone: useful Python libraries
#  - float_compare: Odoo function to compare floats based on specific precisions
#  - log: log(message, level='info'): logging function to record debug information in ir.logging table
#  - UserError: Warning Exception to use with raise
#  - Command: x2Many commands namespace
# To return an action, assign: action = {...}

response = env.context.get('response',{})
if response.status_code != 200:
  log(f'身份证二要素验证失败 code:{response.status_code} Content:{response.content}', level='info')
  raise UserError('身份证二要素验证失败，请检查当前照片是否清晰，是否信息有误，或更换照片！')
",0,days,false,false
299,ir.actions.server,action,"list,form","{""en_US"": ""获取身份证照片"", ""zh_CN"": ""获取身份证照片""}",5,676,api_pre_action,code,galaxy.external.api.dummy,"# Available variables:
#  - env: Odoo Environment on which the action is triggered
#  - model: Odoo Model of the record on which the action is triggered; is a void recordset
#  - record: record on which the action is triggered; may be void
#  - records: recordset of all records on which the action is triggered in multi-mode; may be void
#  - time, datetime, dateutil, timezone: useful Python libraries
#  - float_compare: Odoo function to compare floats based on specific precisions
#  - log: log(message, level='info'): logging function to record debug information in ir.logging table
#  - UserError: Warning Exception to use with raise
#  - Command: x2Many commands namespace
# To return an action, assign: action = {...}

action = {
  'body': {
    'image': env['res.partner.idcard.image'].browse(53).image_1920.decode('utf-8')
  }
}

",0,days,false,false
300,ir.actions.server,action,"list,form","{""en_US"": ""获取企业行政处罚信息"", ""zh_CN"": ""获取企业行政处罚信息""}",5,676,api_parser_action,code,galaxy.external.api.dummy,"# Available variables:
#  - env: Odoo Environment on which the action is triggered
#  - model: Odoo Model of the record on which the action is triggered; is a void recordset
#  - record: record on which the action is triggered; may be void
#  - records: recordset of all records on which the action is triggered in multi-mode; may be void
#  - time, datetime, dateutil, timezone: useful Python libraries
#  - float_compare: Odoo function to compare floats based on specific precisions
#  - log: log(message, level='info'): logging function to record debug information in ir.logging table
#  - UserError: Warning Exception to use with raise
#  - Command: x2Many commands namespace
# To return an action, assign: action = {...}

action = {
  'datas': env.context.get('response',{}).json().get('result',{}).get('items',[]) if env.context.get('response',{}).json().get('result',{}) else []
}

",0,days,false,false
314,ir.actions.server,action,"list,form","{""en_US"": ""获取验证规则详情"", ""zh_CN"": ""获取验证规则详情""}",5,676,api_parser_action,code,galaxy.external.api.dummy,"# Available variables:
#  - env: Odoo Environment on which the action is triggered
#  - model: Odoo Model of the record on which the action is triggered; is a void recordset
#  - record: record on which the action is triggered; may be void
#  - records: recordset of all records on which the action is triggered in multi-mode; may be void
#  - time, datetime, dateutil, timezone: useful Python libraries
#  - float_compare: Odoo function to compare floats based on specific precisions
#  - log: log(message, level='info'): logging function to record debug information in ir.logging table
#  - UserError: Warning Exception to use with raise
#  - Command: x2Many commands namespace
# To return an action, assign: action = {...}
Rule_list = {
  'rule_c_telcheck_s': '信息验证规则-手机三要素简版_移动联通电信',
  'rule_c_telperiod': '信息验证规则-手机在网时长',
  'rule_c_idtwo_z': '信息验证规则-身份证二要素验证',
  'rule_c_telstatus': '信息验证规则-手机在网状态',
  'rule_c_courtdetailpro': '信息验证规则-法院信息详情个人高级版',
  'rule_c_badinfo': '信息验证规则-自然人识别'
}

verification_hit_rules = env.context.get('response',{}).json().get('InfoVerification', {}).get('hit_rules', {}) if env.context.get('response',{}).json().get('InfoVerification', {}) else {}
info_verification_list = []
rules_name = ''
for rules in verification_hit_rules.keys():
  rule_entry = verification_hit_rules.get(rules, {})
  for rule in Rule_list.keys():
    if rules == rule:
      rules_name = Rule_list.get(rule)
  
  for rule_name in rule_entry.keys():
    info_verification_list.append({
      'rule': rules_name,
      'name_rule': rule_entry.get(rule_name, {}).get('name_rule', '-'),
      'weight':  rule_entry.get(rule_name, {}).get('weight', '-'),
    })
      
action = {
  'datas': info_verification_list,
  'code': 'InfoVerification'
}

",0,days,false,false
337,ir.actions.server,action,"list,form","{""en_US"": ""获取借贷风险勘测信息"", ""zh_CN"": ""获取借贷风险勘测信息""}",5,676,api_parser_action,code,galaxy.external.api.dummy,"# Available variables:
#  - env: Odoo Environment on which the action is triggered
#  - model: Odoo Model of the record on which the action is triggered; is a void recordset
#  - record: record on which the action is triggered; may be void
#  - records: recordset of all records on which the action is triggered in multi-mode; may be void
#  - time, datetime, dateutil, timezone: useful Python libraries
#  - float_compare: Odoo function to compare floats based on specific precisions
#  - log: log(message, level='info'): logging function to record debug information in ir.logging table
#  - UserError: Warning Exception to use with raise
#  - Command: x2Many commands namespace
# To return an action, assign: action = {...}

data = env.context.get('response',{}).json().get('ApplyLoanUsury',{}) or {}
month_list = ['d7', 'd15', 'm1', 'm3', 'm6', 'm12',]
applyLoanUsury = {}
for month in month_list:
  applyLoanUsury.update({
    'allnum_'+month: data.get(month, {}).get('id', {}).get('allnum', '-') + '/' + data.get(month, {}).get('cell', {}).get('allnum', '-'),
    'orgnum_'+month: data.get(month, {}).get('id', {}).get('orgnum', '-') + '/' + data.get(month, {}).get('cell', {}).get('orgnum', '-'),
  })
applyLoanUsury.update({
  'name': '借贷情况'
})

action = {
  'data': applyLoanUsury,
  'code': 'ApplyLoanUsury'
}

",0,days,false,false
326,ir.actions.server,action,"list,form","{""en_US"": ""获取反欺诈规则详情"", ""zh_CN"": ""获取反欺诈规则详情""}",5,676,api_parser_action,code,galaxy.external.api.dummy,"# Available variables:
#  - env: Odoo Environment on which the action is triggered
#  - model: Odoo Model of the record on which the action is triggered; is a void recordset
#  - record: record on which the action is triggered; may be void
#  - records: recordset of all records on which the action is triggered in multi-mode; may be void
#  - time, datetime, dateutil, timezone: useful Python libraries
#  - float_compare: Odoo function to compare floats based on specific precisions
#  - log: log(message, level='info'): logging function to record debug information in ir.logging table
#  - UserError: Warning Exception to use with raise
#  - Command: x2Many commands namespace
# To return an action, assign: action = {...}

Rule_list = {
  'ruleapplyloan': '反欺诈规则-借贷意向验证-通用',
  'ruleexecutionjud': '反欺诈规则-法院裁判文书',
  'ruleexecutionlimited': '反欺诈规则-法院被执行人限高版',
  'ruleexecutionpro': '反欺诈规则-法院被执行人高级版',
  'ruleexecution': '反欺诈规则-法院被执行人',
  'ruleinforelation_c': '反欺诈规则-申请信息评估-通用-高级',
  'rulespeciallist_c': '反欺诈规则-特殊名单验证',
  'rule_c_keyattribution': '反欺诈规则-身份证号手机号归属地',
  'rule_d_applyloanusury': '反欺诈规则-借贷风险勘测',
  'rule_d_debtrepaystress': '反欺诈规则-偿债压力指数',
  'rule_d_fraudrelation_g': '反欺诈规则-团伙欺诈排查(通用版)',
  'rule_d_totalloan': '反欺诈规则-借贷行为验证'
}

anti_fraud_hit_rules = env.context.get('response',{}).json().get('Rule', {}).get('hit_rules', {}) if env.context.get('response',{}).json().get('Rule', {}) else {}
anti_fraud_list = []
rules_name = ''
for rules in anti_fraud_hit_rules.keys():
  rule_entry = anti_fraud_hit_rules.get(rules, {})
  for rule in Rule_list.keys():
    if rules == rule:
      rules_name = Rule_list.get(rule)
  
  for rule_name in rule_entry.keys():
    anti_fraud_list.append({
      'rule': rules_name,
      'name_rule': rule_entry.get(rule_name, {}).get('name_rule', '-'),
      'weight':  rule_entry.get(rule_name, {}).get('weight', '-'),
    })
      
action = {
  'datas': anti_fraud_list,
  'code': 'Rule_info'
}


",0,days,false,false
318,ir.actions.server,action,"list,form","{""en_US"": ""获取手机三要素信息"", ""zh_CN"": ""获取手机三要素信息""}",5,676,api_parser_action,code,galaxy.external.api.dummy,"# Available variables:
#  - env: Odoo Environment on which the action is triggered
#  - model: Odoo Model of the record on which the action is triggered; is a void recordset
#  - record: record on which the action is triggered; may be void
#  - records: recordset of all records on which the action is triggered in multi-mode; may be void
#  - time, datetime, dateutil, timezone: useful Python libraries
#  - float_compare: Odoo function to compare floats based on specific precisions
#  - log: log(message, level='info'): logging function to record debug information in ir.logging table
#  - UserError: Warning Exception to use with raise
#  - Command: x2Many commands namespace
# To return an action, assign: action = {...}

data = env.context.get('response',{}).json().get('TelCheck_s', {}).get('result', '-') if env.context.get('response',{}).json().get('TelCheck_s', {}) else (),
new_data = {
  'person_check_item': '身份证号、姓名',
  'result': '未查询到结果'
}
if data[0] == '0':
  new_data.update({
    'result': '查无此号'
  })
if data[0] == '1':
  new_data.update({
    'result': '一致'
  })
if data[0] == '2':
  new_data.update({
    'result': '不一致'
  })

action = {
  'data': new_data,
  'code': 'Tel_Check'
}

",0,days,false,false
302,ir.actions.server,action,"list,form","{""en_US"": ""获取企业抵押登记信息"", ""zh_CN"": ""获取企业抵押登记信息""}",5,676,api_parser_action,code,galaxy.external.api.dummy,"# Available variables:
#  - env: Odoo Environment on which the action is triggered
#  - model: Odoo Model of the record on which the action is triggered; is a void recordset
#  - record: record on which the action is triggered; may be void
#  - records: recordset of all records on which the action is triggered in multi-mode; may be void
#  - time, datetime, dateutil, timezone: useful Python libraries
#  - float_compare: Odoo function to compare floats based on specific precisions
#  - log: log(message, level='info'): logging function to record debug information in ir.logging table
#  - UserError: Warning Exception to use with raise
#  - Command: x2Many commands namespace
# To return an action, assign: action = {...}

datas = env.context.get('response',{}).json().get('result',{}).get('items',[]) if env.context.get('response',{}).json().get('result',{}) else []
new_datas = datas[:]
for data in new_datas:
  for key in data.get('baseInfo',{}).keys():
    data.update({
      key: data.get('baseInfo',{}).get(key)
    })
    
  people_name = ''  
  for people in data.get('peopleInfo'):
    people_name = people_name + ',' + people.get('peopleName') if people_name else people.get('peopleName')
    
  data.update({
    'people_name': people_name
  })
action = {
  'datas': new_datas
}

",0,days,false,false
276,ir.actions.server,action,"list,form","{""en_US"": ""获取企业股东"", ""zh_CN"": ""获取企业股东""}",5,676,api_parser_action,code,galaxy.external.api.dummy,"# Available variables:
#  - env: Odoo Environment on which the action is triggered
#  - model: Odoo Model of the record on which the action is triggered; is a void recordset
#  - record: record on which the action is triggered; may be void
#  - records: recordset of all records on which the action is triggered in multi-mode; may be void
#  - time, datetime, dateutil, timezone: useful Python libraries
#  - float_compare: Odoo function to compare floats based on specific precisions
#  - log: log(message, level='info'): logging function to record debug information in ir.logging table
#  - UserError: Warning Exception to use with raise
#  - Command: x2Many commands namespace
# To return an action, assign: action = {...}

datas = env.context.get('response',{}).json().get('result', {}).get('items', []) if env.context.get('response',{}).json().get('result',{}) else []
for data in datas:
  for capital in data.get('capital'):
    for key1 in capital.keys():
      data.update({
        'capital_'+key1: capital.get(key1)
      })
  for capitalActl in data.get('capitalActl'):
    for key2 in capital.keys():
      data.update({
        'capitalActl_'+key2: capital.get(key2)
      })

action = {
  'datas': datas,
  'code': 'Stock'
}

",0,days,false,false
330,ir.actions.server,action,"list,form","{""en_US"": ""获取法院裁判文书信息"", ""zh_CN"": ""获取法院裁判文书信息""}",5,676,api_parser_action,code,galaxy.external.api.dummy,"# Available variables:
#  - env: Odoo Environment on which the action is triggered
#  - model: Odoo Model of the record on which the action is triggered; is a void recordset
#  - record: record on which the action is triggered; may be void
#  - records: recordset of all records on which the action is triggered in multi-mode; may be void
#  - time, datetime, dateutil, timezone: useful Python libraries
#  - float_compare: Odoo function to compare floats based on specific precisions
#  - log: log(message, level='info'): logging function to record debug information in ir.logging table
#  - UserError: Warning Exception to use with raise
#  - Command: x2Many commands namespace
# To return an action, assign: action = {...}

executionJud_list = []
executionJud = env.context.get('response',{}).json().get('ExecutionJud', {}) or {}
for key in executionJud.keys():
  executionJud_list.append({
    'name': executionJud.get(key, {}).get('name', '-') or '-',
    'body': executionJud.get(key, {}).get('body', '-') or '-',
    'caseCause': executionJud.get(key, {}).get('caseCause', '-') or '-',
    'caseNo': executionJud.get(key, {}).get('caseNo', '-') or '-',
    'court': executionJud.get(key, {}).get('court', '-') or '-',
    'judgeResult': executionJud.get(key, {}).get('judgeResult', '-') or '-',
    'sortTimeString': executionJud.get(key, {}).get('sortTimeString', '-') or '-',
    'trialProcedure': executionJud.get(key, {}).get('trialProcedure', '-') or '-',
    'foundation': executionJud.get(key, {}).get('foundation', '-') or '-',
    'courtRank': executionJud.get(key, {}).get('courtRank', '-') or '-',
    'eventLevel': executionJud.get(key, {}).get('eventLevel', '-') or '-',
    'caseTypeS': executionJud.get(key, {}).get('caseTypeS', '-') or '-',
    'matchRatio': executionJud.get(key, {}).get('matchRatio', '-') or '-',
    'pname': executionJud.get(key, {}).get('pname', '-') or '-',
    'partyType': executionJud.get(key, {}).get('partyType', '-') or '-',
    'partyPosition': executionJud.get(key, {}).get('partyPosition', '-') or '-',
    'partyTitle': executionJud.get(key, {}).get('partyTitle', '-') or '-',
    'partyFee': executionJud.get(key, {}).get('partyFee', '-') or '-',
    'partyResult': executionJud.get(key, {}).get('partyResult', '-') or '-',
  })

action = {
  'datas': executionJud_list,
  'code': 'ExecutionJud'
}


",0,days,false,false
332,ir.actions.server,action,"list,form","{""en_US"": ""获取特殊名单验证信息"", ""zh_CN"": ""获取特殊名单验证信息""}",5,676,api_parser_action,code,galaxy.external.api.dummy,"# Available variables:
#  - env: Odoo Environment on which the action is triggered
#  - model: Odoo Model of the record on which the action is triggered; is a void recordset
#  - record: record on which the action is triggered; may be void
#  - records: recordset of all records on which the action is triggered in multi-mode; may be void
#  - time, datetime, dateutil, timezone: useful Python libraries
#  - float_compare: Odoo function to compare floats based on specific precisions
#  - log: log(message, level='info'): logging function to record debug information in ir.logging table
#  - UserError: Warning Exception to use with raise
#  - Command: x2Many commands namespace
# To return an action, assign: action = {...}

name_list = {
  'id_court_bad': '通过身份证号查询法院失信人',
  'id_court_executed': '通过身份证号查询法院被执行人',
  'id_bank_bad': '通过身份证号查询银行(含信用卡)中风险',
  'id_bank_overdue': '通过身份证号查询银行(含信用卡)一般风险',
  'id_bank_fraud': '通过身份证号查询银行(含信用卡)资信不佳',
  'id_bank_lost': '通过身份证号查询银行(含信用卡)高风险',
  'id_bank_refuse': '通过身份证号查询银行(含信用卡)拒绝',
  'id_nbank_bad': '通过身份证号查询非银(含全部非银类型)中风险',
  'id_nbank_overdue': '通过身份证号查询非银(含全部非银类型)一般风险',
  'id_nbank_fraud': '通过身份证号查询非银(含全部非银类型)资信不佳',
  'id_nbank_lost': '通过身份证号查询非银(含全部非银类型)高风险',
  'id_nbank_refuse': '通过身份证号查询非银(含全部非银类型)拒绝',
  'id_nbank_nsloan_bad': '通过身份证号查询非银-持牌网络小贷中风险',
  'id_nbank_nsloan_overdue': '通过身份证号查询非银-持牌网络小贷一般风险',
  'id_nbank_nsloan_fraud': '通过身份证号查询非银-持牌网络小贷资信不佳',
  'id_nbank_nsloan_lost': '通过身份证号查询非银-持牌网络小贷高风险',
  'id_nbank_nsloan_refuse': '通过身份证号查询非银-持牌网络小贷拒绝',
  'id_nbank_sloan_bad': '通过身份证号查询非银-持牌小贷中风险',
  'id_nbank_sloan_overdue': '通过身份证号查询非银-持牌小贷一般风险',
  'id_nbank_sloan_fraud': '通过身份证号查询非银-持牌小贷资信不佳',
  'id_nbank_sloan_lost': '通过身份证号查询非银-持牌小贷高风险',
  'id_nbank_sloan_refuse': '通过身份证号查询非银-持牌小贷拒绝',
  'id_nbank_cons_bad': '通过身份证号查询非银-持牌消费金融中风险',
  'id_nbank_cons_overdue': '通过身份证号查询非银-持牌消费金融一般风险',
  'id_nbank_cons_fraud': '通过身份证号查询非银-持牌消费金融资信不佳',
  'id_nbank_cons_lost': '通过身份证号查询非银-持牌消费金融高风险',
  'id_nbank_cons_refuse': '通过身份证号查询非银-持牌消费金融拒绝',
  'id_nbank_finlea_bad': '通过身份证号查询非银-持牌融资租赁中风险',
  'id_nbank_finlea_overdue': '通过身份证号查询非银-持牌融资租赁一般风险',
  'id_nbank_finlea_fraud': '通过身份证号查询非银-持牌融资租赁资信不佳',
  'id_nbank_finlea_lost': '通过身份证号查询非银-持牌融资租赁高风险',
  'id_nbank_finlea_refuse': '通过身份证号查询非银-持牌融资租赁拒绝',
  'id_nbank_autofin_bad': '通过身份证号查询非银-持牌汽车金融中风险',
  'id_nbank_autofin_overdue': '通过身份证号查询非银-持牌汽车金融一般风险',
  'id_nbank_autofin_fraud': '通过身份证号查询非银-持牌汽车金融资信不佳',
  'id_nbank_autofin_lost': '通过身份证号查询非银-持牌汽车金融高风险',
  'id_nbank_autofin_refuse': '通过身份证号查询非银-持牌汽车金融拒绝',
  'id_nbank_other_bad': '通过身份证号查询非银-其他中风险',
  'id_nbank_other_overdue': '通过身份证号查询非银-其他一般风险',
  'id_nbank_other_fraud': '通过身份证号查询非银-其他资信不佳',
  'id_nbank_other_lost': '通过身份证号查询非银-其他高风险',
  'id_nbank_other_refuse': '通过身份证号查询非银-其他拒绝',
  'cell_bank_bad': '通过手机号查询银行(含信用卡)中风险',
  'cell_bank_overdue': '通过手机号查询银行(含信用卡)一般风险',
  'cell_bank_fraud': '通过手机号查询银行(含信用卡)资信不佳',
  'cell_bank_lost': '通过手机号查询银行(含信用卡)高风险',
  'cell_bank_refuse': '通过手机号查询银行(含信用卡)拒绝',
  'cell_nbank_bad': '通过手机号查询非银(含全部非银类型)中风险',
  'cell_nbank_overdue': '通过手机号查询非银(含全部非银类型)一般风险',
  'cell_nbank_fraud': '通过手机号查询非银(含全部非银类型)资信不佳',
  'cell_nbank_lost': '通过手机号查询非银(含全部非银类型)高风险',
  'cell_nbank_refuse': '通过手机号查询非银(含全部非银类型)拒绝',
  'cell_nbank_nsloan_bad': '通过手机号查询非银-持牌网络小贷中风险',
  'cell_nbank_nsloan_overdue': '通过手机号查询非银-持牌网络小贷一般风险',
  'cell_nbank_nsloan_fraud': '通过手机号查询非银-持牌网络小贷资信不佳',
  'cell_nbank_nsloan_lost': '通过手机号查询非银-持牌网络小贷高风险',
  'cell_nbank_nsloan_refuse': '通过手机号查询非银-持牌网络小贷拒绝',
  'cell_nbank_sloan_bad': '通过手机号查询非银-持牌小贷中风险',
  'cell_nbank_sloan_overdue': '通过手机号查询非银-持牌小贷一般风险',
  'cell_nbank_sloan_fraud': '通过手机号查询非银-持牌小贷资信不佳',
  'cell_nbank_sloan_lost': '通过手机号查询非银-持牌小贷高风险',
  'cell_nbank_sloan_refuse': '通过手机号查询非银-持牌小贷拒绝',
  'cell_nbank_cons_bad': '通过手机号查询非银-持牌消费金融中风险',
  'cell_nbank_cons_overdue': '通过手机号查询非银-持牌消费金融一般风险',
  'cell_nbank_cons_fraud': '通过手机号查询非银-持牌消费金融资信不佳',
  'cell_nbank_cons_lost': '通过手机号查询非银-持牌消费金融高风险',
  'cell_nbank_cons_refuse': '通过手机号查询非银-持牌消费金融拒绝',
  'cell_nbank_finlea_bad': '通过手机号查询非银-持牌融资租赁中风险',
  'cell_nbank_finlea_overdue': '通过手机号查询非银-持牌融资租赁一般风险',
  'cell_nbank_finlea_fraud': '通过手机号查询非银-持牌融资租赁资信不佳',
  'cell_nbank_finlea_lost': '通过手机号查询非银-持牌融资租赁高风险',
  'cell_nbank_finlea_refuse': '通过手机号查询非银-持牌融资租赁拒绝',
  'cell_nbank_autofin_bad': '通过手机号查询非银-持牌汽车金融中风险',
  'cell_nbank_autofin_overdue': '通过手机号查询非银-持牌汽车金融一般风险',
  'cell_nbank_autofin_fraud': '通过手机号查询非银-持牌汽车金融资信不佳',
  'cell_nbank_autofin_lost': '通过手机号查询非银-持牌汽车金融高风险',
  'cell_nbank_autofin_refuse': '通过手机号查询非银-持牌汽车金融拒绝',
  'cell_nbank_other_bad': '通过手机号查询非银-其他中风险',
  'cell_nbank_other_overdue': '通过手机号查询非银-其他一般风险',
  'cell_nbank_other_fraud': '通过手机号查询非银-其他资信不佳',
  'cell_nbank_other_lost': '通过手机号查询非银-其他高风险',
  'cell_nbank_other_refuse': '通过手机号查询非银-其他拒绝',
  'lm_cell_bank_bad': '通过联系人手机查询银行(含信用卡)中风险',
  'lm_cell_bank_overdue': '通过联系人手机查询银行(含信用卡)一般风险',
  'lm_cell_bank_fraud': '通过联系人手机查询银行(含信用卡)资信不佳',
  'lm_cell_bank_lost': '通过联系人手机查询银行(含信用卡)高风险',
  'lm_cell_bank_refuse': '通过联系人手机查询银行(含信用卡)拒绝',
  'lm_cell_nbank_bad': '通过联系人手机号查询非银(含全部非银类型)中风险',
  'lm_cell_nbank_overdue': '通过联系人手机号查询非银(含全部非银类型)一般风险',
  'lm_cell_nbank_fraud': '通过联系人手机号查询非银(含全部非银类型)资信不佳',
  'lm_cell_nbank_lost': '通过联系人手机号查询非银(含全部非银类型)高风险',
  'lm_cell_nbank_refuse': '通过联系人手机号查询非银(含全部非银类型)拒绝',
  'lm_cell_nbank_nsloan_bad': '通过联系人手机号查询非银-持牌网络小贷中风险',
  'lm_cell_nbank_nsloan_overdue': '通过联系人手机号查询非银-持牌网络小贷一般风险',
  'lm_cell_nbank_nsloan_fraud': '通过联系人手机号查询非银-持牌网络小贷资信不佳',
  'lm_cell_nbank_nsloan_lost': '通过联系人手机号查询非银-持牌网络小贷高风险',
  'lm_cell_nbank_nsloan_refuse': '通过联系人手机号查询非银-持牌网络小贷拒绝',
  'lm_cell_nbank_sloan_bad': '通过联系人手机号查询非银-持牌小贷中风险',
  'lm_cell_nbank_sloan_overdue': '通过联系人手机号查询非银-持牌小贷一般风险',
  'lm_cell_nbank_sloan_fraud': '通过联系人手机号查询非银-持牌小贷资信不佳',
  'lm_cell_nbank_sloan_lost': '通过联系人手机号查询非银-持牌小贷高风险',
  'lm_cell_nbank_sloan_refuse': '通过联系人手机号查询非银-持牌小贷拒绝',
  'lm_cell_nbank_cons_bad': '通过联系人手机号查询非银-持牌消费金融中风险',
  'lm_cell_nbank_cons_overdue': '通过联系人手机号查询非银-持牌消费金融一般风险',
  'lm_cell_nbank_cons_fraud': '通过联系人手机号查询非银-持牌消费金融资信不佳',
  'lm_cell_nbank_cons_lost': '通过联系人手机号查询非银-持牌消费金融高风险',
  'lm_cell_nbank_cons_refuse': '通过联系人手机号查询非银-持牌消费金融拒绝',
  'lm_cell_nbank_finlea_bad': '通过联系人手机号查询非银-持牌融资租赁中风险',
  'lm_cell_nbank_finlea_overdue': '通过联系人手机号查询非银-持牌融资租赁一般风险',
  'lm_cell_nbank_finlea_fraud': '通过联系人手机号查询非银-持牌融资租赁资信不佳',
  'lm_cell_nbank_finlea_lost': '通过联系人手机号查询非银-持牌融资租赁高风险',
  'lm_cell_nbank_finlea_refuse': '通过联系人手机号查询非银-持牌融资租赁拒绝',
  'lm_cell_nbank_autofin_bad': '通过联系人手机号查询非银-持牌汽车金融中风险',
  'lm_cell_nbank_autofin_overdue': '通过联系人手机号查询非银-持牌汽车金融一般风险',
  'lm_cell_nbank_autofin_fraud': '通过联系人手机号查询非银-持牌汽车金融资信不佳',
  'lm_cell_nbank_autofin_lost': '通过联系人手机号查询非银-持牌汽车金融高风险',
  'lm_cell_nbank_autofin_refuse': '通过联系人手机号查询非银-持牌汽车金融拒绝',
  'lm_cell_nbank_other_bad': '通过联系人手机查询非银-其他中风险',
  'lm_cell_nbank_other_overdue': '通过联系人手机查询非银-其他一般风险',
  'lm_cell_nbank_other_fraud': '通过联系人手机查询非银-其他资信不佳',
  'lm_cell_nbank_other_lost': '通过联系人手机查询非银-其他高风险',
  'lm_cell_nbank_other_refuse': '通过联系人手机查询非银-其他拒绝',
  'id_court_bad_allnum': '通过身份证号查询法院失信人命中次数',
  'id_court_executed_allnum': '通过身份证号查询法院被执行人命中次数',
  'id_bank_bad_allnum': '通过身份证号查询银行(含信用卡)中风险命中次数',
  'id_bank_overdue_allnum': '通过身份证号查询银行(含信用卡)一般风险命中次数',
  'id_bank_fraud_allnum': '通过身份证号查询银行(含信用卡)资信不佳命中次数',
  'id_bank_lost_allnum': '通过身份证号查询银行(含信用卡)高风险命中次数',
  'id_bank_refuse_allnum': '通过身份证号查询银行(含信用卡)拒绝命中次数',
  'id_nbank_bad_allnum': '通过身份证号查询非银(含全部非银类型)中风险命中次数',
  'id_nbank_overdue_allnum': '通过身份证号查询非银(含全部非银类型)一般风险命中次数',
  'id_nbank_fraud_allnum': '通过身份证号查询非银(含全部非银类型)资信不佳命中次数',
  'id_nbank_lost_allnum': '通过身份证号查询非银(含全部非银类型)高风险命中次数',
  'id_nbank_refuse_allnum': '通过身份证号查询非银(含全部非银类型)拒绝命中次数',
  'id_nbank_nsloan_bad_allnum': '通过身份证号查询非银-持牌网络小贷中风险命中次数',
  'id_nbank_nsloan_overdue_allnum': '通过身份证号查询非银-持牌网络小贷一般风险命中次数',
  'id_nbank_nsloan_fraud_allnum': '通过身份证号查询非银-持牌网络小贷资信不佳命中次数',
  'id_nbank_nsloan_lost_allnum': '通过身份证号查询非银-持牌网络小贷高风险命中次数',
  'id_nbank_nsloan_refuse_allnum': '通过身份证号查询非银-持牌网络小贷拒绝命中次数',
  'id_nbank_sloan_bad_allnum': '通过身份证号查询非银-持牌小贷中风险命中次数',
  'id_nbank_sloan_overdue_allnum': '通过身份证号查询非银-持牌小贷一般风险命中次数',
  'id_nbank_sloan_fraud_allnum': '通过身份证号查询非银-持牌小贷资信不佳命中次数',
  'id_nbank_sloan_lost_allnum': '通过身份证号查询非银-持牌小贷高风险命中次数',
  'id_nbank_sloan_refuse_allnum': '通过身份证号查询非银-持牌小贷拒绝命中次数',
  'id_nbank_cons_bad_allnum': '通过身份证号查询非银-持牌消费金融中风险命中次数',
  'id_nbank_cons_overdue_allnum': '通过身份证号查询非银-持牌消费金融一般风险命中次数',
  'id_nbank_cons_fraud_allnum': '通过身份证号查询非银-持牌消费金融资信不佳命中次数',
  'id_nbank_cons_lost_allnum': '通过身份证号查询非银-持牌消费金融高风险命中次数',
  'id_nbank_cons_refuse_allnum': '通过身份证号查询非银-持牌消费金融拒绝命中次数',
  'id_nbank_finlea_bad_allnum': '通过身份证号查询非银-持牌融资租赁中风险命中次数',
  'id_nbank_finlea_overdue_allnum': '通过身份证号查询非银-持牌融资租赁一般风险命中次数',
  'id_nbank_finlea_fraud_allnum': '通过身份证号查询非银-持牌融资租赁资信不佳命中次数',
  'id_nbank_finlea_lost_allnum': '通过身份证号查询非银-持牌融资租赁高风险命中次数',
  'id_nbank_finlea_refuse_allnum': '通过身份证号查询非银-持牌融资租赁拒绝命中次数',
  'id_nbank_autofin_bad_allnum': '通过身份证号查询非银-持牌汽车金融中风险命中次数',
  'id_nbank_autofin_overdue_allnum': '通过身份证号查询非银-持牌汽车金融一般风险命中次数',
  'id_nbank_autofin_fraud_allnum': '通过身份证号查询非银-持牌汽车金融资信不佳命中次数',
  'id_nbank_autofin_lost_allnum': '通过身份证号查询非银-持牌汽车金融高风险命中次数',
  'id_nbank_autofin_refuse_allnum': '通过身份证号查询非银-持牌汽车金融拒绝命中次数',
  'id_nbank_other_bad_allnum': '通过身份证号查询非银-其他中风险命中次数',
  'id_nbank_other_overdue_allnum': '通过身份证号查询非银-其他一般风险命中次数',
  'id_nbank_other_fraud_allnum': '通过身份证号查询非银-其他资信不佳命中次数',
  'id_nbank_other_lost_allnum': '通过身份证号查询非银-其他高风险命中次数',
  'id_nbank_other_refuse_allnum': '通过身份证号查询非银-其他拒绝命中次数',
  'cell_bank_bad_allnum': '通过手机号查询银行(含信用卡)中风险命中次数',
  'cell_bank_overdue_allnum': '通过手机号查询银行(含信用卡)一般风险命中次数',
  'cell_bank_fraud_allnum': '通过手机号查询银行(含信用卡)资信不佳命中次数',
  'cell_bank_lost_allnum': '通过手机号查询银行(含信用卡)高风险命中次数',
  'cell_bank_refuse_allnum': '通过手机号查询银行(含信用卡)拒绝命中次数',
  'cell_nbank_bad_allnum': '通过手机号查询非银(含全部非银类型)中风险命中次数',
  'cell_nbank_overdue_allnum': '通过手机号查询非银(含全部非银类型)一般风险命中次数',
  'cell_nbank_fraud_allnum': '通过手机号查询非银(含全部非银类型)资信不佳命中次数',
  'cell_nbank_lost_allnum': '通过手机号查询非银(含全部非银类型)高风险命中次数',
  'cell_nbank_refuse_allnum': '通过手机号查询非银(含全部非银类型)拒绝命中次数',
  'cell_nbank_nsloan_bad_allnum': '通过手机号查询非银-持牌网络小贷中风险命中次数',
  'cell_nbank_nsloan_overdue_allnum': '通过手机号查询非银-持牌网络小贷一般风险命中次数',
  'cell_nbank_nsloan_fraud_allnum': '通过手机号查询非银-持牌网络小贷资信不佳命中次数',
  'cell_nbank_nsloan_lost_allnum': '通过手机号查询非银-持牌网络小贷高风险命中次数',
  'cell_nbank_nsloan_refuse_allnum': '通过手机号查询非银-持牌网络小贷拒绝命中次数',
  'cell_nbank_sloan_bad_allnum': '通过手机号查询非银-持牌小贷中风险命中次数',
  'cell_nbank_sloan_overdue_allnum': '通过手机号查询非银-持牌小贷一般风险命中次数',
  'cell_nbank_sloan_fraud_allnum': '通过手机号查询非银-持牌小贷资信不佳命中次数',
  'cell_nbank_sloan_lost_allnum': '通过手机号查询非银-持牌小贷高风险命中次数',
  'cell_nbank_sloan_refuse_allnum': '通过手机号查询非银-持牌小贷拒绝命中次数',
  'cell_nbank_cons_bad_allnum': '通过手机号查询非银-持牌消费金融中风险命中次数',
  'cell_nbank_cons_overdue_allnum': '通过手机号查询非银-持牌消费金融一般风险命中次数',
  'cell_nbank_cons_fraud_allnum': '通过手机号查询非银-持牌消费金融资信不佳命中次数',
  'cell_nbank_cons_lost_allnum': '通过手机号查询非银-持牌消费金融高风险命中次数',
  'cell_nbank_cons_refuse_allnum': '通过手机号查询非银-持牌消费金融拒绝命中次数',
  'cell_nbank_finlea_bad_allnum': '通过手机号查询非银-持牌融资租赁中风险命中次数',
  'cell_nbank_finlea_overdue_allnum': '通过手机号查询非银-持牌融资租赁一般风险命中次数',
  'cell_nbank_finlea_fraud_allnum': '通过手机号查询非银-持牌融资租赁资信不佳命中次数',
  'cell_nbank_finlea_lost_allnum': '通过手机号查询非银-持牌融资租赁高风险命中次数',
  'cell_nbank_finlea_refuse_allnum': '通过手机号查询非银-持牌融资租赁拒绝命中次数',
  'cell_nbank_autofin_bad_allnum': '通过手机号查询非银-持牌汽车金融中风险命中次数',
  'cell_nbank_autofin_overdue_allnum': '通过手机号查询非银-持牌汽车金融一般风险命中次数',
  'cell_nbank_autofin_fraud_allnum': '通过手机号查询非银-持牌汽车金融资信不佳命中次数',
  'cell_nbank_autofin_lost_allnum': '通过手机号查询非银-持牌汽车金融高风险命中次数',
  'cell_nbank_autofin_refuse_allnum': '通过手机号查询非银-持牌汽车金融拒绝命中次数',
  'cell_nbank_other_bad_allnum': '通过手机号查询非银-其他中风险命中次数',
  'cell_nbank_other_overdue_allnum': '通过手机号查询非银-其他一般风险命中次数',
  'cell_nbank_other_fraud_allnum': '通过手机号查询非银-其他资信不佳命中次数',
  'cell_nbank_other_lost_allnum': '通过手机号查询非银-其他高风险命中次数',
  'cell_nbank_other_refuse_allnum': '通过手机号查询非银-其他拒绝命中次数',
  'lm_cell_bank_bad_allnum': '通过联系人手机查询银行(含信用卡)中风险命中次数',
  'lm_cell_bank_overdue_allnum': '通过联系人手机查询银行(含信用卡)一般风险命中次数',
  'lm_cell_bank_fraud_allnum': '通过联系人手机查询银行(含信用卡)资信不佳命中次数',
  'lm_cell_bank_lost_allnum': '通过联系人手机查询银行(含信用卡)高风险命中次数',
  'lm_cell_bank_refuse_allnum': '通过联系人手机查询银行(含信用卡)拒绝命中次数',
  'lm_cell_nbank_bad_allnum': '通过联系人手机号查询非银(含全部非银类型)中风险命中次数',
  'lm_cell_nbank_overdue_allnum': '通过联系人手机号查询非银(含全部非银类型)一般风险命中次数',
  'lm_cell_nbank_fraud_allnum': '通过联系人手机号查询非银(含全部非银类型)资信不佳命中次数',
  'lm_cell_nbank_lost_allnum': '通过联系人手机号查询非银(含全部非银类型)高风险命中次数',
  'lm_cell_nbank_refuse_allnum': '通过联系人手机号查询非银(含全部非银类型)拒绝命中次数',
  'lm_cell_nbank_nsloan_bad_allnum': '通过联系人手机号查询非银-持牌网络小贷中风险命中次数',
  'lm_cell_nbank_nsloan_overdue_allnum': '通过联系人手机号查询非银-持牌网络小贷一般风险命中次数',
  'lm_cell_nbank_nsloan_fraud_allnum': '通过联系人手机号查询非银-持牌网络小贷资信不佳命中次数',
  'lm_cell_nbank_nsloan_lost_allnum': '通过联系人手机号查询非银-持牌网络小贷高风险命中次数',
  'lm_cell_nbank_nsloan_refuse_allnum': '通过联系人手机号查询非银-持牌网络小贷拒绝命中次数',
  'lm_cell_nbank_sloan_bad_allnum': '通过联系人手机号查询非银-持牌小贷中风险命中次数',
  'lm_cell_nbank_sloan_overdue_allnum': '通过联系人手机号查询非银-持牌小贷一般风险命中次数',
  'lm_cell_nbank_sloan_fraud_allnum': '通过联系人手机号查询非银-持牌小贷资信不佳命中次数',
  'lm_cell_nbank_sloan_lost_allnum': '通过联系人手机号查询非银-持牌小贷高风险命中次数',
  'lm_cell_nbank_sloan_refuse_allnum': '通过联系人手机号查询非银-持牌小贷拒绝命中次数',
  'lm_cell_nbank_cons_bad_allnum': '通过联系人手机号查询非银-持牌消费金融中风险命中次数',
  'lm_cell_nbank_cons_overdue_allnum': '通过联系人手机号查询非银-持牌消费金融一般风险命中次数',
  'lm_cell_nbank_cons_fraud_allnum': '通过联系人手机号查询非银-持牌消费金融资信不佳命中次数',
  'lm_cell_nbank_cons_lost_allnum': '通过联系人手机号查询非银-持牌消费金融高风险命中次数',
  'lm_cell_nbank_cons_refuse_allnum': '通过联系人手机号查询非银-持牌消费金融拒绝命中次数',
  'lm_cell_nbank_finlea_bad_allnum': '通过联系人手机号查询非银-持牌融资租赁中风险命中次数',
  'lm_cell_nbank_finlea_overdue_allnum': '通过联系人手机号查询非银-持牌融资租赁一般风险命中次数',
  'lm_cell_nbank_finlea_fraud_allnum': '通过联系人手机号查询非银-持牌融资租赁资信不佳命中次数',
  'lm_cell_nbank_finlea_lost_allnum': '通过联系人手机号查询非银-持牌融资租赁高风险命中次数',
  'lm_cell_nbank_finlea_refuse_allnum': '通过联系人手机号查询非银-持牌融资租赁拒绝命中次数',
  'lm_cell_nbank_autofin_bad_allnum': '通过联系人手机号查询非银-持牌汽车金融中风险命中次数',
  'lm_cell_nbank_autofin_overdue_allnum': '通过联系人手机号查询非银-持牌汽车金融一般风险命中次数',
  'lm_cell_nbank_autofin_fraud_allnum': '通过联系人手机号查询非银-持牌汽车金融资信不佳命中次数',
  'lm_cell_nbank_autofin_lost_allnum': '通过联系人手机号查询非银-持牌汽车金融高风险命中次数',
  'lm_cell_nbank_autofin_refuse_allnum': '通过联系人手机号查询非银-持牌汽车金融拒绝命中次数',
  'lm_cell_nbank_other_bad_allnum': '通过联系人手机查询非银-其他中风险命中次数',
  'lm_cell_nbank_other_overdue_allnum': '通过联系人手机查询非银-其他一般风险命中次数',
  'lm_cell_nbank_other_fraud_allnum': '通过联系人手机查询非银-其他资信不佳命中次数',
  'lm_cell_nbank_other_lost_allnum': '通过联系人手机查询非银-其他高风险命中次数',
  'lm_cell_nbank_other_refuse_allnum': '通过联系人手机查询非银-其他拒绝命中次数',
  'id_court_bad_time': '通过身份证号查询法院失信人距今时间',
  'id_court_executed_time': '通过身份证号查询法院被执行人距今时间',
  'id_bank_bad_time': '通过身份证号查询银行(含信用卡)中风险距今时间',
  'id_bank_overdue_time': '通过身份证号查询银行(含信用卡)一般风险距今时间',
  'id_bank_fraud_time': '通过身份证号查询银行(含信用卡)资信不佳距今时间',
  'id_bank_lost_time': '通过身份证号查询银行(含信用卡)高风险距今时间',
  'id_bank_refuse_time': '通过身份证号查询银行(含信用卡)拒绝距今时间',
  'id_nbank_bad_time': '通过身份证号查询非银(含全部非银类型)中风险距今时间',
  'id_nbank_overdue_time': '通过身份证号查询非银(含全部非银类型)一般风险距今时间',
  'id_nbank_fraud_time': '通过身份证号查询非银(含全部非银类型)资信不佳距今时间',
  'id_nbank_lost_time': '通过身份证号查询非银(含全部非银类型)高风险距今时间',
  'id_nbank_refuse_time': '通过身份证号查询非银(含全部非银类型)拒绝距今时间',
  'id_nbank_nsloan_bad_time': '通过身份证号查询非银-持牌网络小贷中风险距今时间',
  'id_nbank_nsloan_overdue_time': '通过身份证号查询非银-持牌网络小贷一般风险距今时间',
  'id_nbank_nsloan_fraud_time': '通过身份证号查询非银-持牌网络小贷资信不佳距今时间',
  'id_nbank_nsloan_lost_time': '通过身份证号查询非银-持牌网络小贷高风险距今时间',
  'id_nbank_nsloan_refuse_time': '通过身份证号查询非银-持牌网络小贷拒绝距今时间',
  'id_nbank_sloan_bad_time': '通过身份证号查询非银-持牌小贷中风险距今时间',
  'id_nbank_sloan_overdue_time': '通过身份证号查询非银-持牌小贷一般风险距今时间',
  'id_nbank_sloan_fraud_time': '通过身份证号查询非银-持牌小贷资信不佳距今时间',
  'id_nbank_sloan_lost_time': '通过身份证号查询非银-持牌小贷高风险距今时间',
  'id_nbank_sloan_refuse_time': '通过身份证号查询非银-持牌小贷拒绝距今时间',
  'id_nbank_cons_bad_time': '通过身份证号查询非银-持牌消费金融中风险距今时间',
  'id_nbank_cons_overdue_time': '通过身份证号查询非银-持牌消费金融一般风险距今时间',
  'id_nbank_cons_fraud_time': '通过身份证号查询非银-持牌消费金融资信不佳距今时间',
  'id_nbank_cons_lost_time': '通过身份证号查询非银-持牌消费金融高风险距今时间',
  'id_nbank_cons_refuse_time': '通过身份证号查询非银-持牌消费金融拒绝距今时间',
  'id_nbank_finlea_bad_time': '通过身份证号查询非银-持牌融资租赁中风险距今时间',
  'id_nbank_finlea_overdue_time': '通过身份证号查询非银-持牌融资租赁一般风险距今时间',
  'id_nbank_finlea_fraud_time': '通过身份证号查询非银-持牌融资租赁资信不佳距今时间',
  'id_nbank_finlea_lost_time': '通过身份证号查询非银-持牌融资租赁高风险距今时间',
  'id_nbank_finlea_refuse_time': '通过身份证号查询非银-持牌融资租赁拒绝距今时间',
  'id_nbank_autofin_bad_time': '通过身份证号查询非银-持牌汽车金融中风险距今时间',
  'id_nbank_autofin_overdue_time': '通过身份证号查询非银-持牌汽车金融一般风险距今时间',
  'id_nbank_autofin_fraud_time': '通过身份证号查询非银-持牌汽车金融资信不佳距今时间',
  'id_nbank_autofin_lost_time': '通过身份证号查询非银-持牌汽车金融高风险距今时间',
  'id_nbank_autofin_refuse_time': '通过身份证号查询非银-持牌汽车金融拒绝距今时间',
  'id_nbank_other_bad_time': '通过身份证号查询非银-其他中风险距今时间',
  'id_nbank_other_overdue_time': '通过身份证号查询非银-其他一般风险距今时间',
  'id_nbank_other_fraud_time': '通过身份证号查询非银-其他资信不佳距今时间',
  'id_nbank_other_lost_time': '通过身份证号查询非银-其他高风险距今时间',
  'id_nbank_other_refuse_time': '通过身份证号查询非银-其他拒绝距今时间',
  'cell_bank_bad_time': '通过手机号查询银行(含信用卡)中风险距今时间',
  'cell_bank_overdue_time': '通过手机号查询银行(含信用卡)一般风险距今时间',
  'cell_bank_fraud_time': '通过手机号查询银行(含信用卡)资信不佳距今时间',
  'cell_bank_lost_time': '通过手机号查询银行(含信用卡)高风险距今时间',
  'cell_bank_refuse_time': '通过手机号查询银行(含信用卡)拒绝距今时间',
  'cell_nbank_bad_time': '通过手机号查询非银(含全部非银类型)中风险距今时间',
  'cell_nbank_overdue_time': '通过手机号查询非银(含全部非银类型)一般风险距今时间',
  'cell_nbank_fraud_time': '通过手机号查询非银(含全部非银类型)资信不佳距今时间',
  'cell_nbank_lost_time': '通过手机号查询非银(含全部非银类型)高风险距今时间',
  'cell_nbank_refuse_time': '通过手机号查询非银(含全部非银类型)拒绝距今时间',
  'cell_nbank_nsloan_bad_time': '通过手机号查询非银-持牌网络小贷中风险距今时间',
  'cell_nbank_nsloan_overdue_time': '通过手机号查询非银-持牌网络小贷一般风险距今时间',
  'cell_nbank_nsloan_fraud_time': '通过手机号查询非银-持牌网络小贷资信不佳距今时间',
  'cell_nbank_nsloan_lost_time': '通过手机号查询非银-持牌网络小贷高风险距今时间',
  'cell_nbank_nsloan_refuse_time': '通过手机号查询非银-持牌网络小贷拒绝距今时间',
  'cell_nbank_sloan_bad_time': '通过手机号查询非银-持牌小贷中风险距今时间',
  'cell_nbank_sloan_overdue_time': '通过手机号查询非银-持牌小贷一般风险距今时间',
  'cell_nbank_sloan_fraud_time': '通过手机号查询非银-持牌小贷资信不佳距今时间',
  'cell_nbank_sloan_lost_time': '通过手机号查询非银-持牌小贷高风险距今时间',
  'cell_nbank_sloan_refuse_time': '通过手机号查询非银-持牌小贷拒绝距今时间',
  'cell_nbank_cons_bad_time': '通过手机号查询非银-持牌消费金融中风险距今时间',
  'cell_nbank_cons_overdue_time': '通过手机号查询非银-持牌消费金融一般风险距今时间',
  'cell_nbank_cons_fraud_time': '通过手机号查询非银-持牌消费金融资信不佳距今时间',
  'cell_nbank_cons_lost_time': '通过手机号查询非银-持牌消费金融高风险距今时间',
  'cell_nbank_cons_refuse_time': '通过手机号查询非银-持牌消费金融拒绝距今时间',
  'cell_nbank_finlea_bad_time': '通过手机号查询非银-持牌融资租赁中风险距今时间',
  'cell_nbank_finlea_overdue_time': '通过手机号查询非银-持牌融资租赁一般风险距今时间',
  'cell_nbank_finlea_fraud_time': '通过手机号查询非银-持牌融资租赁资信不佳距今时间',
  'cell_nbank_finlea_lost_time': '通过手机号查询非银-持牌融资租赁高风险距今时间',
  'cell_nbank_finlea_refuse_time': '通过手机号查询非银-持牌融资租赁拒绝距今时间',
  'cell_nbank_autofin_bad_time': '通过手机号查询非银-持牌汽车金融中风险距今时间',
  'cell_nbank_autofin_overdue_time': '通过手机号查询非银-持牌汽车金融一般风险距今时间',
  'cell_nbank_autofin_fraud_time': '通过手机号查询非银-持牌汽车金融资信不佳距今时间',
  'cell_nbank_autofin_lost_time': '通过手机号查询非银-持牌汽车金融高风险距今时间',
  'cell_nbank_autofin_refuse_time': '通过手机号查询非银-持牌汽车金融拒绝距今时间',
  'cell_nbank_other_bad_time': '通过手机号查询非银-其他中风险距今时间',
  'cell_nbank_other_overdue_time': '通过手机号查询非银-其他一般风险距今时间',
  'cell_nbank_other_fraud_time': '通过手机号查询非银-其他资信不佳距今时间',
  'cell_nbank_other_lost_time': '通过手机号查询非银-其他高风险距今时间',
  'cell_nbank_other_refuse_time': '通过手机号查询非银-其他拒绝距今时间',
  'lm_cell_bank_bad_time': '通过联系人手机查询银行(含信用卡)中风险距今时间',
  'lm_cell_bank_overdue_time': '通过联系人手机查询银行(含信用卡)一般风险距今时间',
  'lm_cell_bank_fraud_time': '通过联系人手机查询银行(含信用卡)资信不佳距今时间',
  'lm_cell_bank_lost_time': '通过联系人手机查询银行(含信用卡)高风险距今时间',
  'lm_cell_bank_refuse_time': '通过联系人手机查询银行(含信用卡)拒绝距今时间',
  'lm_cell_nbank_bad_time': '通过联系人手机号查询非银(含全部非银类型)中风险距今时间',
  'lm_cell_nbank_overdue_time': '通过联系人手机号查询非银(含全部非银类型)一般风险距今时间',
  'lm_cell_nbank_fraud_time': '通过联系人手机号查询非银(含全部非银类型)资信不佳距今时间',
  'lm_cell_nbank_lost_time': '通过联系人手机号查询非银(含全部非银类型)高风险距今时间',
  'lm_cell_nbank_refuse_time': '通过联系人手机号查询非银(含全部非银类型)拒绝距今时间',
  'lm_cell_nbank_nsloan_bad_time': '通过联系人手机号查询非银-持牌网络小贷中风险距今时间',
  'lm_cell_nbank_nsloan_overdue_time': '通过联系人手机号查询非银-持牌网络小贷一般风险距今时间',
  'lm_cell_nbank_nsloan_fraud_time': '通过联系人手机号查询非银-持牌网络小贷资信不佳距今时间',
  'lm_cell_nbank_nsloan_lost_time': '通过联系人手机号查询非银-持牌网络小贷高风险距今时间',
  'lm_cell_nbank_nsloan_refuse_time': '通过联系人手机号查询非银-持牌网络小贷拒绝距今时间',
  'lm_cell_nbank_sloan_bad_time': '通过联系人手机号查询非银-持牌小贷中风险距今时间',
  'lm_cell_nbank_sloan_overdue_time': '通过联系人手机号查询非银-持牌小贷一般风险距今时间',
  'lm_cell_nbank_sloan_fraud_time': '通过联系人手机号查询非银-持牌小贷资信不佳距今时间',
  'lm_cell_nbank_sloan_lost_time': '通过联系人手机号查询非银-持牌小贷高风险距今时间',
  'lm_cell_nbank_sloan_refuse_time': '通过联系人手机号查询非银-持牌小贷拒绝距今时间',
  'lm_cell_nbank_cons_bad_time': '通过联系人手机号查询非银-持牌消费金融中风险距今时间',
  'lm_cell_nbank_cons_overdue_time': '通过联系人手机号查询非银-持牌消费金融一般风险距今时间',
  'lm_cell_nbank_cons_fraud_time': '通过联系人手机号查询非银-持牌消费金融资信不佳距今时间',
  'lm_cell_nbank_cons_lost_time': '通过联系人手机号查询非银-持牌消费金融高风险距今时间',
  'lm_cell_nbank_cons_refuse_time': '通过联系人手机号查询非银-持牌消费金融拒绝距今时间',
  'lm_cell_nbank_finlea_bad_time': '通过联系人手机号查询非银-持牌融资租赁中风险距今时间',
  'lm_cell_nbank_finlea_overdue_time': '通过联系人手机号查询非银-持牌融资租赁一般风险距今时间',
  'lm_cell_nbank_finlea_fraud_time': '通过联系人手机号查询非银-持牌融资租赁资信不佳距今时间',
  'lm_cell_nbank_finlea_lost_time': '通过联系人手机号查询非银-持牌融资租赁高风险距今时间',
  'lm_cell_nbank_finlea_refuse_time': '通过联系人手机号查询非银-持牌融资租赁拒绝距今时间',
  'lm_cell_nbank_autofin_bad_time': '通过联系人手机号查询非银-持牌汽车金融中风险距今时间',
  'lm_cell_nbank_autofin_overdue_time': '通过联系人手机号查询非银-持牌汽车金融一般风险距今时间',
  'lm_cell_nbank_autofin_fraud_time': '通过联系人手机号查询非银-持牌汽车金融资信不佳距今时间',
  'lm_cell_nbank_autofin_lost_time': '通过联系人手机号查询非银-持牌汽车金融高风险距今时间',
  'lm_cell_nbank_autofin_refuse_time': '通过联系人手机号查询非银-持牌汽车金融拒绝距今时间',
  'lm_cell_nbank_other_bad_time': '通过联系人手机查询非银-其他中风险距今时间',
  'lm_cell_nbank_other_overdue_time': '通过联系人手机查询非银-其他一般风险距今时间',
  'lm_cell_nbank_other_fraud_time': '通过联系人手机查询非银-其他资信不佳距今时间',
  'lm_cell_nbank_other_lost_time': '通过联系人手机查询非银-其他高风险距今时间',
  'lm_cell_nbank_other_refuse_time': '通过联系人手机查询非银-其他拒绝距今时间',
}

specialList_c_list = []
specialList_c = env.context.get('response',{}).json().get('SpecialList_c', {}) or {}
name_value = ''
for key in specialList_c.keys():
  for value in specialList_c.get(key, {}).keys():
    key_value = key + '_' + value
    for name in name_list.keys():
      if key_value == name:
        name_value = name_list.get(name)
    specialList_c_list.append({
      'name': name_value,
      'value': specialList_c.get(key, {}).get(value, '-') or '-',
    })

action = {
  'datas': specialList_c_list,
  'code': 'SpecialList_c'
}


",0,days,false,false
301,ir.actions.server,action,"list,form","{""en_US"": ""获取企业异常名录信息"", ""zh_CN"": ""获取企业异常名录信息""}",5,676,api_parser_action,code,galaxy.external.api.dummy,"# Available variables:
#  - env: Odoo Environment on which the action is triggered
#  - model: Odoo Model of the record on which the action is triggered; is a void recordset
#  - record: record on which the action is triggered; may be void
#  - records: recordset of all records on which the action is triggered in multi-mode; may be void
#  - time, datetime, dateutil, timezone: useful Python libraries
#  - float_compare: Odoo function to compare floats based on specific precisions
#  - log: log(message, level='info'): logging function to record debug information in ir.logging table
#  - UserError: Warning Exception to use with raise
#  - Command: x2Many commands namespace
# To return an action, assign: action = {...}

action = {
  'data': env.context.get('response',{}).json().get('result',{}).get('items', []) if env.context.get('response',{}).json().get('result',{}) else []
}

",0,days,false,false
333,ir.actions.server,action,"list,form","{""en_US"": ""获取借贷意向验证——本人在本机构借贷意向表现信息"", ""zh_CN"": ""获取借贷意向验证——本人在本机构借贷意向表现信息""}",5,676,api_parser_action,code,galaxy.external.api.dummy,"# Available variables:
#  - env: Odoo Environment on which the action is triggered
#  - model: Odoo Model of the record on which the action is triggered; is a void recordset
#  - record: record on which the action is triggered; may be void
#  - records: recordset of all records on which the action is triggered in multi-mode; may be void
#  - time, datetime, dateutil, timezone: useful Python libraries
#  - float_compare: Odoo function to compare floats based on specific precisions
#  - log: log(message, level='info'): logging function to record debug information in ir.logging table
#  - UserError: Warning Exception to use with raise
#  - Command: x2Many commands namespace
# To return an action, assign: action = {...}

def applyLoan_get(apiData, month, id_cell, other, num):
    m_data = apiData.get(month, {})
    m_data = m_data.get(id_cell, {})
    m_data = m_data.get(other, {})
    m_data = m_data.get(num, '-')
    return m_data

data = env.context.get('response',{}).json().get('ApplyLoanStr',{}) or {}
applyLoan_bankapply_list = []
bank_list = ['bank', 'nbank']
month_list = ['d7', 'd15', 'm1', 'm3', 'm6', 'm12',]
for key in bank_list:
  applyLoan_bankapply = {}
  for month in month_list:
    applyLoan_bankapply.update({
      month: applyLoan_get(data, month, 'id', key, 'selfnum') + '/' + applyLoan_get(data, month, 'cell', key, 'selfnum'),
    })
  if key == 'bank':
    applyLoan_bankapply.update({
      'name': '银行'
    })
  else:
    applyLoan_bankapply.update({
      'name': '非银'
    })
  applyLoan_bankapply_list.append(applyLoan_bankapply)

action = {
  'datas': applyLoan_bankapply_list,
  'code': 'ApplyLoan_Bankapply'
}

",0,days,false,false
275,ir.actions.server,action,"list,form","{""en_US"": ""获取企业主要人员"", ""zh_CN"": ""获取企业主要人员""}",5,676,api_parser_action,code,galaxy.external.api.dummy,"# Available variables:
#  - env: Odoo Environment on which the action is triggered
#  - model: Odoo Model of the record on which the action is triggered; is a void recordset
#  - record: record on which the action is triggered; may be void
#  - records: recordset of all records on which the action is triggered in multi-mode; may be void
#  - time, datetime, dateutil, timezone: useful Python libraries
#  - float_compare: Odoo function to compare floats based on specific precisions
#  - log: log(message, level='info'): logging function to record debug information in ir.logging table
#  - UserError: Warning Exception to use with raise
#  - Command: x2Many commands namespace
# To return an action, assign: action = {...}
result = env.context.get('response').json().get('result')
staffList = result and result.get('staffList')
datas = staffList and staffList.get('result')

action = {
    'datas': datas,
    'code': 'Employee'
}

",0,days,false,false
322,ir.actions.server,action,"list,form","{""en_US"": ""获取反欺诈评分"", ""zh_CN"": ""获取反欺诈评分""}",5,676,api_parser_action,code,galaxy.external.api.dummy,"# Available variables:
#  - env: Odoo Environment on which the action is triggered
#  - model: Odoo Model of the record on which the action is triggered; is a void recordset
#  - record: record on which the action is triggered; may be void
#  - records: recordset of all records on which the action is triggered in multi-mode; may be void
#  - time, datetime, dateutil, timezone: useful Python libraries
#  - float_compare: Odoo function to compare floats based on specific precisions
#  - log: log(message, level='info'): logging function to record debug information in ir.logging table
#  - UserError: Warning Exception to use with raise
#  - Command: x2Many commands namespace
# To return an action, assign: action = {...}

action = {
  'data': env.context.get('response',{}).json().get('RiskStrategy', {}) and env.context.get('response',{}).json().get('RiskStrategy', {}).get('ScoreAf', {}),
  'code': 'ScoreAf'
}


",0,days,false,false
329,ir.actions.server,action,"list,form","{""en_US"": ""获取法院被执行人——高级版信息"", ""zh_CN"": ""获取法院被执行人——高级版信息""}",5,676,api_parser_action,code,galaxy.external.api.dummy,"# Available variables:
#  - env: Odoo Environment on which the action is triggered
#  - model: Odoo Model of the record on which the action is triggered; is a void recordset
#  - record: record on which the action is triggered; may be void
#  - records: recordset of all records on which the action is triggered in multi-mode; may be void
#  - time, datetime, dateutil, timezone: useful Python libraries
#  - float_compare: Odoo function to compare floats based on specific precisions
#  - log: log(message, level='info'): logging function to record debug information in ir.logging table
#  - UserError: Warning Exception to use with raise
#  - Command: x2Many commands namespace
# To return an action, assign: action = {...}

executionPro_list = []
executionPro = env.context.get('response',{}).json().get('ExecutionPro', {}) or {}
for key in executionPro.keys():
  executionPro_list.append({
    'name': executionPro.get(key, {}).get('name') if executionPro.get(key, {}).get('name') else executionPro.get(key, {}).get('pname', '-') or '-',
    'datatype': executionPro.get(key, {}).get('datatype') if executionPro.get(key, {}).get('datatype') else executionPro.get(key, {}).get('dataType', '-') or '-',
    'casenum': executionPro.get(key, {}).get('casenum') if executionPro.get(key, {}).get('casenum') else executionPro.get(key, {}).get('caseNo', '-') or '-',
    'caseCause': executionPro.get(key, {}).get('caseCause', '-') or '-',
    'court': executionPro.get(key, {}).get('court', '-') or '-',
    'time': executionPro.get(key, {}).get('time') if executionPro.get(key, {}).get('time') else executionPro.get(key, {}).get('sortTime', '-') or '-',
    'money': executionPro.get(key, {}).get('money') if executionPro.get(key, {}).get('money') else executionPro.get(key, {}).get('execMoney', '-') or '-',
    'performance': executionPro.get(key, {}).get('performance', '-') or '-',
    'statute': executionPro.get(key, {}).get('statute', '-') or '-',
    'eventLevel': executionPro.get(key, {}).get('eventLevel', '-') or '-',
    'matchRatio': executionPro.get(key, {}).get('matchRatio', '-') or '-',
  })

action = {
  'datas': executionPro_list,
  'code': 'ExecutionPro'
}

",0,days,false,false
327,ir.actions.server,action,"list,form","{""en_US"": ""获取手机号归属地"", ""zh_CN"": ""获取手机号归属地""}",5,676,api_parser_action,code,galaxy.external.api.dummy,"# Available variables:
#  - env: Odoo Environment on which the action is triggered
#  - model: Odoo Model of the record on which the action is triggered; is a void recordset
#  - record: record on which the action is triggered; may be void
#  - records: recordset of all records on which the action is triggered in multi-mode; may be void
#  - time, datetime, dateutil, timezone: useful Python libraries
#  - float_compare: Odoo function to compare floats based on specific precisions
#  - log: log(message, level='info'): logging function to record debug information in ir.logging table
#  - UserError: Warning Exception to use with raise
#  - Command: x2Many commands namespace
# To return an action, assign: action = {...}
KeyAttribution = env.context.get('response',{}).json().get('KeyAttribution', {})
cell = KeyAttribution and KeyAttribution.get('cell', {})
data_province = cell and cell.get('province', '-')
data_city = cell and cell.get('city', '-')
action = {
  'data': {
    'phone_address': data_province + data_city
  }
}",0,days,false,false
341,ir.actions.server,action,"list,form","{""en_US"": ""获取申请信息评估——手机号查询衍生变量信息"", ""zh_CN"": ""获取申请信息评估——手机号查询衍生变量信息""}",5,676,api_parser_action,code,galaxy.external.api.dummy,"# Available variables:
#  - env: Odoo Environment on which the action is triggered
#  - model: Odoo Model of the record on which the action is triggered; is a void recordset
#  - record: record on which the action is triggered; may be void
#  - records: recordset of all records on which the action is triggered in multi-mode; may be void
#  - time, datetime, dateutil, timezone: useful Python libraries
#  - float_compare: Odoo function to compare floats based on specific precisions
#  - log: log(message, level='info'): logging function to record debug information in ir.logging table
#  - UserError: Warning Exception to use with raise
#  - Command: x2Many commands namespace
# To return an action, assign: action = {...}

infoRelation = env.context.get('response',{}).json().get('InfoRelation', {}) or {}
infoRelation_list = ['m1', 'm3', 'm6', 'm9', 'm12']
infoRelation_phone_list = []
for key in infoRelation:
    if key not in infoRelation_list and key[0: 4] == 'cell':
      infoRelation_phone_list.append({
          'name': 'ir_' + key,
          'result': infoRelation.get(key,'') or '-'
      })
    else:
      for x_key in infoRelation.get(key, {}):
        if 'id' in x_key and 'cell' in x_key:
          id_key = x_key.find('id', 0, len(x_key)-1)
          cell_key = x_key.find('cell', 0, len(x_key)-1)
          if id_key > cell_key:
            infoRelation_phone_list.append({
              'name': 'ir_' + key + '_' + x_key,
              'result': infoRelation.get(key, {}).get(x_key,'') or '-'
            })
        elif 'cell' in x_key:
          infoRelation_phone_list.append({
              'name': 'ir_' + key + '_' + x_key,
              'result': infoRelation.get(key, {}).get(x_key,'') or '-'
          })
        else:
          pass
            
action = {
  'datas': infoRelation_phone_list,
  'code': 'InfoRelation_Phone'
}

",0,days,false,false
334,ir.actions.server,action,"list,form","{""en_US"": ""获取借贷意向验证——本人在各个客户类型借贷意向表现信息"", ""zh_CN"": ""获取借贷意向验证——本人在各个客户类型借贷意向表现信息""}",5,676,api_parser_action,code,galaxy.external.api.dummy,"# Available variables:
#  - env: Odoo Environment on which the action is triggered
#  - model: Odoo Model of the record on which the action is triggered; is a void recordset
#  - record: record on which the action is triggered; may be void
#  - records: recordset of all records on which the action is triggered in multi-mode; may be void
#  - time, datetime, dateutil, timezone: useful Python libraries
#  - float_compare: Odoo function to compare floats based on specific precisions
#  - log: log(message, level='info'): logging function to record debug information in ir.logging table
#  - UserError: Warning Exception to use with raise
#  - Command: x2Many commands namespace
# To return an action, assign: action = {...}

def applyLoan_get(apiData, month, id_cell, other, num):
    m_data = apiData.get(month, {})
    m_data = m_data.get(id_cell, {})
    m_data = m_data.get(other, {})
    m_data = m_data.get(num, '-')
    return m_data

def handle_list(data, custcomer_list, bank_type, is_bank):
  month_list = ['d7', 'd15', 'm1', 'm3', 'm6', 'm12',]
  applyLoan_custcomer_list = []
  name_value = ''
  for custcomer in custcomer_list:
    applyLoan_custcomer = {}
    for month in month_list:
      applyLoan_custcomer.update({
        'allnum_'+month: applyLoan_get(data, month, 'id', is_bank, custcomer[0]) + '/' + applyLoan_get(data, month, 'cell', is_bank, custcomer[0]),
        'orgnum_'+month: applyLoan_get(data, month, 'id', is_bank, custcomer[1]) + '/' + applyLoan_get(data, month, 'cell', is_bank, custcomer[1]),
      })
    for name in name_list:
      if is_bank == 'bank' and name == 'bank_'+custcomer[0]:
        name_value = name_list.get(name)
      if is_bank == 'nbank' and name == 'nbank_'+custcomer[0]:
        name_value = name_list.get(name)
    applyLoan_custcomer.update({
      'name': name_value,
      'type': bank_type,
    })
    applyLoan_custcomer_list.append(applyLoan_custcomer)
  return applyLoan_custcomer_list
    
name_list = {
  'bank_allnum': '银行汇总',
  'nbank_allnum': '非银汇总',
  'bank_tra_allnum': '传统银行',
  'bank_ret_allnum': '网络零售银行',
  'nbank_p2p_allnum': '改制机构',
  'nbank_mc_allnum': '小贷机构',
  'nbank_ca_allnum': '现金类分期机构',
  'nbank_cf_allnum': '消费类分期机构',
  'nbank_com_allnum': '代偿类分期机构',
  'nbank_oth_allnum': '其他',
  'nbank_nsloan_allnum': '持牌网络小贷机构',
  'nbank_autofin_allnum': '持牌汽车金融机构',
  'nbank_sloan_allnum': '持牌小贷机构',
  'nbank_cons_allnum': '持牌消费金融机构',
  'nbank_finlea_allnum': '持牌融资租赁机构',
  'nbank_else_allnum': '其他',
}

data = env.context.get('response',{}).json().get('ApplyLoanStr',{}) or {}
bank_custcomer_list = [('tra_allnum', 'tra_orgnum'), ('ret_allnum',  'ret_orgnum'), ('allnum', 'allnum')]
nbank_custcomer_list = [
  ('p2p_allnum', 'p2p_orgnum'),
  ('mc_allnum', 'mc_orgnum'),
  ('ca_allnum', 'ca_orgnum'),
  ('cf_allnum', 'cf_orgnum'),
  ('com_allnum', 'com_orgnum'),
  ('oth_allnum', 'oth_orgnum'),
  ('nsloan_allnum', 'nsloan_orgnum'),
  ('autofin_allnum', 'autofin_orgnum'),
  ('sloan_allnum', 'sloan_orgnum'),
  ('cons_allnum', 'cons_orgnum'),
  ('finlea_allnum', 'finlea_orgnum'),
  ('else_allnum', 'else_orgnum'), 
  ('allnum', 'allnum')
]
datas = handle_list(data,bank_custcomer_list,'银行汇总','bank') + handle_list(data,nbank_custcomer_list,'非银汇总','nbank')

action = {
  'datas': datas,
  'code': 'ApplyLoan_Custcomer'
}

",0,days,false,false
331,ir.actions.server,action,"list,form","{""en_US"": ""获取法院被执行人——限高版信息"", ""zh_CN"": ""获取法院被执行人——限高版信息""}",5,676,api_parser_action,code,galaxy.external.api.dummy,"# Available variables:
#  - env: Odoo Environment on which the action is triggered
#  - model: Odoo Model of the record on which the action is triggered; is a void recordset
#  - record: record on which the action is triggered; may be void
#  - records: recordset of all records on which the action is triggered in multi-mode; may be void
#  - time, datetime, dateutil, timezone: useful Python libraries
#  - float_compare: Odoo function to compare floats based on specific precisions
#  - log: log(message, level='info'): logging function to record debug information in ir.logging table
#  - UserError: Warning Exception to use with raise
#  - Command: x2Many commands namespace
# To return an action, assign: action = {...}

executionLimited_list = []
executionLimited = env.context.get('response',{}).json().get('ExecutionLimited', {}) or {}
for key in executionLimited.keys():
  executionLimited_list.append({
    'iname': executionLimited.get(key, {}).get('iname', '-') or '-',
    'datatype': executionLimited.get(key, {}).get('datatype', '-') or '-',
    'sexname': executionLimited.get(key, {}).get('sexname', '-') or '-',
    'age': executionLimited.get(key, {}).get('age', '-') or '-',
    'casecode': executionLimited.get(key, {}).get('casecode', '-') or '-',
    'courtname': executionLimited.get(key, {}).get('courtname', '-') or '-',
    'publishdate': executionLimited.get(key, {}).get('publishdate', '-') or '-',
    'regdate': executionLimited.get(key, {}).get('regdate', '-') or '-',
  })

action = {
  'datas': executionLimited_list,
  'code': 'ExecutionLimited'
}

",0,days,false,false
338,ir.actions.server,action,"list,form","{""en_US"": ""获取借贷行为验证——近期非银机构借贷情况信息"", ""zh_CN"": ""获取借贷行为验证——近期非银机构借贷情况信息""}",5,676,api_parser_action,code,galaxy.external.api.dummy,"# Available variables:
#  - env: Odoo Environment on which the action is triggered
#  - model: Odoo Model of the record on which the action is triggered; is a void recordset
#  - record: record on which the action is triggered; may be void
#  - records: recordset of all records on which the action is triggered in multi-mode; may be void
#  - time, datetime, dateutil, timezone: useful Python libraries
#  - float_compare: Odoo function to compare floats based on specific precisions
#  - log: log(message, level='info'): logging function to record debug information in ir.logging table
#  - UserError: Warning Exception to use with raise
#  - Command: x2Many commands namespace
# To return an action, assign: action = {...}

name_list = {
  'passamount': '预测在非银机构新增核准借贷等级',
  'passnum': '预测在非银机构新增核准借贷次数',
  'payamount': '预测在非银机构应还款等级'
}

data = env.context.get('response',{}).json().get('TotalLoan',{}) or {}
totalLoan_recent_list = []
recent_list = ['passamount', 'passnum', 'payamount']
month_list = ['m1', 'm3', 'm6', 'm9', 'm12',]
for key in recent_list:
  totalLoan_recent = {}
  for month in month_list:
    totalLoan_recent.update({
      month: data.get(month, {}).get('id', {}).get('nobank', {}).get(key, '-') + '/' + data.get(month, {}).get('cell', {}).get('nobank', {}).get(key, '-'),
    })
  for name in name_list.keys():
    if name == key:
      name_value = name_list.get(name)
  totalLoan_recent.update({
    'name': name_value
  })
  totalLoan_recent_list.append(totalLoan_recent)

action = {
  'datas': totalLoan_recent_list,
  'code': 'TotalLoan_Recent'
}


",0,days,false,false
335,ir.actions.server,action,"list,form","{""en_US"": ""获取借贷意向验证——本人在各个业务类型借贷意向表现信息"", ""zh_CN"": ""获取借贷意向验证——本人在各个业务类型借贷意向表现信息""}",5,676,api_parser_action,code,galaxy.external.api.dummy,"# Available variables:
#  - env: Odoo Environment on which the action is triggered
#  - model: Odoo Model of the record on which the action is triggered; is a void recordset
#  - record: record on which the action is triggered; may be void
#  - records: recordset of all records on which the action is triggered in multi-mode; may be void
#  - time, datetime, dateutil, timezone: useful Python libraries
#  - float_compare: Odoo function to compare floats based on specific precisions
#  - log: log(message, level='info'): logging function to record debug information in ir.logging table
#  - UserError: Warning Exception to use with raise
#  - Command: x2Many commands namespace
# To return an action, assign: action = {...}
name_list = {
  'pdl': '线上小额现金贷',
  'caon': '线上现金分期',
  'rel': '信用卡（类信用卡）',
  'caoff': '线下现金分期',
  'cooff': '线下消费分期',
  'af': '汽车金融',
  'coon': '线上消费分期',
  'oth': '其他',
}

def applyLoan_get(apiData, month, id_cell, other, num):
    m_data = apiData.get(month, {})
    m_data = m_data.get(id_cell, {})
    m_data = m_data.get(other, {})
    m_data = m_data.get(num, '-')
    return m_data

data = env.context.get('response',{}).json().get('ApplyLoanStr',{}) or {}
applyLoan_businessType_list = []
businessType_list = ['pdl', 'caon', 'rel', 'caoff', 'cooff', 'af', 'coon', 'oth']
month_list = ['d7', 'd15', 'm1', 'm3', 'm6', 'm12',]
for key in businessType_list:
  applyLoan_businessType = {}
  for month in month_list:
    applyLoan_businessType.update({
      'allnum_'+month: applyLoan_get(data, month, 'id', key, 'allnum') + '/' + applyLoan_get(data, month, 'cell', key, 'allnum'),
      'orgnum_'+month: applyLoan_get(data, month, 'id', key, 'orgnum') + '/' + applyLoan_get(data, month, 'cell', key, 'orgnum'),
    })
  for name in name_list:
    if name == key:
      name_value = name_list.get(key)
  applyLoan_businessType.update({
    'name': name_value
  })
  applyLoan_businessType_list.append(applyLoan_businessType)

action = {
  'datas': applyLoan_businessType_list,
  'code': 'ApplyLoan_BusinessType'
}

",0,days,false,false
336,ir.actions.server,action,"list,form","{""en_US"": ""获取借贷意向验证——本人在异常时间段借贷意向表现信息"", ""zh_CN"": ""获取借贷意向验证——本人在异常时间段借贷意向表现信息""}",5,676,api_parser_action,code,galaxy.external.api.dummy,"# Available variables:
#  - env: Odoo Environment on which the action is triggered
#  - model: Odoo Model of the record on which the action is triggered; is a void recordset
#  - record: record on which the action is triggered; may be void
#  - records: recordset of all records on which the action is triggered in multi-mode; may be void
#  - time, datetime, dateutil, timezone: useful Python libraries
#  - float_compare: Odoo function to compare floats based on specific precisions
#  - log: log(message, level='info'): logging function to record debug information in ir.logging table
#  - UserError: Warning Exception to use with raise
#  - Command: x2Many commands namespace
# To return an action, assign: action = {...}

def applyLoan_get(apiData, month, id_cell, other, num):
    m_data = apiData.get(month, {})
    m_data = m_data.get(id_cell, {})
    m_data = m_data.get(other, {})
    m_data = m_data.get(num, '-')
    return m_data

def handle_list(data, list, is_bank):
  month_list = ['d7', 'd15', 'm1', 'm3', 'm6', 'm12',]
  applyLoan_abnormaiTime_list = []
  name_value = ''
  for custcomer in list:
    applyLoan_abnormaiTime = {}
    for month in month_list:
      applyLoan_abnormaiTime.update({
        'allnum_'+month: applyLoan_get(data, month, 'id', is_bank, custcomer[0]) + '/' + applyLoan_get(data, month, 'cell', is_bank, custcomer[0]),
        'orgnum_'+month: applyLoan_get(data, month, 'id', is_bank, custcomer[1]) + '/' + applyLoan_get(data, month, 'cell', is_bank, custcomer[1]),
      })
    for name in name_list:
      if is_bank == 'bank'and name == 'bank_'+custcomer[0]:
        name_value = name_list.get(name)
      if is_bank == 'nbank'and name == 'nbank_'+custcomer[0]:
        name_value = name_list.get(name)
    applyLoan_abnormaiTime.update({
      'name': name_value,
    })
    applyLoan_abnormaiTime_list.append(applyLoan_abnormaiTime)
  return applyLoan_abnormaiTime_list
    
name_list = {
  'bank_week_allnum': '银行-周末',
  'bank_night_allnum': '银行-夜间',
  'nbank_week_allnum': '非银-周末',
  'nbank_night_allnum': '非银-夜间',
}

data = env.context.get('response',{}).json().get('ApplyLoanStr',{}) or {}
abnormaiTime_list = [('week_allnum', 'week_orgnum'), ('night_allnum', 'night_orgnum')]
datas = handle_list(data,abnormaiTime_list,'bank') + handle_list(data,abnormaiTime_list,'nbank')

action = {
  'datas': datas,
  'code': 'ApplyLoan_AbnormaiTime'
}

",0,days,false,false
339,ir.actions.server,action,"list,form","{""en_US"": ""获取借贷行为验证——历史非银机构借贷情况信息"", ""zh_CN"": ""获取借贷行为验证——历史非银机构借贷情况信息""}",5,676,api_parser_action,code,galaxy.external.api.dummy,"# Available variables:
#  - env: Odoo Environment on which the action is triggered
#  - model: Odoo Model of the record on which the action is triggered; is a void recordset
#  - record: record on which the action is triggered; may be void
#  - records: recordset of all records on which the action is triggered in multi-mode; may be void
#  - time, datetime, dateutil, timezone: useful Python libraries
#  - float_compare: Odoo function to compare floats based on specific precisions
#  - log: log(message, level='info'): logging function to record debug information in ir.logging table
#  - UserError: Warning Exception to use with raise
#  - Command: x2Many commands namespace
# To return an action, assign: action = {...}

name_list = {
  'allamount': '在非银机构借贷等级',
  'allorgnum': '在非银机构借贷机构数',
  'neworgnum': '在非银机构新增申请机构数',
  'newallnum': '在非银机构新增申请次数',
}

data = env.context.get('response',{}).json().get('TotalLoan',{}) or {}
totalLoan_history_list = []
history_list = ['allamount', 'allorgnum', 'neworgnum', 'newallnum']
month_list = ['m1', 'm2', 'm3', 'm4', 'm5', 'm6', 'm7', 'm8', 'm9', 'm10', 'm11', 'm12',]
for key in history_list:
  totalLoan_history = {}
  for month in month_list:
    totalLoan_history.update({
      month: data.get(month, {}).get('id', {}).get('nobank', {}).get(key, '-') + '/' + data.get(month, {}).get('cell', {}).get('nobank', {}).get(key, '-'),
    })
  for name in name_list.keys():
    if name == key:
      name_value = name_list.get(name)
  totalLoan_history.update({
    'name': name_value
  })
  totalLoan_history_list.append(totalLoan_history)

action = {
  'datas': totalLoan_history_list,
  'code': 'TotalLoan_History'
}

",0,days,false,false
343,ir.actions.server,action,"list,form","{""en_US"": ""获取团伙欺诈排查-通用版信息"", ""zh_CN"": ""获取团伙欺诈排查-通用版信息""}",5,676,api_parser_action,code,galaxy.external.api.dummy,"# Available variables:
#  - env: Odoo Environment on which the action is triggered
#  - model: Odoo Model of the record on which the action is triggered; is a void recordset
#  - record: record on which the action is triggered; may be void
#  - records: recordset of all records on which the action is triggered in multi-mode; may be void
#  - time, datetime, dateutil, timezone: useful Python libraries
#  - float_compare: Odoo function to compare floats based on specific precisions
#  - log: log(message, level='info'): logging function to record debug information in ir.logging table
#  - UserError: Warning Exception to use with raise
#  - Command: x2Many commands namespace
# To return an action, assign: action = {...}

action = {
  'data': env.context.get('response',{}).json().get('FraudRelation_g',{}) or {},
  'code': 'FraudRelation_g'
}

",0,days,false,false
340,ir.actions.server,action,"list,form","{""en_US"": ""获取申请信息评估——身份证号查询衍生变量信息"", ""zh_CN"": ""获取申请信息评估——身份证号查询衍生变量信息""}",5,676,api_parser_action,code,galaxy.external.api.dummy,"# Available variables:
#  - env: Odoo Environment on which the action is triggered
#  - model: Odoo Model of the record on which the action is triggered; is a void recordset
#  - record: record on which the action is triggered; may be void
#  - records: recordset of all records on which the action is triggered in multi-mode; may be void
#  - time, datetime, dateutil, timezone: useful Python libraries
#  - float_compare: Odoo function to compare floats based on specific precisions
#  - log: log(message, level='info'): logging function to record debug information in ir.logging table
#  - UserError: Warning Exception to use with raise
#  - Command: x2Many commands namespace
# To return an action, assign: action = {...}

infoRelation = env.context.get('response',{}).json().get('InfoRelation', {}) or {}
infoRelation_list = ['m1', 'm3', 'm6', 'm9', 'm12']
infoRelation_idCard_list = []
for key in infoRelation:
    if key not in infoRelation_list and key[0: 2] == 'id':
      infoRelation_idCard_list.append({
          'name': 'ir_' + key,
          'result': infoRelation.get(key,'') or '-'
      })
    else:
      for x_key in infoRelation.get(key, {}):
        if 'id' in x_key and 'cell' in x_key:
          id_key = x_key.find('id', 0, len(x_key)-1)
          cell_key = x_key.find('cell', 0, len(x_key)-1)
          if cell_key > id_key:
            infoRelation_idCard_list.append({
              'name': 'ir_' + key + '_' + x_key,
              'result': infoRelation.get(key, {}).get(x_key,'') or '-'
            })
        elif 'id' in x_key:
          infoRelation_idCard_list.append({
              'name': 'ir_' + key + '_' + x_key,
              'result': infoRelation.get(key, {}).get(x_key,'') or '-'
          })
        else:
          pass
            
action = {
  'datas': infoRelation_idCard_list,
  'code': 'InfoRelation_IdCard'
}
",0,days,false,false
347,ir.actions.server,action,"list,form","{""en_US"": ""接口请求结果处理（身份证识别）"", ""zh_CN"": ""接口请求结果处理（身份证识别）""}",5,676,api_post_action,code,galaxy.external.api.dummy,"# Available variables:
#  - env: Odoo Environment on which the action is triggered
#  - model: Odoo Model of the record on which the action is triggered; is a void recordset
#  - record: record on which the action is triggered; may be void
#  - records: recordset of all records on which the action is triggered in multi-mode; may be void
#  - time, datetime, dateutil, timezone: useful Python libraries
#  - float_compare: Odoo function to compare floats based on specific precisions
#  - log: log(message, level='info'): logging function to record debug information in ir.logging table
#  - UserError: Warning Exception to use with raise
#  - Command: x2Many commands namespace
# To return an action, assign: action = {...}

response = env.context.get('response',{})
if response.status_code != 200:
  log(f'身份证识别失败 code:{response.status_code} Content:{response.content}', level='info')
  raise UserError('身份证信息识别失败，请检查当前照片是否清晰或更换照片！')

",0,days,false,false
346,ir.actions.server,action,"list,form","{""en_US"": ""接口请求结果处理（营业执照信息识别）"", ""zh_CN"": ""接口请求结果处理（营业执照信息识别）""}",5,676,api_post_action,code,galaxy.external.api.dummy,"# Available variables:
#  - env: Odoo Environment on which the action is triggered
#  - model: Odoo Model of the record on which the action is triggered; is a void recordset
#  - record: record on which the action is triggered; may be void
#  - records: recordset of all records on which the action is triggered in multi-mode; may be void
#  - time, datetime, dateutil, timezone: useful Python libraries
#  - float_compare: Odoo function to compare floats based on specific precisions
#  - log: log(message, level='info'): logging function to record debug information in ir.logging table
#  - UserError: Warning Exception to use with raise
#  - Command: x2Many commands namespace
# To return an action, assign: action = {...}

response = env.context.get('response',{})
if response.status_code != 200:
  log(f'营业执照信息识别失败 code:{response.status_code} Content:{response.content}', level='info')
  raise UserError('营业执照信息识别失败，请检查当前照片是否清晰或更换照片！')

",0,days,false,false
374,ir.actions.server,action,"list,form","{""en_US"": ""获取接口返回所有值(身份证识别)"", ""zh_CN"": ""获取接口返回所有值(身份证识别)""}",5,676,api_parser_action,code,galaxy.external.api.dummy,"# Available variables:
#  - env: Odoo Environment on which the action is triggered
#  - model: Odoo Model of the record on which the action is triggered; is a void recordset
#  - record: record on which the action is triggered; may be void
#  - records: recordset of all records on which the action is triggered in multi-mode; may be void
#  - time, datetime, dateutil, timezone: useful Python libraries
#  - float_compare: Odoo function to compare floats based on specific precisions
#  - log: log(message, level='info'): logging function to record debug information in ir.logging table
#  - UserError: Warning Exception to use with raise
#  - Command: x2Many commands namespace
# To return an action, assign: action = {...}

action = {
  'data': env.context.get('response',{}).json()
}

",0,days,false,false
342,ir.actions.server,action,"list,form","{""en_US"": ""获取申请信息评估——其他查询衍生变量信息"", ""zh_CN"": ""获取申请信息评估——其他查询衍生变量信息""}",5,676,api_parser_action,code,galaxy.external.api.dummy,"# Available variables:
#  - env: Odoo Environment on which the action is triggered
#  - model: Odoo Model of the record on which the action is triggered; is a void recordset
#  - record: record on which the action is triggered; may be void
#  - records: recordset of all records on which the action is triggered in multi-mode; may be void
#  - time, datetime, dateutil, timezone: useful Python libraries
#  - float_compare: Odoo function to compare floats based on specific precisions
#  - log: log(message, level='info'): logging function to record debug information in ir.logging table
#  - UserError: Warning Exception to use with raise
#  - Command: x2Many commands namespace
# To return an action, assign: action = {...}

infoRelation = env.context.get('response',{}).json().get('InfoRelation', {}) or {}
infoRelation_list = ['m1', 'm3', 'm6', 'm9', 'm12']
infoRelation_other_list = []
for key in infoRelation:
    if key not in infoRelation_list:
      if key[0: 4] != 'cell' and key[0: 2] != 'id':
        infoRelation_other_list.append({
            'name': 'ir_' + key,
            'result': infoRelation.get(key,'') or '-'
        })
    else:
      for x_key in infoRelation.get(key, {}):
        if 'id' not in x_key and 'cell' not in x_key:
          infoRelation_other_list.append({
              'name': 'ir_' + key + '_' + x_key,
              'result': infoRelation.get(key,{}).get(x_key, '') or '-'
          })
            
action = {
  'datas': infoRelation_other_list,
  'code': 'InfoRelation_Other'
}

",0,days,false,false
375,ir.actions.server,action,"list,form","{""en_US"": ""获取身份证二要素验证结果"", ""zh_CN"": ""获取身份证二要素验证结果""}",5,676,api_parser_action,code,galaxy.external.api.dummy,"# Available variables:
#  - env: Odoo Environment on which the action is triggered
#  - model: Odoo Model of the record on which the action is triggered; is a void recordset
#  - record: record on which the action is triggered; may be void
#  - records: recordset of all records on which the action is triggered in multi-mode; may be void
#  - time, datetime, dateutil, timezone: useful Python libraries
#  - float_compare: Odoo function to compare floats based on specific precisions
#  - log: log(message, level='info'): logging function to record debug information in ir.logging table
#  - UserError: Warning Exception to use with raise
#  - Command: x2Many commands namespace
# To return an action, assign: action = {...}

action = {
  'data': env.context.get('response',{}).json()
}

",0,days,false,false
285,ir.actions.server,action,"list,form","{""en_US"": ""获取历史法人"", ""zh_CN"": ""获取历史法人""}",5,676,api_parser_action,code,galaxy.external.api.dummy,"# Available variables:
#  - env: Odoo Environment on which the action is triggered
#  - model: Odoo Model of the record on which the action is triggered; is a void recordset
#  - record: record on which the action is triggered; may be void
#  - records: recordset of all records on which the action is triggered in multi-mode; may be void
#  - time, datetime, dateutil, timezone: useful Python libraries
#  - float_compare: Odoo function to compare floats based on specific precisions
#  - log: log(message, level='info'): logging function to record debug information in ir.logging table
#  - UserError: Warning Exception to use with raise
#  - Command: x2Many commands namespace
# To return an action, assign: action = {...}

action = {
  'datas': env.context.get('response',{}).json().get('result',{}).get('pastLegalPersonList',[]) if env.context.get('response',{}).json().get('result',{}) else [],
  'code': 'Past_LegalpersonList'
}

",0,days,false,false
280,ir.actions.server,action,"list,form","{""en_US"": ""获取历史董监高"", ""zh_CN"": ""获取历史董监高""}",5,676,api_parser_action,code,galaxy.external.api.dummy,"# Available variables:
#  - env: Odoo Environment on which the action is triggered
#  - model: Odoo Model of the record on which the action is triggered; is a void recordset
#  - record: record on which the action is triggered; may be void
#  - records: recordset of all records on which the action is triggered in multi-mode; may be void
#  - time, datetime, dateutil, timezone: useful Python libraries
#  - float_compare: Odoo function to compare floats based on specific precisions
#  - log: log(message, level='info'): logging function to record debug information in ir.logging table
#  - UserError: Warning Exception to use with raise
#  - Command: x2Many commands namespace
# To return an action, assign: action = {...}
result = env.context.get('response',{}).json().get('result',{})
pastStafferList = result and result.get('pastStafferList',[])
datas = pastStafferList and pastStafferList[0]

action = {
  'datas': datas,
  'code': 'Past_StafferLlst'
}

",0,days,false,false
350,ir.actions.server,action,"list,form","{""en_US"": ""接口请求结果处理（对外投资）"", ""zh_CN"": ""接口请求结果处理（对外投资）""}",5,676,api_post_action,code,galaxy.external.api.dummy,"# Available variables:
#  - env: Odoo Environment on which the action is triggered
#  - model: Odoo Model of the record on which the action is triggered; is a void recordset
#  - record: record on which the action is triggered; may be void
#  - records: recordset of all records on which the action is triggered in multi-mode; may be void
#  - time, datetime, dateutil, timezone: useful Python libraries
#  - float_compare: Odoo function to compare floats based on specific precisions
#  - log: log(message, level='info'): logging function to record debug information in ir.logging table
#  - UserError: Warning Exception to use with raise
#  - Command: x2Many commands namespace
# To return an action, assign: action = {...}

response = env.context.get('response',{})
if response.status_code != 200:
  log(f'调用对外投资接口失败 code:{response.status_code} Content:{response.content}', level='info')
  raise UserError('您输入的社会统一信用代码错误，或者联系管理员！')
else:
  if response.json().get('error_code') and response.json().get('error_code') not in [0, 300000]:
    log(f'调用对外投资接口成功，但查询结果失败 code:{response.status_code} Content:{response.content}', level='info')
    raise UserError('接口调用失败，请检查接口参数等信息是否有误，或者联系管理员！')
  if response.json().get('code'):
    log(f'调用对外投资接口失败 code:{response.status_code} Content:{response.content}', level='info')
    raise UserError('接口调用失败，请检查参数格式或调用方式是否有误，或者联系管理员！')
",0,days,false,false
351,ir.actions.server,action,"list,form","{""en_US"": ""接口请求结果处理（抵押登记）"", ""zh_CN"": ""接口请求结果处理（抵押登记）""}",5,676,api_post_action,code,galaxy.external.api.dummy,"# Available variables:
#  - env: Odoo Environment on which the action is triggered
#  - model: Odoo Model of the record on which the action is triggered; is a void recordset
#  - record: record on which the action is triggered; may be void
#  - records: recordset of all records on which the action is triggered in multi-mode; may be void
#  - time, datetime, dateutil, timezone: useful Python libraries
#  - float_compare: Odoo function to compare floats based on specific precisions
#  - log: log(message, level='info'): logging function to record debug information in ir.logging table
#  - UserError: Warning Exception to use with raise
#  - Command: x2Many commands namespace
# To return an action, assign: action = {...}

response = env.context.get('response',{})
if response.status_code != 200:
  log(f'调用抵押登记接口失败 code:{response.status_code} Content:{response.content}', level='info')
  raise UserError('您输入的社会统一信用代码错误，或者联系管理员！')
else:
  if response.json().get('error_code') and response.json().get('error_code') not in [0, 300000]:
    log(f'调用抵押登记接口成功，但查询结果失败 code:{response.status_code} Content:{response.content}', level='info')
    raise UserError('接口调用失败，请检查接口参数等信息是否有误，或者联系管理员！')
  if response.json().get('code'):
    log(f'调用抵押登记接口失败 code:{response.status_code} Content:{response.content}', level='info')
    raise UserError('接口调用失败，请检查参数格式是否有误，或者联系管理员！')

",0,days,false,false
353,ir.actions.server,action,"list,form","{""en_US"": ""接口请求结果处理（企业历史主要人员）"", ""zh_CN"": ""接口请求结果处理（企业历史主要人员）""}",5,676,api_post_action,code,galaxy.external.api.dummy,"# Available variables:
#  - env: Odoo Environment on which the action is triggered
#  - model: Odoo Model of the record on which the action is triggered; is a void recordset
#  - record: record on which the action is triggered; may be void
#  - records: recordset of all records on which the action is triggered in multi-mode; may be void
#  - time, datetime, dateutil, timezone: useful Python libraries
#  - float_compare: Odoo function to compare floats based on specific precisions
#  - log: log(message, level='info'): logging function to record debug information in ir.logging table
#  - UserError: Warning Exception to use with raise
#  - Command: x2Many commands namespace
# To return an action, assign: action = {...}

response = env.context.get('response',{})
if response.status_code != 200:
  log(f'调用企业历史主要人员接口失败 code:{response.status_code} Content:{response.content}', level='info')
  raise UserError('您输入的社会统一信用代码错误，或者联系管理员！')
else:
  if response.json().get('error_code') and response.json().get('error_code') not in [0, 300000]:
    log(f'调用企业历史主要人员接口成功，但查询结果失败 code:{response.status_code} Content:{response.content}', level='info')
    raise UserError('接口调用失败，请检查接口参数等信息是否有误，或者联系管理员！')
  if response.json().get('code'):
    log(f'调用企业历史主要人员接口失败 code:{response.status_code} Content:{response.content}', level='info')
    raise UserError('接口调用失败，请检查参数格式是否有误，或者联系管理员！')

",0,days,false,false
376,ir.actions.server,action,"list,form","{""en_US"": ""获取营业执照信息"", ""zh_CN"": ""获取营业执照信息""}",5,676,api_parser_action,code,galaxy.external.api.dummy,"# Available variables:
#  - env: Odoo Environment on which the action is triggered
#  - model: Odoo Model of the record on which the action is triggered; is a void recordset
#  - record: record on which the action is triggered; may be void
#  - records: recordset of all records on which the action is triggered in multi-mode; may be void
#  - time, datetime, dateutil, timezone: useful Python libraries
#  - float_compare: Odoo function to compare floats based on specific precisions
#  - log: log(message, level='info'): logging function to record debug information in ir.logging table
#  - UserError: Warning Exception to use with raise
#  - Command: x2Many commands namespace
# To return an action, assign: action = {...}

action = {
  'data': env.context.get('response',{}).json()
}

",0,days,false,false
352,ir.actions.server,action,"list,form","{""en_US"": ""接口请求结果处理（分支机构）"", ""zh_CN"": ""接口请求结果处理（分支机构）""}",5,676,api_post_action,code,galaxy.external.api.dummy,"# Available variables:
#  - env: Odoo Environment on which the action is triggered
#  - model: Odoo Model of the record on which the action is triggered; is a void recordset
#  - record: record on which the action is triggered; may be void
#  - records: recordset of all records on which the action is triggered in multi-mode; may be void
#  - time, datetime, dateutil, timezone: useful Python libraries
#  - float_compare: Odoo function to compare floats based on specific precisions
#  - log: log(message, level='info'): logging function to record debug information in ir.logging table
#  - UserError: Warning Exception to use with raise
#  - Command: x2Many commands namespace
# To return an action, assign: action = {...}

response = env.context.get('response',{})
if response.status_code != 200:
  log(f'调用分支机构接口失败 code:{response.status_code} Content:{response.content}', level='info')
  raise UserError('您输入的社会统一信用代码错误，或者联系管理员！')
else:
  if response.json().get('error_code') and response.json().get('error_code') not in [0, 300000]:
    log(f'调用分支机构接口成功，但查询结果失败 code:{response.status_code} Content:{response.content}', level='info')
    raise UserError('接口调用失败，请检查接口参数等信息是否有误，或者联系管理员！')
  if response.json().get('code'):
    log(f'调用分支机构接口失败 code:{response.status_code} Content:{response.content}', level='info')
    raise UserError('接口调用失败，请检查参数格式是否有误，或者联系管理员！')

",0,days,false,false
355,ir.actions.server,action,"list,form","{""en_US"": ""接口请求结果处理（判决文书）"", ""zh_CN"": ""接口请求结果处理（判决文书）""}",5,676,api_post_action,code,galaxy.external.api.dummy,"# Available variables:
#  - env: Odoo Environment on which the action is triggered
#  - model: Odoo Model of the record on which the action is triggered; is a void recordset
#  - record: record on which the action is triggered; may be void
#  - records: recordset of all records on which the action is triggered in multi-mode; may be void
#  - time, datetime, dateutil, timezone: useful Python libraries
#  - float_compare: Odoo function to compare floats based on specific precisions
#  - log: log(message, level='info'): logging function to record debug information in ir.logging table
#  - UserError: Warning Exception to use with raise
#  - Command: x2Many commands namespace
# To return an action, assign: action = {...}

response = env.context.get('response',{})
if response.status_code != 200:
  log(f'调用判决文书接口失败 code:{response.status_code} Content:{response.content}', level='info')
  raise UserError('您输入的社会统一信用代码错误，或者联系管理员！')
else:
  if response.json().get('error_code') and response.json().get('error_code') not in [0, 300000]:
    log(f'调用判决文书接口成功，但查询结果失败 code:{response.status_code} Content:{response.content}', level='info')
    raise UserError('接口调用失败，请检查接口参数等信息是否有误，或者联系管理员！')
  if response.json().get('code'):
    log(f'调用判决文书接口失败 code:{response.status_code} Content:{response.content}', level='info')
    raise UserError('接口调用失败，请检查参数格式是否有误，或者联系管理员！')

",0,days,false,false
356,ir.actions.server,action,"list,form","{""en_US"": ""接口请求结果处理（企业被执行人）"", ""zh_CN"": ""接口请求结果处理（企业被执行人）""}",5,676,api_post_action,code,galaxy.external.api.dummy,"# Available variables:
#  - env: Odoo Environment on which the action is triggered
#  - model: Odoo Model of the record on which the action is triggered; is a void recordset
#  - record: record on which the action is triggered; may be void
#  - records: recordset of all records on which the action is triggered in multi-mode; may be void
#  - time, datetime, dateutil, timezone: useful Python libraries
#  - float_compare: Odoo function to compare floats based on specific precisions
#  - log: log(message, level='info'): logging function to record debug information in ir.logging table
#  - UserError: Warning Exception to use with raise
#  - Command: x2Many commands namespace
# To return an action, assign: action = {...}

response = env.context.get('response',{})
if response.status_code != 200:
  log(f'调用企业被执行人接口失败 code:{response.status_code} Content:{response.content}', level='info')
  raise UserError('您输入的社会统一信用代码错误，或者联系管理员！')
else:
  if response.json().get('error_code') and response.json().get('error_code') not in [0, 300000]:
    log(f'调用企业被执行人接口成功，但查询结果失败 code:{response.status_code} Content:{response.content}', level='info')
    raise UserError('接口调用失败，请检查接口参数等信息是否有误，或者联系管理员！')
  if response.json().get('code'):
    log(f'调用企业被执行人接口失败 code:{response.status_code} Content:{response.content}', level='info')
    raise UserError('接口调用失败，请检查参数格式是否有误，或者联系管理员！')

",0,days,false,false
328,ir.actions.server,action,"list,form","{""en_US"": ""获取法院被执行人——个人版信息"", ""zh_CN"": ""获取法院被执行人——个人版信息""}",5,676,api_parser_action,code,galaxy.external.api.dummy,"# Available variables:
#  - env: Odoo Environment on which the action is triggered
#  - model: Odoo Model of the record on which the action is triggered; is a void recordset
#  - record: record on which the action is triggered; may be void
#  - records: recordset of all records on which the action is triggered in multi-mode; may be void
#  - time, datetime, dateutil, timezone: useful Python libraries
#  - float_compare: Odoo function to compare floats based on specific precisions
#  - log: log(message, level='info'): logging function to record debug information in ir.logging table
#  - UserError: Warning Exception to use with raise
#  - Command: x2Many commands namespace
# To return an action, assign: action = {...}
execution_list = []
execution = env.context.get('response',{}).json().get('Execution', {}) or {}
for key in execution.keys():
  execution_list.append({
    'name': execution.get(key, {}).get('name', '-') or '-',
    'cid': execution.get(key, {}).get('cid', '-') or '-',
    'datatime': execution.get(key, {}).get('datatime', '-') or '-',
    'datatype': execution.get(key, {}).get('datatype', '-') or '-',
    'casenum': execution.get(key, {}).get('casenum', '-') or '-',
    'money': execution.get(key, {}).get('money', '-') or '-',
    'performance': execution.get(key, {}).get('performance', '-') or '-',
    'statute': execution.get(key, {}).get('statute', '-') or '-',
    'time': execution.get(key, {}).get('time', '-') or '-',
  })

action = {
  'datas': execution_list,
  'code': 'Execution'
}
",0,days,false,false
354,ir.actions.server,action,"list,form","{""en_US"": ""接口请求结果处理（纳税人类型）"", ""zh_CN"": ""接口请求结果处理（纳税人类型）""}",5,676,api_post_action,code,galaxy.external.api.dummy,"# Available variables:
#  - env: Odoo Environment on which the action is triggered
#  - model: Odoo Model of the record on which the action is triggered; is a void recordset
#  - record: record on which the action is triggered; may be void
#  - records: recordset of all records on which the action is triggered in multi-mode; may be void
#  - time, datetime, dateutil, timezone: useful Python libraries
#  - float_compare: Odoo function to compare floats based on specific precisions
#  - log: log(message, level='info'): logging function to record debug information in ir.logging table
#  - UserError: Warning Exception to use with raise
#  - Command: x2Many commands namespace
# To return an action, assign: action = {...}

response = env.context.get('response',{})
if response.status_code != 200:
  log(f'调用纳税人类型接口失败 code:{response.status_code} Content:{response.content}', level='info')
  raise UserError('您输入的社会统一信用代码错误，或者联系管理员！')
else:
  if response.json().get('error_code') and response.json().get('error_code') not in [0, 300000]:
    log(f'调用纳税人类型接口成功，但查询结果失败 code:{response.status_code} Content:{response.content}', level='info')
    raise UserError('接口调用失败，请检查接口参数等信息是否有误，或者联系管理员！')
  if response.json().get('code'):
    log(f'调用纳税人类型接口失败 code:{response.status_code} Content:{response.content}', level='info')
    raise UserError('接口调用失败，请检查参数格式是否有误，或者联系管理员！')

",0,days,false,false
361,ir.actions.server,action,"list,form","{""en_US"": ""接口请求结果处理（企业商标信息）"", ""zh_CN"": ""接口请求结果处理（企业商标信息）""}",5,676,api_post_action,code,galaxy.external.api.dummy,"# Available variables:
#  - env: Odoo Environment on which the action is triggered
#  - model: Odoo Model of the record on which the action is triggered; is a void recordset
#  - record: record on which the action is triggered; may be void
#  - records: recordset of all records on which the action is triggered in multi-mode; may be void
#  - time, datetime, dateutil, timezone: useful Python libraries
#  - float_compare: Odoo function to compare floats based on specific precisions
#  - log: log(message, level='info'): logging function to record debug information in ir.logging table
#  - UserError: Warning Exception to use with raise
#  - Command: x2Many commands namespace
# To return an action, assign: action = {...}

response = env.context.get('response',{})
if response.status_code != 200:
  log(f'调用企业商标信息接口失败 code:{response.status_code} Content:{response.content}', level='info')
  raise UserError('您输入的社会统一信用代码错误，或者联系管理员！')
else:
  if response.json().get('error_code') and response.json().get('error_code') not in [0, 300000]:
    log(f'调用企业商标信息接口成功，但查询结果失败 code:{response.status_code} Content:{response.content}', level='info')
    raise UserError('接口调用失败，请检查接口参数等信息是否有误，或者联系管理员！')
  if response.json().get('code'):
    log(f'调用企业商标信息接口失败 code:{response.status_code} Content:{response.content}', level='info')
    raise UserError('接口调用失败，请检查参数格式是否有误，或者联系管理员！')

",0,days,false,false
366,ir.actions.server,action,"list,form","{""en_US"": ""接口请求结果处理（司法协助）"", ""zh_CN"": ""接口请求结果处理（司法协助）""}",5,676,api_post_action,code,galaxy.external.api.dummy,"# Available variables:
#  - env: Odoo Environment on which the action is triggered
#  - model: Odoo Model of the record on which the action is triggered; is a void recordset
#  - record: record on which the action is triggered; may be void
#  - records: recordset of all records on which the action is triggered in multi-mode; may be void
#  - time, datetime, dateutil, timezone: useful Python libraries
#  - float_compare: Odoo function to compare floats based on specific precisions
#  - log: log(message, level='info'): logging function to record debug information in ir.logging table
#  - UserError: Warning Exception to use with raise
#  - Command: x2Many commands namespace
# To return an action, assign: action = {...}

response = env.context.get('response',{})
if response.status_code != 200:
  log(f'调用司法协助接口失败 code:{response.status_code} Content:{response.content}', level='info')
  raise UserError('您输入的社会统一信用代码错误，或者联系管理员！')
else:
  if response.json().get('error_code') and response.json().get('error_code') not in [0, 300000]:
    log(f'调用司法协助接口成功，但查询结果失败 code:{response.status_code} Content:{response.content}', level='info')
    raise UserError('接口调用失败，请检查接口参数等信息是否有误，或者联系管理员！')
  if response.json().get('code'):
    log(f'调用司法协助接口失败 code:{response.status_code} Content:{response.content}', level='info')
    raise UserError('接口调用失败，请检查参数格式是否有误，或者联系管理员！')

",0,days,false,false
357,ir.actions.server,action,"list,form","{""en_US"": ""接口请求结果处理（企业股东）"", ""zh_CN"": ""接口请求结果处理（企业股东）""}",5,676,api_post_action,code,galaxy.external.api.dummy,"# Available variables:
#  - env: Odoo Environment on which the action is triggered
#  - model: Odoo Model of the record on which the action is triggered; is a void recordset
#  - record: record on which the action is triggered; may be void
#  - records: recordset of all records on which the action is triggered in multi-mode; may be void
#  - time, datetime, dateutil, timezone: useful Python libraries
#  - float_compare: Odoo function to compare floats based on specific precisions
#  - log: log(message, level='info'): logging function to record debug information in ir.logging table
#  - UserError: Warning Exception to use with raise
#  - Command: x2Many commands namespace
# To return an action, assign: action = {...}

response = env.context.get('response',{})
if response.status_code != 200:
  log(f'调用企业股东接口失败 code:{response.status_code} Content:{response.content}', level='info')
  raise UserError('您输入的社会统一信用代码错误，或者联系管理员！')
else:
  if response.json().get('error_code') and response.json().get('error_code') not in [0, 300000]:
    log(f'调用企业股东接口成功，但查询结果失败 code:{response.status_code} Content:{response.content}', level='info')
    raise UserError('接口调用失败，请检查接口参数等信息是否有误，或者联系管理员！')
  if response.json().get('code'):
    log(f'调用企业股东接口失败 code:{response.status_code} Content:{response.content}', level='info')
    raise UserError('接口调用失败，请检查参数格式是否有误，或者联系管理员！')

",0,days,false,false
358,ir.actions.server,action,"list,form","{""en_US"": ""接口请求结果处理（企业供应商）"", ""zh_CN"": ""接口请求结果处理（企业供应商）""}",5,676,api_post_action,code,galaxy.external.api.dummy,"# Available variables:
#  - env: Odoo Environment on which the action is triggered
#  - model: Odoo Model of the record on which the action is triggered; is a void recordset
#  - record: record on which the action is triggered; may be void
#  - records: recordset of all records on which the action is triggered in multi-mode; may be void
#  - time, datetime, dateutil, timezone: useful Python libraries
#  - float_compare: Odoo function to compare floats based on specific precisions
#  - log: log(message, level='info'): logging function to record debug information in ir.logging table
#  - UserError: Warning Exception to use with raise
#  - Command: x2Many commands namespace
# To return an action, assign: action = {...}

response = env.context.get('response',{})
if response.status_code != 200:
  log(f'调用企业供应商接口失败 code:{response.status_code} Content:{response.content}', level='info')
  raise UserError('您输入的社会统一信用代码错误，或者联系管理员！')
else:
  if response.json().get('error_code') and response.json().get('error_code') not in [0, 300000]:
    log(f'调用企业供应商接口成功，但查询结果失败 code:{response.status_code} Content:{response.content}', level='info')
    raise UserError('接口调用失败，请检查接口参数等信息是否有误，或者联系管理员！')
  if response.json().get('code'):
    log(f'调用企业供应商接口失败 code:{response.status_code} Content:{response.content}', level='info')
    raise UserError('接口调用失败，请检查参数格式是否有误，或者联系管理员！')

",0,days,false,false
359,ir.actions.server,action,"list,form","{""en_US"": ""接口请求结果处理（企业基本信息及主要人员）"", ""zh_CN"": ""接口请求结果处理（企业基本信息及主要人员）""}",5,676,api_post_action,code,galaxy.external.api.dummy,"# Available variables:
#  - env: Odoo Environment on which the action is triggered
#  - model: Odoo Model of the record on which the action is triggered; is a void recordset
#  - record: record on which the action is triggered; may be void
#  - records: recordset of all records on which the action is triggered in multi-mode; may be void
#  - time, datetime, dateutil, timezone: useful Python libraries
#  - float_compare: Odoo function to compare floats based on specific precisions
#  - log: log(message, level='info'): logging function to record debug information in ir.logging table
#  - UserError: Warning Exception to use with raise
#  - Command: x2Many commands namespace
# To return an action, assign: action = {...}

response = env.context.get('response',{})
if response.status_code != 200:
  log(f'调用企业基本信息及主要人员接口失败 code:{response.status_code} Content:{response.content}', level='info')
  raise UserError('您输入的社会统一信用代码错误，或者联系管理员！')
else:
  if response.json().get('error_code') and response.json().get('error_code') not in [0, 300000]:
    log(f'调用企业基本信息及主要人员接口成功，但查询结果失败 code:{response.status_code} Content:{response.content}', level='info')
    raise UserError('接口调用失败，请检查接口参数等信息是否有误，或者联系管理员！')
  if response.json().get('code'):
    log(f'调用企业基本信息及主要人员接口失败 code:{response.status_code} Content:{response.content}', level='info')
    raise UserError('接口调用失败，请检查参数格式是否有误，或者联系管理员！')

",0,days,false,false
360,ir.actions.server,action,"list,form","{""en_US"": ""接口请求结果处理（企业客户）"", ""zh_CN"": ""接口请求结果处理（企业客户）""}",5,676,api_post_action,code,galaxy.external.api.dummy,"# Available variables:
#  - env: Odoo Environment on which the action is triggered
#  - model: Odoo Model of the record on which the action is triggered; is a void recordset
#  - record: record on which the action is triggered; may be void
#  - records: recordset of all records on which the action is triggered in multi-mode; may be void
#  - time, datetime, dateutil, timezone: useful Python libraries
#  - float_compare: Odoo function to compare floats based on specific precisions
#  - log: log(message, level='info'): logging function to record debug information in ir.logging table
#  - UserError: Warning Exception to use with raise
#  - Command: x2Many commands namespace
# To return an action, assign: action = {...}

response = env.context.get('response',{})
if response.status_code != 200:
  log(f'调用企业客户接口失败 code:{response.status_code} Content:{response.content}', level='info')
  raise UserError('您输入的社会统一信用代码错误，或者联系管理员！')
else:
  if response.json().get('error_code') and response.json().get('error_code') not in [0, 300000]:
    log(f'调用企业客户接口成功，但查询结果失败 code:{response.status_code} Content:{response.content}', level='info')
    raise UserError('接口调用失败，请检查接口参数等信息是否有误，或者联系管理员！')
  if response.json().get('code'):
    log(f'调用企业客户接口失败 code:{response.status_code} Content:{response.content}', level='info')
    raise UserError('接口调用失败，请检查参数格式是否有误，或者联系管理员！')

",0,days,false,false
363,ir.actions.server,action,"list,form","{""en_US"": ""接口请求结果处理（企业微信公众号）"", ""zh_CN"": ""接口请求结果处理（企业微信公众号）""}",5,676,api_post_action,code,galaxy.external.api.dummy,"# Available variables:
#  - env: Odoo Environment on which the action is triggered
#  - model: Odoo Model of the record on which the action is triggered; is a void recordset
#  - record: record on which the action is triggered; may be void
#  - records: recordset of all records on which the action is triggered in multi-mode; may be void
#  - time, datetime, dateutil, timezone: useful Python libraries
#  - float_compare: Odoo function to compare floats based on specific precisions
#  - log: log(message, level='info'): logging function to record debug information in ir.logging table
#  - UserError: Warning Exception to use with raise
#  - Command: x2Many commands namespace
# To return an action, assign: action = {...}

response = env.context.get('response',{})
if response.status_code != 200:
  log(f'调用企业微信公众号接口失败 code:{response.status_code} Content:{response.content}', level='info')
  raise UserError('您输入的社会统一信用代码错误，或者联系管理员！')
else:
  if response.json().get('error_code') and response.json().get('error_code') not in [0, 300000]:
    log(f'调用企业微信公众号接口成功，但查询结果失败 code:{response.status_code} Content:{response.content}', level='info')
    raise UserError('接口调用失败，请检查接口参数等信息是否有误，或者联系管理员！')
  if response.json().get('code'):
    log(f'调用企业微信公众号接口失败 code:{response.status_code} Content:{response.content}', level='info')
    raise UserError('接口调用失败，请检查参数格式是否有误，或者联系管理员！')

",0,days,false,false
364,ir.actions.server,action,"list,form","{""en_US"": ""接口请求结果处理（ 企业专利信息）"", ""zh_CN"": ""接口请求结果处理（ 企业专利信息）""}",5,676,api_post_action,code,galaxy.external.api.dummy,"# Available variables:
#  - env: Odoo Environment on which the action is triggered
#  - model: Odoo Model of the record on which the action is triggered; is a void recordset
#  - record: record on which the action is triggered; may be void
#  - records: recordset of all records on which the action is triggered in multi-mode; may be void
#  - time, datetime, dateutil, timezone: useful Python libraries
#  - float_compare: Odoo function to compare floats based on specific precisions
#  - log: log(message, level='info'): logging function to record debug information in ir.logging table
#  - UserError: Warning Exception to use with raise
#  - Command: x2Many commands namespace
# To return an action, assign: action = {...}

response = env.context.get('response',{})
if response.status_code != 200:
  log(f'调用企业专利信息接口失败 code:{response.status_code} Content:{response.content}', level='info')
  raise UserError('您输入的社会统一信用代码错误，或者联系管理员！')
else:
  if response.json().get('error_code') and response.json().get('error_code') not in [0, 300000]:
    log(f'调用企业专利信息接口成功，但查询结果失败 code:{response.status_code} Content:{response.content}', level='info')
    raise UserError('接口调用失败，请检查接口参数等信息是否有误，或者联系管理员！')
  if response.json().get('code'):
    log(f'调用企业专利信息接口失败 code:{response.status_code} Content:{response.content}', level='info')
    raise UserError('接口调用失败，请检查参数格式是否有误，或者联系管理员！')

",0,days,false,false
362,ir.actions.server,action,"list,form","{""en_US"": ""接口请求结果处理（企业微博）"", ""zh_CN"": ""接口请求结果处理（企业微博）""}",5,676,api_post_action,code,galaxy.external.api.dummy,"# Available variables:
#  - env: Odoo Environment on which the action is triggered
#  - model: Odoo Model of the record on which the action is triggered; is a void recordset
#  - record: record on which the action is triggered; may be void
#  - records: recordset of all records on which the action is triggered in multi-mode; may be void
#  - time, datetime, dateutil, timezone: useful Python libraries
#  - float_compare: Odoo function to compare floats based on specific precisions
#  - log: log(message, level='info'): logging function to record debug information in ir.logging table
#  - UserError: Warning Exception to use with raise
#  - Command: x2Many commands namespace
# To return an action, assign: action = {...}

response = env.context.get('response',{})
if response.status_code != 200:
  log(f'调用企业微博接口失败 code:{response.status_code} Content:{response.content}', level='info')
  raise UserError('您输入的社会统一信用代码错误，或者联系管理员！')
else:
  if response.json().get('error_code') and response.json().get('error_code') not in [0, 300000]:
    log(f'调用企业微博接口成功，但查询结果失败 code:{response.status_code} Content:{response.content}', level='info')
    raise UserError('接口调用失败，请检查接口参数等信息是否有误，或者联系管理员！')
  if response.json().get('code'):
    log(f'调用企业微博接口失败 code:{response.status_code} Content:{response.content}', level='info')
    raise UserError('接口调用失败，请检查参数格式是否有误，或者联系管理员！')

",0,days,false,false
365,ir.actions.server,action,"list,form","{""en_US"": ""接口请求结果处理（软件著作权）"", ""zh_CN"": ""接口请求结果处理（软件著作权）""}",5,676,api_post_action,code,galaxy.external.api.dummy,"# Available variables:
#  - env: Odoo Environment on which the action is triggered
#  - model: Odoo Model of the record on which the action is triggered; is a void recordset
#  - record: record on which the action is triggered; may be void
#  - records: recordset of all records on which the action is triggered in multi-mode; may be void
#  - time, datetime, dateutil, timezone: useful Python libraries
#  - float_compare: Odoo function to compare floats based on specific precisions
#  - log: log(message, level='info'): logging function to record debug information in ir.logging table
#  - UserError: Warning Exception to use with raise
#  - Command: x2Many commands namespace
# To return an action, assign: action = {...}

response = env.context.get('response',{})
if response.status_code != 200:
  log(f'调用软件著作权接口失败 code:{response.status_code} Content:{response.content}', level='info')
  raise UserError('您输入的社会统一信用代码错误，或者联系管理员！')
else:
  if response.json().get('error_code') and response.json().get('error_code') not in [0, 300000]:
    log(f'调用软件著作权接口成功，但查询结果失败 code:{response.status_code} Content:{response.content}', level='info')
    raise UserError('接口调用失败，请检查接口参数等信息是否有误，或者联系管理员！')
  if response.json().get('code'):
    log(f'调用软件著作权接口失败 code:{response.status_code} Content:{response.content}', level='info')
    raise UserError('接口调用失败，请检查参数格式是否有误，或者联系管理员！')

",0,days,false,false
368,ir.actions.server,action,"list,form","{""en_US"": ""接口请求结果处理（网站备案）"", ""zh_CN"": ""接口请求结果处理（网站备案）""}",5,676,api_post_action,code,galaxy.external.api.dummy,"# Available variables:
#  - env: Odoo Environment on which the action is triggered
#  - model: Odoo Model of the record on which the action is triggered; is a void recordset
#  - record: record on which the action is triggered; may be void
#  - records: recordset of all records on which the action is triggered in multi-mode; may be void
#  - time, datetime, dateutil, timezone: useful Python libraries
#  - float_compare: Odoo function to compare floats based on specific precisions
#  - log: log(message, level='info'): logging function to record debug information in ir.logging table
#  - UserError: Warning Exception to use with raise
#  - Command: x2Many commands namespace
# To return an action, assign: action = {...}

response = env.context.get('response',{})
if response.status_code != 200:
  log(f'调用网站备案接口失败 code:{response.status_code} Content:{response.content}', level='info')
  raise UserError('您输入的社会统一信用代码错误，或者联系管理员！')
else:
  if response.json().get('error_code') and response.json().get('error_code') not in [0, 300000]:
    log(f'调用网站备案接口成功，但查询结果失败 code:{response.status_code} Content:{response.content}', level='info')
    raise UserError('接口调用失败，请检查接口参数等信息是否有误，或者联系管理员！')
  if response.json().get('code'):
    log(f'调用网站备案接口失败 code:{response.status_code} Content:{response.content}', level='info')
    raise UserError('接口调用失败，请检查参数格式是否有误，或者联系管理员！')

",0,days,false,false
367,ir.actions.server,action,"list,form","{""en_US"": ""接口请求结果处理（失信被执行人）"", ""zh_CN"": ""接口请求结果处理（失信被执行人）""}",5,676,api_post_action,code,galaxy.external.api.dummy,"# Available variables:
#  - env: Odoo Environment on which the action is triggered
#  - model: Odoo Model of the record on which the action is triggered; is a void recordset
#  - record: record on which the action is triggered; may be void
#  - records: recordset of all records on which the action is triggered in multi-mode; may be void
#  - time, datetime, dateutil, timezone: useful Python libraries
#  - float_compare: Odoo function to compare floats based on specific precisions
#  - log: log(message, level='info'): logging function to record debug information in ir.logging table
#  - UserError: Warning Exception to use with raise
#  - Command: x2Many commands namespace
# To return an action, assign: action = {...}

response = env.context.get('response',{})
if response.status_code != 200:
  log(f'调用失信被执行人接口失败 code:{response.status_code} Content:{response.content}', level='info')
  raise UserError('您输入的社会统一信用代码错误，或者联系管理员！')
else:
  if response.json().get('error_code') and response.json().get('error_code') not in [0, 300000]:
    log(f'调用失信被执行人接口成功，但查询结果失败 code:{response.status_code} Content:{response.content}', level='info')
    raise UserError('接口调用失败，请检查接口参数等信息是否有误，或者联系管理员！')
  if response.json().get('code'):
    log(f'调用失信被执行人接口失败 code:{response.status_code} Content:{response.content}', level='info')
    raise UserError('接口调用失败，请检查参数格式是否有误，或者联系管理员！')

",0,days,false,false
369,ir.actions.server,action,"list,form","{""en_US"": ""接口请求结果处理（行政处罚）"", ""zh_CN"": ""接口请求结果处理（行政处罚）""}",5,676,api_post_action,code,galaxy.external.api.dummy,"# Available variables:
#  - env: Odoo Environment on which the action is triggered
#  - model: Odoo Model of the record on which the action is triggered; is a void recordset
#  - record: record on which the action is triggered; may be void
#  - records: recordset of all records on which the action is triggered in multi-mode; may be void
#  - time, datetime, dateutil, timezone: useful Python libraries
#  - float_compare: Odoo function to compare floats based on specific precisions
#  - log: log(message, level='info'): logging function to record debug information in ir.logging table
#  - UserError: Warning Exception to use with raise
#  - Command: x2Many commands namespace
# To return an action, assign: action = {...}

response = env.context.get('response',{})
if response.status_code != 200:
  log(f'调用行政处罚接口失败 code:{response.status_code} Content:{response.content}', level='info')
  raise UserError('您输入的社会统一信用代码错误，或者联系管理员！')
else:
  if response.json().get('error_code') and response.json().get('error_code') not in [0, 300000]:
    log(f'调用行政处罚接口成功，但查询结果失败 code:{response.status_code} Content:{response.content}', level='info')
    raise UserError('接口调用失败，请检查接口参数等信息是否有误，或者联系管理员！')
  if response.json().get('code'):
    log(f'调用行政处罚接口失败 code:{response.status_code} Content:{response.content}', level='info')
    raise UserError('接口调用失败，请检查参数格式是否有误，或者联系管理员！')

",0,days,false,false
370,ir.actions.server,action,"list,form","{""en_US"": ""接口请求结果处理（异常名录）"", ""zh_CN"": ""接口请求结果处理（异常名录）""}",5,676,api_post_action,code,galaxy.external.api.dummy,"# Available variables:
#  - env: Odoo Environment on which the action is triggered
#  - model: Odoo Model of the record on which the action is triggered; is a void recordset
#  - record: record on which the action is triggered; may be void
#  - records: recordset of all records on which the action is triggered in multi-mode; may be void
#  - time, datetime, dateutil, timezone: useful Python libraries
#  - float_compare: Odoo function to compare floats based on specific precisions
#  - log: log(message, level='info'): logging function to record debug information in ir.logging table
#  - UserError: Warning Exception to use with raise
#  - Command: x2Many commands namespace
# To return an action, assign: action = {...}

response = env.context.get('response',{})
if response.status_code != 200:
  log(f'调用异常名录接口失败 code:{response.status_code} Content:{response.content}', level='info')
  raise UserError('您输入的社会统一信用代码错误，或者联系管理员！')
else:
  if response.json().get('error_code') and response.json().get('error_code') not in [0, 300000]:
    log(f'调用异常名录接口成功，但查询结果失败 code:{response.status_code} Content:{response.content}', level='info')
    raise UserError('接口调用失败，请检查接口参数等信息是否有误，或者联系管理员！')
  if response.json().get('code'):
    log(f'调用异常名录接口失败 code:{response.status_code} Content:{response.content}', level='info')
    raise UserError('接口调用失败，请检查参数格式是否有误，或者联系管理员！')

",0,days,false,false
371,ir.actions.server,action,"list,form","{""en_US"": ""接口请求结果处理（作品著作权）"", ""zh_CN"": ""接口请求结果处理（作品著作权）""}",5,676,api_post_action,code,galaxy.external.api.dummy,"# Available variables:
#  - env: Odoo Environment on which the action is triggered
#  - model: Odoo Model of the record on which the action is triggered; is a void recordset
#  - record: record on which the action is triggered; may be void
#  - records: recordset of all records on which the action is triggered in multi-mode; may be void
#  - time, datetime, dateutil, timezone: useful Python libraries
#  - float_compare: Odoo function to compare floats based on specific precisions
#  - log: log(message, level='info'): logging function to record debug information in ir.logging table
#  - UserError: Warning Exception to use with raise
#  - Command: x2Many commands namespace
# To return an action, assign: action = {...}

response = env.context.get('response',{})
if response.status_code != 200:
  log(f'调用作品著作权接口失败 code:{response.status_code} Content:{response.content}', level='info')
  raise UserError('您输入的社会统一信用代码错误，或者联系管理员！')
else:
  if response.json().get('error_code') and response.json().get('error_code') not in [0, 300000]:
    log(f'调用作品著作权接口成功，但查询结果失败 code:{response.status_code} Content:{response.content}', level='info')
    raise UserError('接口调用失败，请检查接口参数等信息是否有误，或者联系管理员！')
  if response.json().get('code'):
    log(f'调用作品著作权接口失败 code:{response.status_code} Content:{response.content}', level='info')
    raise UserError('接口调用失败，请检查参数格式是否有误，或者联系管理员！')

",0,days,false,false
372,ir.actions.server,action,"list,form","{""en_US"": ""接口请求结果处理（资质证书）"", ""zh_CN"": ""接口请求结果处理（资质证书）""}",5,676,api_post_action,code,galaxy.external.api.dummy,"# Available variables:
#  - env: Odoo Environment on which the action is triggered
#  - model: Odoo Model of the record on which the action is triggered; is a void recordset
#  - record: record on which the action is triggered; may be void
#  - records: recordset of all records on which the action is triggered in multi-mode; may be void
#  - time, datetime, dateutil, timezone: useful Python libraries
#  - float_compare: Odoo function to compare floats based on specific precisions
#  - log: log(message, level='info'): logging function to record debug information in ir.logging table
#  - UserError: Warning Exception to use with raise
#  - Command: x2Many commands namespace
# To return an action, assign: action = {...}

response = env.context.get('response',{})
if response.status_code != 200:
  log(f'调用资质证书接口失败 code:{response.status_code} Content:{response.content}', level='info')
  raise UserError('您输入的社会统一信用代码错误，或者联系管理员！')
else:
  if response.json().get('error_code') and response.json().get('error_code') not in [0, 300000]:
    log(f'调用资质证书接口成功，但查询结果失败 code:{response.status_code} Content:{response.content}', level='info')
    raise UserError('接口调用失败，请检查接口参数等信息是否有误，或者联系管理员！')
  if response.json().get('code'):
    log(f'调用资质证书接口失败 code:{response.status_code} Content:{response.content}', level='info')
    raise UserError('接口调用失败，请检查参数格式是否有误，或者联系管理员！')

",0,days,false,false
349,ir.actions.server,action,"list,form","{""en_US"": ""接口请求结果处理（企业征信信息查询infoverify）"", ""zh_CN"": ""接口请求结果处理（企业征信信息查询infoverify）""}",5,676,api_post_action,code,galaxy.external.api.dummy,"# Available variables:
#  - env: Odoo Environment on which the action is triggered
#  - model: Odoo Model of the record on which the action is triggered; is a void recordset
#  - record: record on which the action is triggered; may be void
#  - records: recordset of all records on which the action is triggered in multi-mode; may be void
#  - time, datetime, dateutil, timezone: useful Python libraries
#  - float_compare: Odoo function to compare floats based on specific precisions
#  - log: log(message, level='info'): logging function to record debug information in ir.logging table
#  - UserError: Warning Exception to use with raise
#  - Command: x2Many commands namespace
# To return an action, assign: action = {...}

response = env.context.get('response',{})
if response.status_code != 200:
  log(f'征信信息查询失败 code:{response.status_code} Content:{response.content}', level='info')
  raise UserError('征信信息查询失败！请检查信息是否有误或格式不对，如还未解决请联系管理员')
else:
  if response.json().get('code','') != '00' and response.json().get('code','') != '100002':
    log(f'征信信息查询接口调用成功，但查询结果失败 错误码:{response.status_code}', level='info')
    raise UserError('征信信息查询失败！请检查信息是否有误或格式不对，如还未解决请联系管理员')  

",0,days,false,false
