"id","country_id:id","state_id:id","code","name","revision"
mca_area_110000,base.cn,base.state_cn_BJ,"110000","北京市","201904"
mca_area_110101,base.cn,base.state_cn_BJ,"110101","东城区","201904"
mca_area_110102,base.cn,base.state_cn_BJ,"110102","西城区","201904"
mca_area_110105,base.cn,base.state_cn_BJ,"110105","朝阳区","201904"
mca_area_110106,base.cn,base.state_cn_BJ,"110106","丰台区","201904"
mca_area_110107,base.cn,base.state_cn_BJ,"110107","石景山区","201904"
mca_area_110108,base.cn,base.state_cn_BJ,"110108","海淀区","201904"
mca_area_110109,base.cn,base.state_cn_BJ,"110109","门头沟区","201904"
mca_area_110111,base.cn,base.state_cn_BJ,"110111","房山区","201904"
mca_area_110112,base.cn,base.state_cn_BJ,"110112","通州区","201904"
mca_area_110113,base.cn,base.state_cn_BJ,"110113","顺义区","201904"
mca_area_110114,base.cn,base.state_cn_BJ,"110114","昌平区","201904"
mca_area_110115,base.cn,base.state_cn_BJ,"110115","大兴区","201904"
mca_area_110116,base.cn,base.state_cn_BJ,"110116","怀柔区","201904"
mca_area_110117,base.cn,base.state_cn_BJ,"110117","平谷区","201904"
mca_area_110118,base.cn,base.state_cn_BJ,"110118","密云区","201904"
mca_area_110119,base.cn,base.state_cn_BJ,"110119","延庆区","201904"
mca_area_120000,base.cn,base.state_cn_TJ,"120000","天津市","201904"
mca_area_120101,base.cn,base.state_cn_TJ,"120101","和平区","201904"
mca_area_120102,base.cn,base.state_cn_TJ,"120102","河东区","201904"
mca_area_120103,base.cn,base.state_cn_TJ,"120103","河西区","201904"
mca_area_120104,base.cn,base.state_cn_TJ,"120104","南开区","201904"
mca_area_120105,base.cn,base.state_cn_TJ,"120105","河北区","201904"
mca_area_120106,base.cn,base.state_cn_TJ,"120106","红桥区","201904"
mca_area_120110,base.cn,base.state_cn_TJ,"120110","东丽区","201904"
mca_area_120111,base.cn,base.state_cn_TJ,"120111","西青区","201904"
mca_area_120112,base.cn,base.state_cn_TJ,"120112","津南区","201904"
mca_area_120113,base.cn,base.state_cn_TJ,"120113","北辰区","201904"
mca_area_120114,base.cn,base.state_cn_TJ,"120114","武清区","201904"
mca_area_120115,base.cn,base.state_cn_TJ,"120115","宝坻区","201904"
mca_area_120116,base.cn,base.state_cn_TJ,"120116","滨海新区","201904"
mca_area_120117,base.cn,base.state_cn_TJ,"120117","宁河区","201904"
mca_area_120118,base.cn,base.state_cn_TJ,"120118","静海区","201904"
mca_area_120119,base.cn,base.state_cn_TJ,"120119","蓟州区","201904"
mca_area_130000,base.cn,base.state_cn_HE,"130000","河北省","201904"
mca_area_130100,base.cn,base.state_cn_HE,"130100","石家庄市","201904"
mca_area_130102,base.cn,base.state_cn_HE,"130102","长安区","201904"
mca_area_130104,base.cn,base.state_cn_HE,"130104","桥西区","201904"
mca_area_130105,base.cn,base.state_cn_HE,"130105","新华区","201904"
mca_area_130107,base.cn,base.state_cn_HE,"130107","井陉矿区","201904"
mca_area_130108,base.cn,base.state_cn_HE,"130108","裕华区","201904"
mca_area_130109,base.cn,base.state_cn_HE,"130109","藁城区","201904"
mca_area_130110,base.cn,base.state_cn_HE,"130110","鹿泉区","201904"
mca_area_130111,base.cn,base.state_cn_HE,"130111","栾城区","201904"
mca_area_130121,base.cn,base.state_cn_HE,"130121","井陉县","201904"
mca_area_130123,base.cn,base.state_cn_HE,"130123","正定县","201904"
mca_area_130125,base.cn,base.state_cn_HE,"130125","行唐县","201904"
mca_area_130126,base.cn,base.state_cn_HE,"130126","灵寿县","201904"
mca_area_130127,base.cn,base.state_cn_HE,"130127","高邑县","201904"
mca_area_130128,base.cn,base.state_cn_HE,"130128","深泽县","201904"
mca_area_130129,base.cn,base.state_cn_HE,"130129","赞皇县","201904"
mca_area_130130,base.cn,base.state_cn_HE,"130130","无极县","201904"
mca_area_130131,base.cn,base.state_cn_HE,"130131","平山县","201904"
mca_area_130132,base.cn,base.state_cn_HE,"130132","元氏县","201904"
mca_area_130133,base.cn,base.state_cn_HE,"130133","赵县","201904"
mca_area_130181,base.cn,base.state_cn_HE,"130181","辛集市","201904"
mca_area_130183,base.cn,base.state_cn_HE,"130183","晋州市","201904"
mca_area_130184,base.cn,base.state_cn_HE,"130184","新乐市","201904"
mca_area_130200,base.cn,base.state_cn_HE,"130200","唐山市","201904"
mca_area_130202,base.cn,base.state_cn_HE,"130202","路南区","201904"
mca_area_130203,base.cn,base.state_cn_HE,"130203","路北区","201904"
mca_area_130204,base.cn,base.state_cn_HE,"130204","古冶区","201904"
mca_area_130205,base.cn,base.state_cn_HE,"130205","开平区","201904"
mca_area_130207,base.cn,base.state_cn_HE,"130207","丰南区","201904"
mca_area_130208,base.cn,base.state_cn_HE,"130208","丰润区","201904"
mca_area_130209,base.cn,base.state_cn_HE,"130209","曹妃甸区","201904"
mca_area_130224,base.cn,base.state_cn_HE,"130224","滦南县","201904"
mca_area_130225,base.cn,base.state_cn_HE,"130225","乐亭县","201904"
mca_area_130227,base.cn,base.state_cn_HE,"130227","迁西县","201904"
mca_area_130229,base.cn,base.state_cn_HE,"130229","玉田县","201904"
mca_area_130281,base.cn,base.state_cn_HE,"130281","遵化市","201904"
mca_area_130283,base.cn,base.state_cn_HE,"130283","迁安市","201904"
mca_area_130284,base.cn,base.state_cn_HE,"130284","滦州市","201904"
mca_area_130300,base.cn,base.state_cn_HE,"130300","秦皇岛市","201904"
mca_area_130302,base.cn,base.state_cn_HE,"130302","海港区","201904"
mca_area_130303,base.cn,base.state_cn_HE,"130303","山海关区","201904"
mca_area_130304,base.cn,base.state_cn_HE,"130304","北戴河区","201904"
mca_area_130306,base.cn,base.state_cn_HE,"130306","抚宁区","201904"
mca_area_130321,base.cn,base.state_cn_HE,"130321","青龙满族自治县","201904"
mca_area_130322,base.cn,base.state_cn_HE,"130322","昌黎县","201904"
mca_area_130324,base.cn,base.state_cn_HE,"130324","卢龙县","201904"
mca_area_130400,base.cn,base.state_cn_HE,"130400","邯郸市","201904"
mca_area_130402,base.cn,base.state_cn_HE,"130402","邯山区","201904"
mca_area_130403,base.cn,base.state_cn_HE,"130403","丛台区","201904"
mca_area_130404,base.cn,base.state_cn_HE,"130404","复兴区","201904"
mca_area_130406,base.cn,base.state_cn_HE,"130406","峰峰矿区","201904"
mca_area_130407,base.cn,base.state_cn_HE,"130407","肥乡区","201904"
mca_area_130408,base.cn,base.state_cn_HE,"130408","永年区","201904"
mca_area_130423,base.cn,base.state_cn_HE,"130423","临漳县","201904"
mca_area_130424,base.cn,base.state_cn_HE,"130424","成安县","201904"
mca_area_130425,base.cn,base.state_cn_HE,"130425","大名县","201904"
mca_area_130426,base.cn,base.state_cn_HE,"130426","涉县","201904"
mca_area_130427,base.cn,base.state_cn_HE,"130427","磁县","201904"
mca_area_130430,base.cn,base.state_cn_HE,"130430","邱县","201904"
mca_area_130431,base.cn,base.state_cn_HE,"130431","鸡泽县","201904"
mca_area_130432,base.cn,base.state_cn_HE,"130432","广平县","201904"
mca_area_130433,base.cn,base.state_cn_HE,"130433","馆陶县","201904"
mca_area_130434,base.cn,base.state_cn_HE,"130434","魏县","201904"
mca_area_130435,base.cn,base.state_cn_HE,"130435","曲周县","201904"
mca_area_130481,base.cn,base.state_cn_HE,"130481","武安市","201904"
mca_area_130500,base.cn,base.state_cn_HE,"130500","邢台市","201904"
mca_area_130502,base.cn,base.state_cn_HE,"130502","桥东区","201904"
mca_area_130503,base.cn,base.state_cn_HE,"130503","桥西区","201904"
mca_area_130521,base.cn,base.state_cn_HE,"130521","邢台县","201904"
mca_area_130522,base.cn,base.state_cn_HE,"130522","临城县","201904"
mca_area_130523,base.cn,base.state_cn_HE,"130523","内丘县","201904"
mca_area_130524,base.cn,base.state_cn_HE,"130524","柏乡县","201904"
mca_area_130525,base.cn,base.state_cn_HE,"130525","隆尧县","201904"
mca_area_130526,base.cn,base.state_cn_HE,"130526","任县","201904"
mca_area_130527,base.cn,base.state_cn_HE,"130527","南和县","201904"
mca_area_130528,base.cn,base.state_cn_HE,"130528","宁晋县","201904"
mca_area_130529,base.cn,base.state_cn_HE,"130529","巨鹿县","201904"
mca_area_130530,base.cn,base.state_cn_HE,"130530","新河县","201904"
mca_area_130531,base.cn,base.state_cn_HE,"130531","广宗县","201904"
mca_area_130532,base.cn,base.state_cn_HE,"130532","平乡县","201904"
mca_area_130533,base.cn,base.state_cn_HE,"130533","威县","201904"
mca_area_130534,base.cn,base.state_cn_HE,"130534","清河县","201904"
mca_area_130535,base.cn,base.state_cn_HE,"130535","临西县","201904"
mca_area_130581,base.cn,base.state_cn_HE,"130581","南宫市","201904"
mca_area_130582,base.cn,base.state_cn_HE,"130582","沙河市","201904"
mca_area_130600,base.cn,base.state_cn_HE,"130600","保定市","201904"
mca_area_130602,base.cn,base.state_cn_HE,"130602","竞秀区","201904"
mca_area_130606,base.cn,base.state_cn_HE,"130606","莲池区","201904"
mca_area_130607,base.cn,base.state_cn_HE,"130607","满城区","201904"
mca_area_130608,base.cn,base.state_cn_HE,"130608","清苑区","201904"
mca_area_130609,base.cn,base.state_cn_HE,"130609","徐水区","201904"
mca_area_130623,base.cn,base.state_cn_HE,"130623","涞水县","201904"
mca_area_130624,base.cn,base.state_cn_HE,"130624","阜平县","201904"
mca_area_130626,base.cn,base.state_cn_HE,"130626","定兴县","201904"
mca_area_130627,base.cn,base.state_cn_HE,"130627","唐县","201904"
mca_area_130628,base.cn,base.state_cn_HE,"130628","高阳县","201904"
mca_area_130629,base.cn,base.state_cn_HE,"130629","容城县","201904"
mca_area_130630,base.cn,base.state_cn_HE,"130630","涞源县","201904"
mca_area_130631,base.cn,base.state_cn_HE,"130631","望都县","201904"
mca_area_130632,base.cn,base.state_cn_HE,"130632","安新县","201904"
mca_area_130633,base.cn,base.state_cn_HE,"130633","易县","201904"
mca_area_130634,base.cn,base.state_cn_HE,"130634","曲阳县","201904"
mca_area_130635,base.cn,base.state_cn_HE,"130635","蠡县","201904"
mca_area_130636,base.cn,base.state_cn_HE,"130636","顺平县","201904"
mca_area_130637,base.cn,base.state_cn_HE,"130637","博野县","201904"
mca_area_130638,base.cn,base.state_cn_HE,"130638","雄县","201904"
mca_area_130681,base.cn,base.state_cn_HE,"130681","涿州市","201904"
mca_area_130682,base.cn,base.state_cn_HE,"130682","定州市","201904"
mca_area_130683,base.cn,base.state_cn_HE,"130683","安国市","201904"
mca_area_130684,base.cn,base.state_cn_HE,"130684","高碑店市","201904"
mca_area_130700,base.cn,base.state_cn_HE,"130700","张家口市","201904"
mca_area_130702,base.cn,base.state_cn_HE,"130702","桥东区","201904"
mca_area_130703,base.cn,base.state_cn_HE,"130703","桥西区","201904"
mca_area_130705,base.cn,base.state_cn_HE,"130705","宣化区","201904"
mca_area_130706,base.cn,base.state_cn_HE,"130706","下花园区","201904"
mca_area_130708,base.cn,base.state_cn_HE,"130708","万全区","201904"
mca_area_130709,base.cn,base.state_cn_HE,"130709","崇礼区","201904"
mca_area_130722,base.cn,base.state_cn_HE,"130722","张北县","201904"
mca_area_130723,base.cn,base.state_cn_HE,"130723","康保县","201904"
mca_area_130724,base.cn,base.state_cn_HE,"130724","沽源县","201904"
mca_area_130725,base.cn,base.state_cn_HE,"130725","尚义县","201904"
mca_area_130726,base.cn,base.state_cn_HE,"130726","蔚县","201904"
mca_area_130727,base.cn,base.state_cn_HE,"130727","阳原县","201904"
mca_area_130728,base.cn,base.state_cn_HE,"130728","怀安县","201904"
mca_area_130730,base.cn,base.state_cn_HE,"130730","怀来县","201904"
mca_area_130731,base.cn,base.state_cn_HE,"130731","涿鹿县","201904"
mca_area_130732,base.cn,base.state_cn_HE,"130732","赤城县","201904"
mca_area_130800,base.cn,base.state_cn_HE,"130800","承德市","201904"
mca_area_130802,base.cn,base.state_cn_HE,"130802","双桥区","201904"
mca_area_130803,base.cn,base.state_cn_HE,"130803","双滦区","201904"
mca_area_130804,base.cn,base.state_cn_HE,"130804","鹰手营子矿区","201904"
mca_area_130821,base.cn,base.state_cn_HE,"130821","承德县","201904"
mca_area_130822,base.cn,base.state_cn_HE,"130822","兴隆县","201904"
mca_area_130824,base.cn,base.state_cn_HE,"130824","滦平县","201904"
mca_area_130825,base.cn,base.state_cn_HE,"130825","隆化县","201904"
mca_area_130826,base.cn,base.state_cn_HE,"130826","丰宁满族自治县","201904"
mca_area_130827,base.cn,base.state_cn_HE,"130827","宽城满族自治县","201904"
mca_area_130828,base.cn,base.state_cn_HE,"130828","围场满族蒙古族自治县","201904"
mca_area_130881,base.cn,base.state_cn_HE,"130881","平泉市","201904"
mca_area_130900,base.cn,base.state_cn_HE,"130900","沧州市","201904"
mca_area_130902,base.cn,base.state_cn_HE,"130902","新华区","201904"
mca_area_130903,base.cn,base.state_cn_HE,"130903","运河区","201904"
mca_area_130921,base.cn,base.state_cn_HE,"130921","沧县","201904"
mca_area_130922,base.cn,base.state_cn_HE,"130922","青县","201904"
mca_area_130923,base.cn,base.state_cn_HE,"130923","东光县","201904"
mca_area_130924,base.cn,base.state_cn_HE,"130924","海兴县","201904"
mca_area_130925,base.cn,base.state_cn_HE,"130925","盐山县","201904"
mca_area_130926,base.cn,base.state_cn_HE,"130926","肃宁县","201904"
mca_area_130927,base.cn,base.state_cn_HE,"130927","南皮县","201904"
mca_area_130928,base.cn,base.state_cn_HE,"130928","吴桥县","201904"
mca_area_130929,base.cn,base.state_cn_HE,"130929","献县","201904"
mca_area_130930,base.cn,base.state_cn_HE,"130930","孟村回族自治县","201904"
mca_area_130981,base.cn,base.state_cn_HE,"130981","泊头市","201904"
mca_area_130982,base.cn,base.state_cn_HE,"130982","任丘市","201904"
mca_area_130983,base.cn,base.state_cn_HE,"130983","黄骅市","201904"
mca_area_130984,base.cn,base.state_cn_HE,"130984","河间市","201904"
mca_area_131000,base.cn,base.state_cn_HE,"131000","廊坊市","201904"
mca_area_131002,base.cn,base.state_cn_HE,"131002","安次区","201904"
mca_area_131003,base.cn,base.state_cn_HE,"131003","广阳区","201904"
mca_area_131022,base.cn,base.state_cn_HE,"131022","固安县","201904"
mca_area_131023,base.cn,base.state_cn_HE,"131023","永清县","201904"
mca_area_131024,base.cn,base.state_cn_HE,"131024","香河县","201904"
mca_area_131025,base.cn,base.state_cn_HE,"131025","大城县","201904"
mca_area_131026,base.cn,base.state_cn_HE,"131026","文安县","201904"
mca_area_131028,base.cn,base.state_cn_HE,"131028","大厂回族自治县","201904"
mca_area_131081,base.cn,base.state_cn_HE,"131081","霸州市","201904"
mca_area_131082,base.cn,base.state_cn_HE,"131082","三河市","201904"
mca_area_131100,base.cn,base.state_cn_HE,"131100","衡水市","201904"
mca_area_131102,base.cn,base.state_cn_HE,"131102","桃城区","201904"
mca_area_131103,base.cn,base.state_cn_HE,"131103","冀州区","201904"
mca_area_131121,base.cn,base.state_cn_HE,"131121","枣强县","201904"
mca_area_131122,base.cn,base.state_cn_HE,"131122","武邑县","201904"
mca_area_131123,base.cn,base.state_cn_HE,"131123","武强县","201904"
mca_area_131124,base.cn,base.state_cn_HE,"131124","饶阳县","201904"
mca_area_131125,base.cn,base.state_cn_HE,"131125","安平县","201904"
mca_area_131126,base.cn,base.state_cn_HE,"131126","故城县","201904"
mca_area_131127,base.cn,base.state_cn_HE,"131127","景县","201904"
mca_area_131128,base.cn,base.state_cn_HE,"131128","阜城县","201904"
mca_area_131182,base.cn,base.state_cn_HE,"131182","深州市","201904"
mca_area_140000,base.cn,base.state_cn_SX,"140000","山西省","201904"
mca_area_140100,base.cn,base.state_cn_SX,"140100","太原市","201904"
mca_area_140105,base.cn,base.state_cn_SX,"140105","小店区","201904"
mca_area_140106,base.cn,base.state_cn_SX,"140106","迎泽区","201904"
mca_area_140107,base.cn,base.state_cn_SX,"140107","杏花岭区","201904"
mca_area_140108,base.cn,base.state_cn_SX,"140108","尖草坪区","201904"
mca_area_140109,base.cn,base.state_cn_SX,"140109","万柏林区","201904"
mca_area_140110,base.cn,base.state_cn_SX,"140110","晋源区","201904"
mca_area_140121,base.cn,base.state_cn_SX,"140121","清徐县","201904"
mca_area_140122,base.cn,base.state_cn_SX,"140122","阳曲县","201904"
mca_area_140123,base.cn,base.state_cn_SX,"140123","娄烦县","201904"
mca_area_140181,base.cn,base.state_cn_SX,"140181","古交市","201904"
mca_area_140200,base.cn,base.state_cn_SX,"140200","大同市","201904"
mca_area_140212,base.cn,base.state_cn_SX,"140212","新荣区","201904"
mca_area_140213,base.cn,base.state_cn_SX,"140213","平城区","201904"
mca_area_140214,base.cn,base.state_cn_SX,"140214","云冈区","201904"
mca_area_140215,base.cn,base.state_cn_SX,"140215","云州区","201904"
mca_area_140221,base.cn,base.state_cn_SX,"140221","阳高县","201904"
mca_area_140222,base.cn,base.state_cn_SX,"140222","天镇县","201904"
mca_area_140223,base.cn,base.state_cn_SX,"140223","广灵县","201904"
mca_area_140224,base.cn,base.state_cn_SX,"140224","灵丘县","201904"
mca_area_140225,base.cn,base.state_cn_SX,"140225","浑源县","201904"
mca_area_140226,base.cn,base.state_cn_SX,"140226","左云县","201904"
mca_area_140300,base.cn,base.state_cn_SX,"140300","阳泉市","201904"
mca_area_140302,base.cn,base.state_cn_SX,"140302","城区","201904"
mca_area_140303,base.cn,base.state_cn_SX,"140303","矿区","201904"
mca_area_140311,base.cn,base.state_cn_SX,"140311","郊区","201904"
mca_area_140321,base.cn,base.state_cn_SX,"140321","平定县","201904"
mca_area_140322,base.cn,base.state_cn_SX,"140322","盂县","201904"
mca_area_140400,base.cn,base.state_cn_SX,"140400","长治市","201904"
mca_area_140403,base.cn,base.state_cn_SX,"140403","潞州区","201904"
mca_area_140404,base.cn,base.state_cn_SX,"140404","上党区","201904"
mca_area_140405,base.cn,base.state_cn_SX,"140405","屯留区","201904"
mca_area_140406,base.cn,base.state_cn_SX,"140406","潞城区","201904"
mca_area_140423,base.cn,base.state_cn_SX,"140423","襄垣县","201904"
mca_area_140425,base.cn,base.state_cn_SX,"140425","平顺县","201904"
mca_area_140426,base.cn,base.state_cn_SX,"140426","黎城县","201904"
mca_area_140427,base.cn,base.state_cn_SX,"140427","壶关县","201904"
mca_area_140428,base.cn,base.state_cn_SX,"140428","长子县","201904"
mca_area_140429,base.cn,base.state_cn_SX,"140429","武乡县","201904"
mca_area_140430,base.cn,base.state_cn_SX,"140430","沁县","201904"
mca_area_140431,base.cn,base.state_cn_SX,"140431","沁源县","201904"
mca_area_140500,base.cn,base.state_cn_SX,"140500","晋城市","201904"
mca_area_140502,base.cn,base.state_cn_SX,"140502","城区","201904"
mca_area_140521,base.cn,base.state_cn_SX,"140521","沁水县","201904"
mca_area_140522,base.cn,base.state_cn_SX,"140522","阳城县","201904"
mca_area_140524,base.cn,base.state_cn_SX,"140524","陵川县","201904"
mca_area_140525,base.cn,base.state_cn_SX,"140525","泽州县","201904"
mca_area_140581,base.cn,base.state_cn_SX,"140581","高平市","201904"
mca_area_140600,base.cn,base.state_cn_SX,"140600","朔州市","201904"
mca_area_140602,base.cn,base.state_cn_SX,"140602","朔城区","201904"
mca_area_140603,base.cn,base.state_cn_SX,"140603","平鲁区","201904"
mca_area_140621,base.cn,base.state_cn_SX,"140621","山阴县","201904"
mca_area_140622,base.cn,base.state_cn_SX,"140622","应县","201904"
mca_area_140623,base.cn,base.state_cn_SX,"140623","右玉县","201904"
mca_area_140681,base.cn,base.state_cn_SX,"140681","怀仁市","201904"
mca_area_140700,base.cn,base.state_cn_SX,"140700","晋中市","201904"
mca_area_140702,base.cn,base.state_cn_SX,"140702","榆次区","201904"
mca_area_140721,base.cn,base.state_cn_SX,"140721","榆社县","201904"
mca_area_140722,base.cn,base.state_cn_SX,"140722","左权县","201904"
mca_area_140723,base.cn,base.state_cn_SX,"140723","和顺县","201904"
mca_area_140724,base.cn,base.state_cn_SX,"140724","昔阳县","201904"
mca_area_140725,base.cn,base.state_cn_SX,"140725","寿阳县","201904"
mca_area_140726,base.cn,base.state_cn_SX,"140726","太谷县","201904"
mca_area_140727,base.cn,base.state_cn_SX,"140727","祁县","201904"
mca_area_140728,base.cn,base.state_cn_SX,"140728","平遥县","201904"
mca_area_140729,base.cn,base.state_cn_SX,"140729","灵石县","201904"
mca_area_140781,base.cn,base.state_cn_SX,"140781","介休市","201904"
mca_area_140800,base.cn,base.state_cn_SX,"140800","运城市","201904"
mca_area_140802,base.cn,base.state_cn_SX,"140802","盐湖区","201904"
mca_area_140821,base.cn,base.state_cn_SX,"140821","临猗县","201904"
mca_area_140822,base.cn,base.state_cn_SX,"140822","万荣县","201904"
mca_area_140823,base.cn,base.state_cn_SX,"140823","闻喜县","201904"
mca_area_140824,base.cn,base.state_cn_SX,"140824","稷山县","201904"
mca_area_140825,base.cn,base.state_cn_SX,"140825","新绛县","201904"
mca_area_140826,base.cn,base.state_cn_SX,"140826","绛县","201904"
mca_area_140827,base.cn,base.state_cn_SX,"140827","垣曲县","201904"
mca_area_140828,base.cn,base.state_cn_SX,"140828","夏县","201904"
mca_area_140829,base.cn,base.state_cn_SX,"140829","平陆县","201904"
mca_area_140830,base.cn,base.state_cn_SX,"140830","芮城县","201904"
mca_area_140881,base.cn,base.state_cn_SX,"140881","永济市","201904"
mca_area_140882,base.cn,base.state_cn_SX,"140882","河津市","201904"
mca_area_140900,base.cn,base.state_cn_SX,"140900","忻州市","201904"
mca_area_140902,base.cn,base.state_cn_SX,"140902","忻府区","201904"
mca_area_140921,base.cn,base.state_cn_SX,"140921","定襄县","201904"
mca_area_140922,base.cn,base.state_cn_SX,"140922","五台县","201904"
mca_area_140923,base.cn,base.state_cn_SX,"140923","代县","201904"
mca_area_140924,base.cn,base.state_cn_SX,"140924","繁峙县","201904"
mca_area_140925,base.cn,base.state_cn_SX,"140925","宁武县","201904"
mca_area_140926,base.cn,base.state_cn_SX,"140926","静乐县","201904"
mca_area_140927,base.cn,base.state_cn_SX,"140927","神池县","201904"
mca_area_140928,base.cn,base.state_cn_SX,"140928","五寨县","201904"
mca_area_140929,base.cn,base.state_cn_SX,"140929","岢岚县","201904"
mca_area_140930,base.cn,base.state_cn_SX,"140930","河曲县","201904"
mca_area_140931,base.cn,base.state_cn_SX,"140931","保德县","201904"
mca_area_140932,base.cn,base.state_cn_SX,"140932","偏关县","201904"
mca_area_140981,base.cn,base.state_cn_SX,"140981","原平市","201904"
mca_area_141000,base.cn,base.state_cn_SX,"141000","临汾市","201904"
mca_area_141002,base.cn,base.state_cn_SX,"141002","尧都区","201904"
mca_area_141021,base.cn,base.state_cn_SX,"141021","曲沃县","201904"
mca_area_141022,base.cn,base.state_cn_SX,"141022","翼城县","201904"
mca_area_141023,base.cn,base.state_cn_SX,"141023","襄汾县","201904"
mca_area_141024,base.cn,base.state_cn_SX,"141024","洪洞县","201904"
mca_area_141025,base.cn,base.state_cn_SX,"141025","古县","201904"
mca_area_141026,base.cn,base.state_cn_SX,"141026","安泽县","201904"
mca_area_141027,base.cn,base.state_cn_SX,"141027","浮山县","201904"
mca_area_141028,base.cn,base.state_cn_SX,"141028","吉县","201904"
mca_area_141029,base.cn,base.state_cn_SX,"141029","乡宁县","201904"
mca_area_141030,base.cn,base.state_cn_SX,"141030","大宁县","201904"
mca_area_141031,base.cn,base.state_cn_SX,"141031","隰县","201904"
mca_area_141032,base.cn,base.state_cn_SX,"141032","永和县","201904"
mca_area_141033,base.cn,base.state_cn_SX,"141033","蒲县","201904"
mca_area_141034,base.cn,base.state_cn_SX,"141034","汾西县","201904"
mca_area_141081,base.cn,base.state_cn_SX,"141081","侯马市","201904"
mca_area_141082,base.cn,base.state_cn_SX,"141082","霍州市","201904"
mca_area_141100,base.cn,base.state_cn_SX,"141100","吕梁市","201904"
mca_area_141102,base.cn,base.state_cn_SX,"141102","离石区","201904"
mca_area_141121,base.cn,base.state_cn_SX,"141121","文水县","201904"
mca_area_141122,base.cn,base.state_cn_SX,"141122","交城县","201904"
mca_area_141123,base.cn,base.state_cn_SX,"141123","兴县","201904"
mca_area_141124,base.cn,base.state_cn_SX,"141124","临县","201904"
mca_area_141125,base.cn,base.state_cn_SX,"141125","柳林县","201904"
mca_area_141126,base.cn,base.state_cn_SX,"141126","石楼县","201904"
mca_area_141127,base.cn,base.state_cn_SX,"141127","岚县","201904"
mca_area_141128,base.cn,base.state_cn_SX,"141128","方山县","201904"
mca_area_141129,base.cn,base.state_cn_SX,"141129","中阳县","201904"
mca_area_141130,base.cn,base.state_cn_SX,"141130","交口县","201904"
mca_area_141181,base.cn,base.state_cn_SX,"141181","孝义市","201904"
mca_area_141182,base.cn,base.state_cn_SX,"141182","汾阳市","201904"
mca_area_150000,base.cn,base.state_cn_NM,"150000","内蒙古自治区","201904"
mca_area_150100,base.cn,base.state_cn_NM,"150100","呼和浩特市","201904"
mca_area_150102,base.cn,base.state_cn_NM,"150102","新城区","201904"
mca_area_150103,base.cn,base.state_cn_NM,"150103","回民区","201904"
mca_area_150104,base.cn,base.state_cn_NM,"150104","玉泉区","201904"
mca_area_150105,base.cn,base.state_cn_NM,"150105","赛罕区","201904"
mca_area_150121,base.cn,base.state_cn_NM,"150121","土默特左旗","201904"
mca_area_150122,base.cn,base.state_cn_NM,"150122","托克托县","201904"
mca_area_150123,base.cn,base.state_cn_NM,"150123","和林格尔县","201904"
mca_area_150124,base.cn,base.state_cn_NM,"150124","清水河县","201904"
mca_area_150125,base.cn,base.state_cn_NM,"150125","武川县","201904"
mca_area_150200,base.cn,base.state_cn_NM,"150200","包头市","201904"
mca_area_150202,base.cn,base.state_cn_NM,"150202","东河区","201904"
mca_area_150203,base.cn,base.state_cn_NM,"150203","昆都仑区","201904"
mca_area_150204,base.cn,base.state_cn_NM,"150204","青山区","201904"
mca_area_150205,base.cn,base.state_cn_NM,"150205","石拐区","201904"
mca_area_150206,base.cn,base.state_cn_NM,"150206","白云鄂博矿区","201904"
mca_area_150207,base.cn,base.state_cn_NM,"150207","九原区","201904"
mca_area_150221,base.cn,base.state_cn_NM,"150221","土默特右旗","201904"
mca_area_150222,base.cn,base.state_cn_NM,"150222","固阳县","201904"
mca_area_150223,base.cn,base.state_cn_NM,"150223","达尔罕茂明安联合旗","201904"
mca_area_150300,base.cn,base.state_cn_NM,"150300","乌海市","201904"
mca_area_150302,base.cn,base.state_cn_NM,"150302","海勃湾区","201904"
mca_area_150303,base.cn,base.state_cn_NM,"150303","海南区","201904"
mca_area_150304,base.cn,base.state_cn_NM,"150304","乌达区","201904"
mca_area_150400,base.cn,base.state_cn_NM,"150400","赤峰市","201904"
mca_area_150402,base.cn,base.state_cn_NM,"150402","红山区","201904"
mca_area_150403,base.cn,base.state_cn_NM,"150403","元宝山区","201904"
mca_area_150404,base.cn,base.state_cn_NM,"150404","松山区","201904"
mca_area_150421,base.cn,base.state_cn_NM,"150421","阿鲁科尔沁旗","201904"
mca_area_150422,base.cn,base.state_cn_NM,"150422","巴林左旗","201904"
mca_area_150423,base.cn,base.state_cn_NM,"150423","巴林右旗","201904"
mca_area_150424,base.cn,base.state_cn_NM,"150424","林西县","201904"
mca_area_150425,base.cn,base.state_cn_NM,"150425","克什克腾旗","201904"
mca_area_150426,base.cn,base.state_cn_NM,"150426","翁牛特旗","201904"
mca_area_150428,base.cn,base.state_cn_NM,"150428","喀喇沁旗","201904"
mca_area_150429,base.cn,base.state_cn_NM,"150429","宁城县","201904"
mca_area_150430,base.cn,base.state_cn_NM,"150430","敖汉旗","201904"
mca_area_150500,base.cn,base.state_cn_NM,"150500","通辽市","201904"
mca_area_150502,base.cn,base.state_cn_NM,"150502","科尔沁区","201904"
mca_area_150521,base.cn,base.state_cn_NM,"150521","科尔沁左翼中旗","201904"
mca_area_150522,base.cn,base.state_cn_NM,"150522","科尔沁左翼后旗","201904"
mca_area_150523,base.cn,base.state_cn_NM,"150523","开鲁县","201904"
mca_area_150524,base.cn,base.state_cn_NM,"150524","库伦旗","201904"
mca_area_150525,base.cn,base.state_cn_NM,"150525","奈曼旗","201904"
mca_area_150526,base.cn,base.state_cn_NM,"150526","扎鲁特旗","201904"
mca_area_150581,base.cn,base.state_cn_NM,"150581","霍林郭勒市","201904"
mca_area_150600,base.cn,base.state_cn_NM,"150600","鄂尔多斯市","201904"
mca_area_150602,base.cn,base.state_cn_NM,"150602","东胜区","201904"
mca_area_150603,base.cn,base.state_cn_NM,"150603","康巴什区","201904"
mca_area_150621,base.cn,base.state_cn_NM,"150621","达拉特旗","201904"
mca_area_150622,base.cn,base.state_cn_NM,"150622","准格尔旗","201904"
mca_area_150623,base.cn,base.state_cn_NM,"150623","鄂托克前旗","201904"
mca_area_150624,base.cn,base.state_cn_NM,"150624","鄂托克旗","201904"
mca_area_150625,base.cn,base.state_cn_NM,"150625","杭锦旗","201904"
mca_area_150626,base.cn,base.state_cn_NM,"150626","乌审旗","201904"
mca_area_150627,base.cn,base.state_cn_NM,"150627","伊金霍洛旗","201904"
mca_area_150700,base.cn,base.state_cn_NM,"150700","呼伦贝尔市","201904"
mca_area_150702,base.cn,base.state_cn_NM,"150702","海拉尔区","201904"
mca_area_150703,base.cn,base.state_cn_NM,"150703","扎赉诺尔区","201904"
mca_area_150721,base.cn,base.state_cn_NM,"150721","阿荣旗","201904"
mca_area_150722,base.cn,base.state_cn_NM,"150722","莫力达瓦达斡尔族自治旗","201904"
mca_area_150723,base.cn,base.state_cn_NM,"150723","鄂伦春自治旗","201904"
mca_area_150724,base.cn,base.state_cn_NM,"150724","鄂温克族自治旗","201904"
mca_area_150725,base.cn,base.state_cn_NM,"150725","陈巴尔虎旗","201904"
mca_area_150726,base.cn,base.state_cn_NM,"150726","新巴尔虎左旗","201904"
mca_area_150727,base.cn,base.state_cn_NM,"150727","新巴尔虎右旗","201904"
mca_area_150781,base.cn,base.state_cn_NM,"150781","满洲里市","201904"
mca_area_150782,base.cn,base.state_cn_NM,"150782","牙克石市","201904"
mca_area_150783,base.cn,base.state_cn_NM,"150783","扎兰屯市","201904"
mca_area_150784,base.cn,base.state_cn_NM,"150784","额尔古纳市","201904"
mca_area_150785,base.cn,base.state_cn_NM,"150785","根河市","201904"
mca_area_150800,base.cn,base.state_cn_NM,"150800","巴彦淖尔市","201904"
mca_area_150802,base.cn,base.state_cn_NM,"150802","临河区","201904"
mca_area_150821,base.cn,base.state_cn_NM,"150821","五原县","201904"
mca_area_150822,base.cn,base.state_cn_NM,"150822","磴口县","201904"
mca_area_150823,base.cn,base.state_cn_NM,"150823","乌拉特前旗","201904"
mca_area_150824,base.cn,base.state_cn_NM,"150824","乌拉特中旗","201904"
mca_area_150825,base.cn,base.state_cn_NM,"150825","乌拉特后旗","201904"
mca_area_150826,base.cn,base.state_cn_NM,"150826","杭锦后旗","201904"
mca_area_150900,base.cn,base.state_cn_NM,"150900","乌兰察布市","201904"
mca_area_150902,base.cn,base.state_cn_NM,"150902","集宁区","201904"
mca_area_150921,base.cn,base.state_cn_NM,"150921","卓资县","201904"
mca_area_150922,base.cn,base.state_cn_NM,"150922","化德县","201904"
mca_area_150923,base.cn,base.state_cn_NM,"150923","商都县","201904"
mca_area_150924,base.cn,base.state_cn_NM,"150924","兴和县","201904"
mca_area_150925,base.cn,base.state_cn_NM,"150925","凉城县","201904"
mca_area_150926,base.cn,base.state_cn_NM,"150926","察哈尔右翼前旗","201904"
mca_area_150927,base.cn,base.state_cn_NM,"150927","察哈尔右翼中旗","201904"
mca_area_150928,base.cn,base.state_cn_NM,"150928","察哈尔右翼后旗","201904"
mca_area_150929,base.cn,base.state_cn_NM,"150929","四子王旗","201904"
mca_area_150981,base.cn,base.state_cn_NM,"150981","丰镇市","201904"
mca_area_152200,base.cn,base.state_cn_NM,"152200","兴安盟","201904"
mca_area_152201,base.cn,base.state_cn_NM,"152201","乌兰浩特市","201904"
mca_area_152202,base.cn,base.state_cn_NM,"152202","阿尔山市","201904"
mca_area_152221,base.cn,base.state_cn_NM,"152221","科尔沁右翼前旗","201904"
mca_area_152222,base.cn,base.state_cn_NM,"152222","科尔沁右翼中旗","201904"
mca_area_152223,base.cn,base.state_cn_NM,"152223","扎赉特旗","201904"
mca_area_152224,base.cn,base.state_cn_NM,"152224","突泉县","201904"
mca_area_152500,base.cn,base.state_cn_NM,"152500","锡林郭勒盟","201904"
mca_area_152501,base.cn,base.state_cn_NM,"152501","二连浩特市","201904"
mca_area_152502,base.cn,base.state_cn_NM,"152502","锡林浩特市","201904"
mca_area_152522,base.cn,base.state_cn_NM,"152522","阿巴嘎旗","201904"
mca_area_152523,base.cn,base.state_cn_NM,"152523","苏尼特左旗","201904"
mca_area_152524,base.cn,base.state_cn_NM,"152524","苏尼特右旗","201904"
mca_area_152525,base.cn,base.state_cn_NM,"152525","东乌珠穆沁旗","201904"
mca_area_152526,base.cn,base.state_cn_NM,"152526","西乌珠穆沁旗","201904"
mca_area_152527,base.cn,base.state_cn_NM,"152527","太仆寺旗","201904"
mca_area_152528,base.cn,base.state_cn_NM,"152528","镶黄旗","201904"
mca_area_152529,base.cn,base.state_cn_NM,"152529","正镶白旗","201904"
mca_area_152530,base.cn,base.state_cn_NM,"152530","正蓝旗","201904"
mca_area_152531,base.cn,base.state_cn_NM,"152531","多伦县","201904"
mca_area_152900,base.cn,base.state_cn_NM,"152900","阿拉善盟","201904"
mca_area_152921,base.cn,base.state_cn_NM,"152921","阿拉善左旗","201904"
mca_area_152922,base.cn,base.state_cn_NM,"152922","阿拉善右旗","201904"
mca_area_152923,base.cn,base.state_cn_NM,"152923","额济纳旗","201904"
mca_area_210000,base.cn,base.state_cn_LN,"210000","辽宁省","201904"
mca_area_210100,base.cn,base.state_cn_LN,"210100","沈阳市","201904"
mca_area_210102,base.cn,base.state_cn_LN,"210102","和平区","201904"
mca_area_210103,base.cn,base.state_cn_LN,"210103","沈河区","201904"
mca_area_210104,base.cn,base.state_cn_LN,"210104","大东区","201904"
mca_area_210105,base.cn,base.state_cn_LN,"210105","皇姑区","201904"
mca_area_210106,base.cn,base.state_cn_LN,"210106","铁西区","201904"
mca_area_210111,base.cn,base.state_cn_LN,"210111","苏家屯区","201904"
mca_area_210112,base.cn,base.state_cn_LN,"210112","浑南区","201904"
mca_area_210113,base.cn,base.state_cn_LN,"210113","沈北新区","201904"
mca_area_210114,base.cn,base.state_cn_LN,"210114","于洪区","201904"
mca_area_210115,base.cn,base.state_cn_LN,"210115","辽中区","201904"
mca_area_210123,base.cn,base.state_cn_LN,"210123","康平县","201904"
mca_area_210124,base.cn,base.state_cn_LN,"210124","法库县","201904"
mca_area_210181,base.cn,base.state_cn_LN,"210181","新民市","201904"
mca_area_210200,base.cn,base.state_cn_LN,"210200","大连市","201904"
mca_area_210202,base.cn,base.state_cn_LN,"210202","中山区","201904"
mca_area_210203,base.cn,base.state_cn_LN,"210203","西岗区","201904"
mca_area_210204,base.cn,base.state_cn_LN,"210204","沙河口区","201904"
mca_area_210211,base.cn,base.state_cn_LN,"210211","甘井子区","201904"
mca_area_210212,base.cn,base.state_cn_LN,"210212","旅顺口区","201904"
mca_area_210213,base.cn,base.state_cn_LN,"210213","金州区","201904"
mca_area_210214,base.cn,base.state_cn_LN,"210214","普兰店区","201904"
mca_area_210224,base.cn,base.state_cn_LN,"210224","长海县","201904"
mca_area_210281,base.cn,base.state_cn_LN,"210281","瓦房店市","201904"
mca_area_210283,base.cn,base.state_cn_LN,"210283","庄河市","201904"
mca_area_210300,base.cn,base.state_cn_LN,"210300","鞍山市","201904"
mca_area_210302,base.cn,base.state_cn_LN,"210302","铁东区","201904"
mca_area_210303,base.cn,base.state_cn_LN,"210303","铁西区","201904"
mca_area_210304,base.cn,base.state_cn_LN,"210304","立山区","201904"
mca_area_210311,base.cn,base.state_cn_LN,"210311","千山区","201904"
mca_area_210321,base.cn,base.state_cn_LN,"210321","台安县","201904"
mca_area_210323,base.cn,base.state_cn_LN,"210323","岫岩满族自治县","201904"
mca_area_210381,base.cn,base.state_cn_LN,"210381","海城市","201904"
mca_area_210400,base.cn,base.state_cn_LN,"210400","抚顺市","201904"
mca_area_210402,base.cn,base.state_cn_LN,"210402","新抚区","201904"
mca_area_210403,base.cn,base.state_cn_LN,"210403","东洲区","201904"
mca_area_210404,base.cn,base.state_cn_LN,"210404","望花区","201904"
mca_area_210411,base.cn,base.state_cn_LN,"210411","顺城区","201904"
mca_area_210421,base.cn,base.state_cn_LN,"210421","抚顺县","201904"
mca_area_210422,base.cn,base.state_cn_LN,"210422","新宾满族自治县","201904"
mca_area_210423,base.cn,base.state_cn_LN,"210423","清原满族自治县","201904"
mca_area_210500,base.cn,base.state_cn_LN,"210500","本溪市","201904"
mca_area_210502,base.cn,base.state_cn_LN,"210502","平山区","201904"
mca_area_210503,base.cn,base.state_cn_LN,"210503","溪湖区","201904"
mca_area_210504,base.cn,base.state_cn_LN,"210504","明山区","201904"
mca_area_210505,base.cn,base.state_cn_LN,"210505","南芬区","201904"
mca_area_210521,base.cn,base.state_cn_LN,"210521","本溪满族自治县","201904"
mca_area_210522,base.cn,base.state_cn_LN,"210522","桓仁满族自治县","201904"
mca_area_210600,base.cn,base.state_cn_LN,"210600","丹东市","201904"
mca_area_210602,base.cn,base.state_cn_LN,"210602","元宝区","201904"
mca_area_210603,base.cn,base.state_cn_LN,"210603","振兴区","201904"
mca_area_210604,base.cn,base.state_cn_LN,"210604","振安区","201904"
mca_area_210624,base.cn,base.state_cn_LN,"210624","宽甸满族自治县","201904"
mca_area_210681,base.cn,base.state_cn_LN,"210681","东港市","201904"
mca_area_210682,base.cn,base.state_cn_LN,"210682","凤城市","201904"
mca_area_210700,base.cn,base.state_cn_LN,"210700","锦州市","201904"
mca_area_210702,base.cn,base.state_cn_LN,"210702","古塔区","201904"
mca_area_210703,base.cn,base.state_cn_LN,"210703","凌河区","201904"
mca_area_210711,base.cn,base.state_cn_LN,"210711","太和区","201904"
mca_area_210726,base.cn,base.state_cn_LN,"210726","黑山县","201904"
mca_area_210727,base.cn,base.state_cn_LN,"210727","义县","201904"
mca_area_210781,base.cn,base.state_cn_LN,"210781","凌海市","201904"
mca_area_210782,base.cn,base.state_cn_LN,"210782","北镇市","201904"
mca_area_210800,base.cn,base.state_cn_LN,"210800","营口市","201904"
mca_area_210802,base.cn,base.state_cn_LN,"210802","站前区","201904"
mca_area_210803,base.cn,base.state_cn_LN,"210803","西市区","201904"
mca_area_210804,base.cn,base.state_cn_LN,"210804","鲅鱼圈区","201904"
mca_area_210811,base.cn,base.state_cn_LN,"210811","老边区","201904"
mca_area_210881,base.cn,base.state_cn_LN,"210881","盖州市","201904"
mca_area_210882,base.cn,base.state_cn_LN,"210882","大石桥市","201904"
mca_area_210900,base.cn,base.state_cn_LN,"210900","阜新市","201904"
mca_area_210902,base.cn,base.state_cn_LN,"210902","海州区","201904"
mca_area_210903,base.cn,base.state_cn_LN,"210903","新邱区","201904"
mca_area_210904,base.cn,base.state_cn_LN,"210904","太平区","201904"
mca_area_210905,base.cn,base.state_cn_LN,"210905","清河门区","201904"
mca_area_210911,base.cn,base.state_cn_LN,"210911","细河区","201904"
mca_area_210921,base.cn,base.state_cn_LN,"210921","阜新蒙古族自治县","201904"
mca_area_210922,base.cn,base.state_cn_LN,"210922","彰武县","201904"
mca_area_211000,base.cn,base.state_cn_LN,"211000","辽阳市","201904"
mca_area_211002,base.cn,base.state_cn_LN,"211002","白塔区","201904"
mca_area_211003,base.cn,base.state_cn_LN,"211003","文圣区","201904"
mca_area_211004,base.cn,base.state_cn_LN,"211004","宏伟区","201904"
mca_area_211005,base.cn,base.state_cn_LN,"211005","弓长岭区","201904"
mca_area_211011,base.cn,base.state_cn_LN,"211011","太子河区","201904"
mca_area_211021,base.cn,base.state_cn_LN,"211021","辽阳县","201904"
mca_area_211081,base.cn,base.state_cn_LN,"211081","灯塔市","201904"
mca_area_211100,base.cn,base.state_cn_LN,"211100","盘锦市","201904"
mca_area_211102,base.cn,base.state_cn_LN,"211102","双台子区","201904"
mca_area_211103,base.cn,base.state_cn_LN,"211103","兴隆台区","201904"
mca_area_211104,base.cn,base.state_cn_LN,"211104","大洼区","201904"
mca_area_211122,base.cn,base.state_cn_LN,"211122","盘山县","201904"
mca_area_211200,base.cn,base.state_cn_LN,"211200","铁岭市","201904"
mca_area_211202,base.cn,base.state_cn_LN,"211202","银州区","201904"
mca_area_211204,base.cn,base.state_cn_LN,"211204","清河区","201904"
mca_area_211221,base.cn,base.state_cn_LN,"211221","铁岭县","201904"
mca_area_211223,base.cn,base.state_cn_LN,"211223","西丰县","201904"
mca_area_211224,base.cn,base.state_cn_LN,"211224","昌图县","201904"
mca_area_211281,base.cn,base.state_cn_LN,"211281","调兵山市","201904"
mca_area_211282,base.cn,base.state_cn_LN,"211282","开原市","201904"
mca_area_211300,base.cn,base.state_cn_LN,"211300","朝阳市","201904"
mca_area_211302,base.cn,base.state_cn_LN,"211302","双塔区","201904"
mca_area_211303,base.cn,base.state_cn_LN,"211303","龙城区","201904"
mca_area_211321,base.cn,base.state_cn_LN,"211321","朝阳县","201904"
mca_area_211322,base.cn,base.state_cn_LN,"211322","建平县","201904"
mca_area_211324,base.cn,base.state_cn_LN,"211324","喀喇沁左翼蒙古族自治县","201904"
mca_area_211381,base.cn,base.state_cn_LN,"211381","北票市","201904"
mca_area_211382,base.cn,base.state_cn_LN,"211382","凌源市","201904"
mca_area_211400,base.cn,base.state_cn_LN,"211400","葫芦岛市","201904"
mca_area_211402,base.cn,base.state_cn_LN,"211402","连山区","201904"
mca_area_211403,base.cn,base.state_cn_LN,"211403","龙港区","201904"
mca_area_211404,base.cn,base.state_cn_LN,"211404","南票区","201904"
mca_area_211421,base.cn,base.state_cn_LN,"211421","绥中县","201904"
mca_area_211422,base.cn,base.state_cn_LN,"211422","建昌县","201904"
mca_area_211481,base.cn,base.state_cn_LN,"211481","兴城市","201904"
mca_area_220000,base.cn,base.state_cn_JL,"220000","吉林省","201904"
mca_area_220100,base.cn,base.state_cn_JL,"220100","长春市","201904"
mca_area_220102,base.cn,base.state_cn_JL,"220102","南关区","201904"
mca_area_220103,base.cn,base.state_cn_JL,"220103","宽城区","201904"
mca_area_220104,base.cn,base.state_cn_JL,"220104","朝阳区","201904"
mca_area_220105,base.cn,base.state_cn_JL,"220105","二道区","201904"
mca_area_220106,base.cn,base.state_cn_JL,"220106","绿园区","201904"
mca_area_220112,base.cn,base.state_cn_JL,"220112","双阳区","201904"
mca_area_220113,base.cn,base.state_cn_JL,"220113","九台区","201904"
mca_area_220122,base.cn,base.state_cn_JL,"220122","农安县","201904"
mca_area_220182,base.cn,base.state_cn_JL,"220182","榆树市","201904"
mca_area_220183,base.cn,base.state_cn_JL,"220183","德惠市","201904"
mca_area_220200,base.cn,base.state_cn_JL,"220200","吉林市","201904"
mca_area_220202,base.cn,base.state_cn_JL,"220202","昌邑区","201904"
mca_area_220203,base.cn,base.state_cn_JL,"220203","龙潭区","201904"
mca_area_220204,base.cn,base.state_cn_JL,"220204","船营区","201904"
mca_area_220211,base.cn,base.state_cn_JL,"220211","丰满区","201904"
mca_area_220221,base.cn,base.state_cn_JL,"220221","永吉县","201904"
mca_area_220281,base.cn,base.state_cn_JL,"220281","蛟河市","201904"
mca_area_220282,base.cn,base.state_cn_JL,"220282","桦甸市","201904"
mca_area_220283,base.cn,base.state_cn_JL,"220283","舒兰市","201904"
mca_area_220284,base.cn,base.state_cn_JL,"220284","磐石市","201904"
mca_area_220300,base.cn,base.state_cn_JL,"220300","四平市","201904"
mca_area_220302,base.cn,base.state_cn_JL,"220302","铁西区","201904"
mca_area_220303,base.cn,base.state_cn_JL,"220303","铁东区","201904"
mca_area_220322,base.cn,base.state_cn_JL,"220322","梨树县","201904"
mca_area_220323,base.cn,base.state_cn_JL,"220323","伊通满族自治县","201904"
mca_area_220381,base.cn,base.state_cn_JL,"220381","公主岭市","201904"
mca_area_220382,base.cn,base.state_cn_JL,"220382","双辽市","201904"
mca_area_220400,base.cn,base.state_cn_JL,"220400","辽源市","201904"
mca_area_220402,base.cn,base.state_cn_JL,"220402","龙山区","201904"
mca_area_220403,base.cn,base.state_cn_JL,"220403","西安区","201904"
mca_area_220421,base.cn,base.state_cn_JL,"220421","东丰县","201904"
mca_area_220422,base.cn,base.state_cn_JL,"220422","东辽县","201904"
mca_area_220500,base.cn,base.state_cn_JL,"220500","通化市","201904"
mca_area_220502,base.cn,base.state_cn_JL,"220502","东昌区","201904"
mca_area_220503,base.cn,base.state_cn_JL,"220503","二道江区","201904"
mca_area_220521,base.cn,base.state_cn_JL,"220521","通化县","201904"
mca_area_220523,base.cn,base.state_cn_JL,"220523","辉南县","201904"
mca_area_220524,base.cn,base.state_cn_JL,"220524","柳河县","201904"
mca_area_220581,base.cn,base.state_cn_JL,"220581","梅河口市","201904"
mca_area_220582,base.cn,base.state_cn_JL,"220582","集安市","201904"
mca_area_220600,base.cn,base.state_cn_JL,"220600","白山市","201904"
mca_area_220602,base.cn,base.state_cn_JL,"220602","浑江区","201904"
mca_area_220605,base.cn,base.state_cn_JL,"220605","江源区","201904"
mca_area_220621,base.cn,base.state_cn_JL,"220621","抚松县","201904"
mca_area_220622,base.cn,base.state_cn_JL,"220622","靖宇县","201904"
mca_area_220623,base.cn,base.state_cn_JL,"220623","长白朝鲜族自治县","201904"
mca_area_220681,base.cn,base.state_cn_JL,"220681","临江市","201904"
mca_area_220700,base.cn,base.state_cn_JL,"220700","松原市","201904"
mca_area_220702,base.cn,base.state_cn_JL,"220702","宁江区","201904"
mca_area_220721,base.cn,base.state_cn_JL,"220721","前郭尔罗斯蒙古族自治县","201904"
mca_area_220722,base.cn,base.state_cn_JL,"220722","长岭县","201904"
mca_area_220723,base.cn,base.state_cn_JL,"220723","乾安县","201904"
mca_area_220781,base.cn,base.state_cn_JL,"220781","扶余市","201904"
mca_area_220800,base.cn,base.state_cn_JL,"220800","白城市","201904"
mca_area_220802,base.cn,base.state_cn_JL,"220802","洮北区","201904"
mca_area_220821,base.cn,base.state_cn_JL,"220821","镇赉县","201904"
mca_area_220822,base.cn,base.state_cn_JL,"220822","通榆县","201904"
mca_area_220881,base.cn,base.state_cn_JL,"220881","洮南市","201904"
mca_area_220882,base.cn,base.state_cn_JL,"220882","大安市","201904"
mca_area_222400,base.cn,base.state_cn_JL,"222400","延边朝鲜族自治州","201904"
mca_area_222401,base.cn,base.state_cn_JL,"222401","延吉市","201904"
mca_area_222402,base.cn,base.state_cn_JL,"222402","图们市","201904"
mca_area_222403,base.cn,base.state_cn_JL,"222403","敦化市","201904"
mca_area_222404,base.cn,base.state_cn_JL,"222404","珲春市","201904"
mca_area_222405,base.cn,base.state_cn_JL,"222405","龙井市","201904"
mca_area_222406,base.cn,base.state_cn_JL,"222406","和龙市","201904"
mca_area_222424,base.cn,base.state_cn_JL,"222424","汪清县","201904"
mca_area_222426,base.cn,base.state_cn_JL,"222426","安图县","201904"
mca_area_230000,base.cn,base.state_cn_HL,"230000","黑龙江省","201904"
mca_area_230100,base.cn,base.state_cn_HL,"230100","哈尔滨市","201904"
mca_area_230102,base.cn,base.state_cn_HL,"230102","道里区","201904"
mca_area_230103,base.cn,base.state_cn_HL,"230103","南岗区","201904"
mca_area_230104,base.cn,base.state_cn_HL,"230104","道外区","201904"
mca_area_230108,base.cn,base.state_cn_HL,"230108","平房区","201904"
mca_area_230109,base.cn,base.state_cn_HL,"230109","松北区","201904"
mca_area_230110,base.cn,base.state_cn_HL,"230110","香坊区","201904"
mca_area_230111,base.cn,base.state_cn_HL,"230111","呼兰区","201904"
mca_area_230112,base.cn,base.state_cn_HL,"230112","阿城区","201904"
mca_area_230113,base.cn,base.state_cn_HL,"230113","双城区","201904"
mca_area_230123,base.cn,base.state_cn_HL,"230123","依兰县","201904"
mca_area_230124,base.cn,base.state_cn_HL,"230124","方正县","201904"
mca_area_230125,base.cn,base.state_cn_HL,"230125","宾县","201904"
mca_area_230126,base.cn,base.state_cn_HL,"230126","巴彦县","201904"
mca_area_230127,base.cn,base.state_cn_HL,"230127","木兰县","201904"
mca_area_230128,base.cn,base.state_cn_HL,"230128","通河县","201904"
mca_area_230129,base.cn,base.state_cn_HL,"230129","延寿县","201904"
mca_area_230183,base.cn,base.state_cn_HL,"230183","尚志市","201904"
mca_area_230184,base.cn,base.state_cn_HL,"230184","五常市","201904"
mca_area_230200,base.cn,base.state_cn_HL,"230200","齐齐哈尔市","201904"
mca_area_230202,base.cn,base.state_cn_HL,"230202","龙沙区","201904"
mca_area_230203,base.cn,base.state_cn_HL,"230203","建华区","201904"
mca_area_230204,base.cn,base.state_cn_HL,"230204","铁锋区","201904"
mca_area_230205,base.cn,base.state_cn_HL,"230205","昂昂溪区","201904"
mca_area_230206,base.cn,base.state_cn_HL,"230206","富拉尔基区","201904"
mca_area_230207,base.cn,base.state_cn_HL,"230207","碾子山区","201904"
mca_area_230208,base.cn,base.state_cn_HL,"230208","梅里斯达斡尔族区","201904"
mca_area_230221,base.cn,base.state_cn_HL,"230221","龙江县","201904"
mca_area_230223,base.cn,base.state_cn_HL,"230223","依安县","201904"
mca_area_230224,base.cn,base.state_cn_HL,"230224","泰来县","201904"
mca_area_230225,base.cn,base.state_cn_HL,"230225","甘南县","201904"
mca_area_230227,base.cn,base.state_cn_HL,"230227","富裕县","201904"
mca_area_230229,base.cn,base.state_cn_HL,"230229","克山县","201904"
mca_area_230230,base.cn,base.state_cn_HL,"230230","克东县","201904"
mca_area_230231,base.cn,base.state_cn_HL,"230231","拜泉县","201904"
mca_area_230281,base.cn,base.state_cn_HL,"230281","讷河市","201904"
mca_area_230300,base.cn,base.state_cn_HL,"230300","鸡西市","201904"
mca_area_230302,base.cn,base.state_cn_HL,"230302","鸡冠区","201904"
mca_area_230303,base.cn,base.state_cn_HL,"230303","恒山区","201904"
mca_area_230304,base.cn,base.state_cn_HL,"230304","滴道区","201904"
mca_area_230305,base.cn,base.state_cn_HL,"230305","梨树区","201904"
mca_area_230306,base.cn,base.state_cn_HL,"230306","城子河区","201904"
mca_area_230307,base.cn,base.state_cn_HL,"230307","麻山区","201904"
mca_area_230321,base.cn,base.state_cn_HL,"230321","鸡东县","201904"
mca_area_230381,base.cn,base.state_cn_HL,"230381","虎林市","201904"
mca_area_230382,base.cn,base.state_cn_HL,"230382","密山市","201904"
mca_area_230400,base.cn,base.state_cn_HL,"230400","鹤岗市","201904"
mca_area_230402,base.cn,base.state_cn_HL,"230402","向阳区","201904"
mca_area_230403,base.cn,base.state_cn_HL,"230403","工农区","201904"
mca_area_230404,base.cn,base.state_cn_HL,"230404","南山区","201904"
mca_area_230405,base.cn,base.state_cn_HL,"230405","兴安区","201904"
mca_area_230406,base.cn,base.state_cn_HL,"230406","东山区","201904"
mca_area_230407,base.cn,base.state_cn_HL,"230407","兴山区","201904"
mca_area_230421,base.cn,base.state_cn_HL,"230421","萝北县","201904"
mca_area_230422,base.cn,base.state_cn_HL,"230422","绥滨县","201904"
mca_area_230500,base.cn,base.state_cn_HL,"230500","双鸭山市","201904"
mca_area_230502,base.cn,base.state_cn_HL,"230502","尖山区","201904"
mca_area_230503,base.cn,base.state_cn_HL,"230503","岭东区","201904"
mca_area_230505,base.cn,base.state_cn_HL,"230505","四方台区","201904"
mca_area_230506,base.cn,base.state_cn_HL,"230506","宝山区","201904"
mca_area_230521,base.cn,base.state_cn_HL,"230521","集贤县","201904"
mca_area_230522,base.cn,base.state_cn_HL,"230522","友谊县","201904"
mca_area_230523,base.cn,base.state_cn_HL,"230523","宝清县","201904"
mca_area_230524,base.cn,base.state_cn_HL,"230524","饶河县","201904"
mca_area_230600,base.cn,base.state_cn_HL,"230600","大庆市","201904"
mca_area_230602,base.cn,base.state_cn_HL,"230602","萨尔图区","201904"
mca_area_230603,base.cn,base.state_cn_HL,"230603","龙凤区","201904"
mca_area_230604,base.cn,base.state_cn_HL,"230604","让胡路区","201904"
mca_area_230605,base.cn,base.state_cn_HL,"230605","红岗区","201904"
mca_area_230606,base.cn,base.state_cn_HL,"230606","大同区","201904"
mca_area_230621,base.cn,base.state_cn_HL,"230621","肇州县","201904"
mca_area_230622,base.cn,base.state_cn_HL,"230622","肇源县","201904"
mca_area_230623,base.cn,base.state_cn_HL,"230623","林甸县","201904"
mca_area_230624,base.cn,base.state_cn_HL,"230624","杜尔伯特蒙古族自治县","201904"
mca_area_230700,base.cn,base.state_cn_HL,"230700","伊春市","201904"
mca_area_230702,base.cn,base.state_cn_HL,"230702","伊春区","201904"
mca_area_230703,base.cn,base.state_cn_HL,"230703","南岔区","201904"
mca_area_230704,base.cn,base.state_cn_HL,"230704","友好区","201904"
mca_area_230705,base.cn,base.state_cn_HL,"230705","西林区","201904"
mca_area_230706,base.cn,base.state_cn_HL,"230706","翠峦区","201904"
mca_area_230707,base.cn,base.state_cn_HL,"230707","新青区","201904"
mca_area_230708,base.cn,base.state_cn_HL,"230708","美溪区","201904"
mca_area_230709,base.cn,base.state_cn_HL,"230709","金山屯区","201904"
mca_area_230710,base.cn,base.state_cn_HL,"230710","五营区","201904"
mca_area_230711,base.cn,base.state_cn_HL,"230711","乌马河区","201904"
mca_area_230712,base.cn,base.state_cn_HL,"230712","汤旺河区","201904"
mca_area_230713,base.cn,base.state_cn_HL,"230713","带岭区","201904"
mca_area_230714,base.cn,base.state_cn_HL,"230714","乌伊岭区","201904"
mca_area_230715,base.cn,base.state_cn_HL,"230715","红星区","201904"
mca_area_230716,base.cn,base.state_cn_HL,"230716","上甘岭区","201904"
mca_area_230722,base.cn,base.state_cn_HL,"230722","嘉荫县","201904"
mca_area_230781,base.cn,base.state_cn_HL,"230781","铁力市","201904"
mca_area_230800,base.cn,base.state_cn_HL,"230800","佳木斯市","201904"
mca_area_230803,base.cn,base.state_cn_HL,"230803","向阳区","201904"
mca_area_230804,base.cn,base.state_cn_HL,"230804","前进区","201904"
mca_area_230805,base.cn,base.state_cn_HL,"230805","东风区","201904"
mca_area_230811,base.cn,base.state_cn_HL,"230811","郊区","201904"
mca_area_230822,base.cn,base.state_cn_HL,"230822","桦南县","201904"
mca_area_230826,base.cn,base.state_cn_HL,"230826","桦川县","201904"
mca_area_230828,base.cn,base.state_cn_HL,"230828","汤原县","201904"
mca_area_230881,base.cn,base.state_cn_HL,"230881","同江市","201904"
mca_area_230882,base.cn,base.state_cn_HL,"230882","富锦市","201904"
mca_area_230883,base.cn,base.state_cn_HL,"230883","抚远市","201904"
mca_area_230900,base.cn,base.state_cn_HL,"230900","七台河市","201904"
mca_area_230902,base.cn,base.state_cn_HL,"230902","新兴区","201904"
mca_area_230903,base.cn,base.state_cn_HL,"230903","桃山区","201904"
mca_area_230904,base.cn,base.state_cn_HL,"230904","茄子河区","201904"
mca_area_230921,base.cn,base.state_cn_HL,"230921","勃利县","201904"
mca_area_231000,base.cn,base.state_cn_HL,"231000","牡丹江市","201904"
mca_area_231002,base.cn,base.state_cn_HL,"231002","东安区","201904"
mca_area_231003,base.cn,base.state_cn_HL,"231003","阳明区","201904"
mca_area_231004,base.cn,base.state_cn_HL,"231004","爱民区","201904"
mca_area_231005,base.cn,base.state_cn_HL,"231005","西安区","201904"
mca_area_231025,base.cn,base.state_cn_HL,"231025","林口县","201904"
mca_area_231081,base.cn,base.state_cn_HL,"231081","绥芬河市","201904"
mca_area_231083,base.cn,base.state_cn_HL,"231083","海林市","201904"
mca_area_231084,base.cn,base.state_cn_HL,"231084","宁安市","201904"
mca_area_231085,base.cn,base.state_cn_HL,"231085","穆棱市","201904"
mca_area_231086,base.cn,base.state_cn_HL,"231086","东宁市","201904"
mca_area_231100,base.cn,base.state_cn_HL,"231100","黑河市","201904"
mca_area_231102,base.cn,base.state_cn_HL,"231102","爱辉区","201904"
mca_area_231121,base.cn,base.state_cn_HL,"231121","嫩江县","201904"
mca_area_231123,base.cn,base.state_cn_HL,"231123","逊克县","201904"
mca_area_231124,base.cn,base.state_cn_HL,"231124","孙吴县","201904"
mca_area_231181,base.cn,base.state_cn_HL,"231181","北安市","201904"
mca_area_231182,base.cn,base.state_cn_HL,"231182","五大连池市","201904"
mca_area_231200,base.cn,base.state_cn_HL,"231200","绥化市","201904"
mca_area_231202,base.cn,base.state_cn_HL,"231202","北林区","201904"
mca_area_231221,base.cn,base.state_cn_HL,"231221","望奎县","201904"
mca_area_231222,base.cn,base.state_cn_HL,"231222","兰西县","201904"
mca_area_231223,base.cn,base.state_cn_HL,"231223","青冈县","201904"
mca_area_231224,base.cn,base.state_cn_HL,"231224","庆安县","201904"
mca_area_231225,base.cn,base.state_cn_HL,"231225","明水县","201904"
mca_area_231226,base.cn,base.state_cn_HL,"231226","绥棱县","201904"
mca_area_231281,base.cn,base.state_cn_HL,"231281","安达市","201904"
mca_area_231282,base.cn,base.state_cn_HL,"231282","肇东市","201904"
mca_area_231283,base.cn,base.state_cn_HL,"231283","海伦市","201904"
mca_area_232700,base.cn,base.state_cn_HL,"232700","大兴安岭地区","201904"
mca_area_232701,base.cn,base.state_cn_HL,"232701","漠河市","201904"
mca_area_232721,base.cn,base.state_cn_HL,"232721","呼玛县","201904"
mca_area_232722,base.cn,base.state_cn_HL,"232722","塔河县","201904"
mca_area_310000,base.cn,base.state_cn_SH,"310000","上海市","201904"
mca_area_310101,base.cn,base.state_cn_SH,"310101","黄浦区","201904"
mca_area_310104,base.cn,base.state_cn_SH,"310104","徐汇区","201904"
mca_area_310105,base.cn,base.state_cn_SH,"310105","长宁区","201904"
mca_area_310106,base.cn,base.state_cn_SH,"310106","静安区","201904"
mca_area_310107,base.cn,base.state_cn_SH,"310107","普陀区","201904"
mca_area_310109,base.cn,base.state_cn_SH,"310109","虹口区","201904"
mca_area_310110,base.cn,base.state_cn_SH,"310110","杨浦区","201904"
mca_area_310112,base.cn,base.state_cn_SH,"310112","闵行区","201904"
mca_area_310113,base.cn,base.state_cn_SH,"310113","宝山区","201904"
mca_area_310114,base.cn,base.state_cn_SH,"310114","嘉定区","201904"
mca_area_310115,base.cn,base.state_cn_SH,"310115","浦东新区","201904"
mca_area_310116,base.cn,base.state_cn_SH,"310116","金山区","201904"
mca_area_310117,base.cn,base.state_cn_SH,"310117","松江区","201904"
mca_area_310118,base.cn,base.state_cn_SH,"310118","青浦区","201904"
mca_area_310120,base.cn,base.state_cn_SH,"310120","奉贤区","201904"
mca_area_310151,base.cn,base.state_cn_SH,"310151","崇明区","201904"
mca_area_320000,base.cn,base.state_cn_JS,"320000","江苏省","201904"
mca_area_320100,base.cn,base.state_cn_JS,"320100","南京市","201904"
mca_area_320102,base.cn,base.state_cn_JS,"320102","玄武区","201904"
mca_area_320104,base.cn,base.state_cn_JS,"320104","秦淮区","201904"
mca_area_320105,base.cn,base.state_cn_JS,"320105","建邺区","201904"
mca_area_320106,base.cn,base.state_cn_JS,"320106","鼓楼区","201904"
mca_area_320111,base.cn,base.state_cn_JS,"320111","浦口区","201904"
mca_area_320113,base.cn,base.state_cn_JS,"320113","栖霞区","201904"
mca_area_320114,base.cn,base.state_cn_JS,"320114","雨花台区","201904"
mca_area_320115,base.cn,base.state_cn_JS,"320115","江宁区","201904"
mca_area_320116,base.cn,base.state_cn_JS,"320116","六合区","201904"
mca_area_320117,base.cn,base.state_cn_JS,"320117","溧水区","201904"
mca_area_320118,base.cn,base.state_cn_JS,"320118","高淳区","201904"
mca_area_320200,base.cn,base.state_cn_JS,"320200","无锡市","201904"
mca_area_320205,base.cn,base.state_cn_JS,"320205","锡山区","201904"
mca_area_320206,base.cn,base.state_cn_JS,"320206","惠山区","201904"
mca_area_320211,base.cn,base.state_cn_JS,"320211","滨湖区","201904"
mca_area_320213,base.cn,base.state_cn_JS,"320213","梁溪区","201904"
mca_area_320214,base.cn,base.state_cn_JS,"320214","新吴区","201904"
mca_area_320281,base.cn,base.state_cn_JS,"320281","江阴市","201904"
mca_area_320282,base.cn,base.state_cn_JS,"320282","宜兴市","201904"
mca_area_320300,base.cn,base.state_cn_JS,"320300","徐州市","201904"
mca_area_320302,base.cn,base.state_cn_JS,"320302","鼓楼区","201904"
mca_area_320303,base.cn,base.state_cn_JS,"320303","云龙区","201904"
mca_area_320305,base.cn,base.state_cn_JS,"320305","贾汪区","201904"
mca_area_320311,base.cn,base.state_cn_JS,"320311","泉山区","201904"
mca_area_320312,base.cn,base.state_cn_JS,"320312","铜山区","201904"
mca_area_320321,base.cn,base.state_cn_JS,"320321","丰县","201904"
mca_area_320322,base.cn,base.state_cn_JS,"320322","沛县","201904"
mca_area_320324,base.cn,base.state_cn_JS,"320324","睢宁县","201904"
mca_area_320381,base.cn,base.state_cn_JS,"320381","新沂市","201904"
mca_area_320382,base.cn,base.state_cn_JS,"320382","邳州市","201904"
mca_area_320400,base.cn,base.state_cn_JS,"320400","常州市","201904"
mca_area_320402,base.cn,base.state_cn_JS,"320402","天宁区","201904"
mca_area_320404,base.cn,base.state_cn_JS,"320404","钟楼区","201904"
mca_area_320411,base.cn,base.state_cn_JS,"320411","新北区","201904"
mca_area_320412,base.cn,base.state_cn_JS,"320412","武进区","201904"
mca_area_320413,base.cn,base.state_cn_JS,"320413","金坛区","201904"
mca_area_320481,base.cn,base.state_cn_JS,"320481","溧阳市","201904"
mca_area_320500,base.cn,base.state_cn_JS,"320500","苏州市","201904"
mca_area_320505,base.cn,base.state_cn_JS,"320505","虎丘区","201904"
mca_area_320506,base.cn,base.state_cn_JS,"320506","吴中区","201904"
mca_area_320507,base.cn,base.state_cn_JS,"320507","相城区","201904"
mca_area_320508,base.cn,base.state_cn_JS,"320508","姑苏区","201904"
mca_area_320509,base.cn,base.state_cn_JS,"320509","吴江区","201904"
mca_area_320581,base.cn,base.state_cn_JS,"320581","常熟市","201904"
mca_area_320582,base.cn,base.state_cn_JS,"320582","张家港市","201904"
mca_area_320583,base.cn,base.state_cn_JS,"320583","昆山市","201904"
mca_area_320585,base.cn,base.state_cn_JS,"320585","太仓市","201904"
mca_area_320600,base.cn,base.state_cn_JS,"320600","南通市","201904"
mca_area_320602,base.cn,base.state_cn_JS,"320602","崇川区","201904"
mca_area_320611,base.cn,base.state_cn_JS,"320611","港闸区","201904"
mca_area_320612,base.cn,base.state_cn_JS,"320612","通州区","201904"
mca_area_320623,base.cn,base.state_cn_JS,"320623","如东县","201904"
mca_area_320681,base.cn,base.state_cn_JS,"320681","启东市","201904"
mca_area_320682,base.cn,base.state_cn_JS,"320682","如皋市","201904"
mca_area_320684,base.cn,base.state_cn_JS,"320684","海门市","201904"
mca_area_320685,base.cn,base.state_cn_JS,"320685","海安市","201904"
mca_area_320700,base.cn,base.state_cn_JS,"320700","连云港市","201904"
mca_area_320703,base.cn,base.state_cn_JS,"320703","连云区","201904"
mca_area_320706,base.cn,base.state_cn_JS,"320706","海州区","201904"
mca_area_320707,base.cn,base.state_cn_JS,"320707","赣榆区","201904"
mca_area_320722,base.cn,base.state_cn_JS,"320722","东海县","201904"
mca_area_320723,base.cn,base.state_cn_JS,"320723","灌云县","201904"
mca_area_320724,base.cn,base.state_cn_JS,"320724","灌南县","201904"
mca_area_320800,base.cn,base.state_cn_JS,"320800","淮安市","201904"
mca_area_320803,base.cn,base.state_cn_JS,"320803","淮安区","201904"
mca_area_320804,base.cn,base.state_cn_JS,"320804","淮阴区","201904"
mca_area_320812,base.cn,base.state_cn_JS,"320812","清江浦区","201904"
mca_area_320813,base.cn,base.state_cn_JS,"320813","洪泽区","201904"
mca_area_320826,base.cn,base.state_cn_JS,"320826","涟水县","201904"
mca_area_320830,base.cn,base.state_cn_JS,"320830","盱眙县","201904"
mca_area_320831,base.cn,base.state_cn_JS,"320831","金湖县","201904"
mca_area_320900,base.cn,base.state_cn_JS,"320900","盐城市","201904"
mca_area_320902,base.cn,base.state_cn_JS,"320902","亭湖区","201904"
mca_area_320903,base.cn,base.state_cn_JS,"320903","盐都区","201904"
mca_area_320904,base.cn,base.state_cn_JS,"320904","大丰区","201904"
mca_area_320921,base.cn,base.state_cn_JS,"320921","响水县","201904"
mca_area_320922,base.cn,base.state_cn_JS,"320922","滨海县","201904"
mca_area_320923,base.cn,base.state_cn_JS,"320923","阜宁县","201904"
mca_area_320924,base.cn,base.state_cn_JS,"320924","射阳县","201904"
mca_area_320925,base.cn,base.state_cn_JS,"320925","建湖县","201904"
mca_area_320981,base.cn,base.state_cn_JS,"320981","东台市","201904"
mca_area_321000,base.cn,base.state_cn_JS,"321000","扬州市","201904"
mca_area_321002,base.cn,base.state_cn_JS,"321002","广陵区","201904"
mca_area_321003,base.cn,base.state_cn_JS,"321003","邗江区","201904"
mca_area_321012,base.cn,base.state_cn_JS,"321012","江都区","201904"
mca_area_321023,base.cn,base.state_cn_JS,"321023","宝应县","201904"
mca_area_321081,base.cn,base.state_cn_JS,"321081","仪征市","201904"
mca_area_321084,base.cn,base.state_cn_JS,"321084","高邮市","201904"
mca_area_321100,base.cn,base.state_cn_JS,"321100","镇江市","201904"
mca_area_321102,base.cn,base.state_cn_JS,"321102","京口区","201904"
mca_area_321111,base.cn,base.state_cn_JS,"321111","润州区","201904"
mca_area_321112,base.cn,base.state_cn_JS,"321112","丹徒区","201904"
mca_area_321181,base.cn,base.state_cn_JS,"321181","丹阳市","201904"
mca_area_321182,base.cn,base.state_cn_JS,"321182","扬中市","201904"
mca_area_321183,base.cn,base.state_cn_JS,"321183","句容市","201904"
mca_area_321200,base.cn,base.state_cn_JS,"321200","泰州市","201904"
mca_area_321202,base.cn,base.state_cn_JS,"321202","海陵区","201904"
mca_area_321203,base.cn,base.state_cn_JS,"321203","高港区","201904"
mca_area_321204,base.cn,base.state_cn_JS,"321204","姜堰区","201904"
mca_area_321281,base.cn,base.state_cn_JS,"321281","兴化市","201904"
mca_area_321282,base.cn,base.state_cn_JS,"321282","靖江市","201904"
mca_area_321283,base.cn,base.state_cn_JS,"321283","泰兴市","201904"
mca_area_321300,base.cn,base.state_cn_JS,"321300","宿迁市","201904"
mca_area_321302,base.cn,base.state_cn_JS,"321302","宿城区","201904"
mca_area_321311,base.cn,base.state_cn_JS,"321311","宿豫区","201904"
mca_area_321322,base.cn,base.state_cn_JS,"321322","沭阳县","201904"
mca_area_321323,base.cn,base.state_cn_JS,"321323","泗阳县","201904"
mca_area_321324,base.cn,base.state_cn_JS,"321324","泗洪县","201904"
mca_area_330000,base.cn,base.state_cn_ZJ,"330000","浙江省","201904"
mca_area_330100,base.cn,base.state_cn_ZJ,"330100","杭州市","201904"
mca_area_330102,base.cn,base.state_cn_ZJ,"330102","上城区","201904"
mca_area_330103,base.cn,base.state_cn_ZJ,"330103","下城区","201904"
mca_area_330104,base.cn,base.state_cn_ZJ,"330104","江干区","201904"
mca_area_330105,base.cn,base.state_cn_ZJ,"330105","拱墅区","201904"
mca_area_330106,base.cn,base.state_cn_ZJ,"330106","西湖区","201904"
mca_area_330108,base.cn,base.state_cn_ZJ,"330108","滨江区","201904"
mca_area_330109,base.cn,base.state_cn_ZJ,"330109","萧山区","201904"
mca_area_330110,base.cn,base.state_cn_ZJ,"330110","余杭区","201904"
mca_area_330111,base.cn,base.state_cn_ZJ,"330111","富阳区","201904"
mca_area_330112,base.cn,base.state_cn_ZJ,"330112","临安区","201904"
mca_area_330122,base.cn,base.state_cn_ZJ,"330122","桐庐县","201904"
mca_area_330127,base.cn,base.state_cn_ZJ,"330127","淳安县","201904"
mca_area_330182,base.cn,base.state_cn_ZJ,"330182","建德市","201904"
mca_area_330200,base.cn,base.state_cn_ZJ,"330200","宁波市","201904"
mca_area_330203,base.cn,base.state_cn_ZJ,"330203","海曙区","201904"
mca_area_330205,base.cn,base.state_cn_ZJ,"330205","江北区","201904"
mca_area_330206,base.cn,base.state_cn_ZJ,"330206","北仑区","201904"
mca_area_330211,base.cn,base.state_cn_ZJ,"330211","镇海区","201904"
mca_area_330212,base.cn,base.state_cn_ZJ,"330212","鄞州区","201904"
mca_area_330213,base.cn,base.state_cn_ZJ,"330213","奉化区","201904"
mca_area_330225,base.cn,base.state_cn_ZJ,"330225","象山县","201904"
mca_area_330226,base.cn,base.state_cn_ZJ,"330226","宁海县","201904"
mca_area_330281,base.cn,base.state_cn_ZJ,"330281","余姚市","201904"
mca_area_330282,base.cn,base.state_cn_ZJ,"330282","慈溪市","201904"
mca_area_330300,base.cn,base.state_cn_ZJ,"330300","温州市","201904"
mca_area_330302,base.cn,base.state_cn_ZJ,"330302","鹿城区","201904"
mca_area_330303,base.cn,base.state_cn_ZJ,"330303","龙湾区","201904"
mca_area_330304,base.cn,base.state_cn_ZJ,"330304","瓯海区","201904"
mca_area_330305,base.cn,base.state_cn_ZJ,"330305","洞头区","201904"
mca_area_330324,base.cn,base.state_cn_ZJ,"330324","永嘉县","201904"
mca_area_330326,base.cn,base.state_cn_ZJ,"330326","平阳县","201904"
mca_area_330327,base.cn,base.state_cn_ZJ,"330327","苍南县","201904"
mca_area_330328,base.cn,base.state_cn_ZJ,"330328","文成县","201904"
mca_area_330329,base.cn,base.state_cn_ZJ,"330329","泰顺县","201904"
mca_area_330381,base.cn,base.state_cn_ZJ,"330381","瑞安市","201904"
mca_area_330382,base.cn,base.state_cn_ZJ,"330382","乐清市","201904"
mca_area_330400,base.cn,base.state_cn_ZJ,"330400","嘉兴市","201904"
mca_area_330402,base.cn,base.state_cn_ZJ,"330402","南湖区","201904"
mca_area_330411,base.cn,base.state_cn_ZJ,"330411","秀洲区","201904"
mca_area_330421,base.cn,base.state_cn_ZJ,"330421","嘉善县","201904"
mca_area_330424,base.cn,base.state_cn_ZJ,"330424","海盐县","201904"
mca_area_330481,base.cn,base.state_cn_ZJ,"330481","海宁市","201904"
mca_area_330482,base.cn,base.state_cn_ZJ,"330482","平湖市","201904"
mca_area_330483,base.cn,base.state_cn_ZJ,"330483","桐乡市","201904"
mca_area_330500,base.cn,base.state_cn_ZJ,"330500","湖州市","201904"
mca_area_330502,base.cn,base.state_cn_ZJ,"330502","吴兴区","201904"
mca_area_330503,base.cn,base.state_cn_ZJ,"330503","南浔区","201904"
mca_area_330521,base.cn,base.state_cn_ZJ,"330521","德清县","201904"
mca_area_330522,base.cn,base.state_cn_ZJ,"330522","长兴县","201904"
mca_area_330523,base.cn,base.state_cn_ZJ,"330523","安吉县","201904"
mca_area_330600,base.cn,base.state_cn_ZJ,"330600","绍兴市","201904"
mca_area_330602,base.cn,base.state_cn_ZJ,"330602","越城区","201904"
mca_area_330603,base.cn,base.state_cn_ZJ,"330603","柯桥区","201904"
mca_area_330604,base.cn,base.state_cn_ZJ,"330604","上虞区","201904"
mca_area_330624,base.cn,base.state_cn_ZJ,"330624","新昌县","201904"
mca_area_330681,base.cn,base.state_cn_ZJ,"330681","诸暨市","201904"
mca_area_330683,base.cn,base.state_cn_ZJ,"330683","嵊州市","201904"
mca_area_330700,base.cn,base.state_cn_ZJ,"330700","金华市","201904"
mca_area_330702,base.cn,base.state_cn_ZJ,"330702","婺城区","201904"
mca_area_330703,base.cn,base.state_cn_ZJ,"330703","金东区","201904"
mca_area_330723,base.cn,base.state_cn_ZJ,"330723","武义县","201904"
mca_area_330726,base.cn,base.state_cn_ZJ,"330726","浦江县","201904"
mca_area_330727,base.cn,base.state_cn_ZJ,"330727","磐安县","201904"
mca_area_330781,base.cn,base.state_cn_ZJ,"330781","兰溪市","201904"
mca_area_330782,base.cn,base.state_cn_ZJ,"330782","义乌市","201904"
mca_area_330783,base.cn,base.state_cn_ZJ,"330783","东阳市","201904"
mca_area_330784,base.cn,base.state_cn_ZJ,"330784","永康市","201904"
mca_area_330800,base.cn,base.state_cn_ZJ,"330800","衢州市","201904"
mca_area_330802,base.cn,base.state_cn_ZJ,"330802","柯城区","201904"
mca_area_330803,base.cn,base.state_cn_ZJ,"330803","衢江区","201904"
mca_area_330822,base.cn,base.state_cn_ZJ,"330822","常山县","201904"
mca_area_330824,base.cn,base.state_cn_ZJ,"330824","开化县","201904"
mca_area_330825,base.cn,base.state_cn_ZJ,"330825","龙游县","201904"
mca_area_330881,base.cn,base.state_cn_ZJ,"330881","江山市","201904"
mca_area_330900,base.cn,base.state_cn_ZJ,"330900","舟山市","201904"
mca_area_330902,base.cn,base.state_cn_ZJ,"330902","定海区","201904"
mca_area_330903,base.cn,base.state_cn_ZJ,"330903","普陀区","201904"
mca_area_330921,base.cn,base.state_cn_ZJ,"330921","岱山县","201904"
mca_area_330922,base.cn,base.state_cn_ZJ,"330922","嵊泗县","201904"
mca_area_331000,base.cn,base.state_cn_ZJ,"331000","台州市","201904"
mca_area_331002,base.cn,base.state_cn_ZJ,"331002","椒江区","201904"
mca_area_331003,base.cn,base.state_cn_ZJ,"331003","黄岩区","201904"
mca_area_331004,base.cn,base.state_cn_ZJ,"331004","路桥区","201904"
mca_area_331022,base.cn,base.state_cn_ZJ,"331022","三门县","201904"
mca_area_331023,base.cn,base.state_cn_ZJ,"331023","天台县","201904"
mca_area_331024,base.cn,base.state_cn_ZJ,"331024","仙居县","201904"
mca_area_331081,base.cn,base.state_cn_ZJ,"331081","温岭市","201904"
mca_area_331082,base.cn,base.state_cn_ZJ,"331082","临海市","201904"
mca_area_331083,base.cn,base.state_cn_ZJ,"331083","玉环市","201904"
mca_area_331100,base.cn,base.state_cn_ZJ,"331100","丽水市","201904"
mca_area_331102,base.cn,base.state_cn_ZJ,"331102","莲都区","201904"
mca_area_331121,base.cn,base.state_cn_ZJ,"331121","青田县","201904"
mca_area_331122,base.cn,base.state_cn_ZJ,"331122","缙云县","201904"
mca_area_331123,base.cn,base.state_cn_ZJ,"331123","遂昌县","201904"
mca_area_331124,base.cn,base.state_cn_ZJ,"331124","松阳县","201904"
mca_area_331125,base.cn,base.state_cn_ZJ,"331125","云和县","201904"
mca_area_331126,base.cn,base.state_cn_ZJ,"331126","庆元县","201904"
mca_area_331127,base.cn,base.state_cn_ZJ,"331127","景宁畲族自治县","201904"
mca_area_331181,base.cn,base.state_cn_ZJ,"331181","龙泉市","201904"
mca_area_340000,base.cn,base.state_cn_AH,"340000","安徽省","201904"
mca_area_340100,base.cn,base.state_cn_AH,"340100","合肥市","201904"
mca_area_340102,base.cn,base.state_cn_AH,"340102","瑶海区","201904"
mca_area_340103,base.cn,base.state_cn_AH,"340103","庐阳区","201904"
mca_area_340104,base.cn,base.state_cn_AH,"340104","蜀山区","201904"
mca_area_340111,base.cn,base.state_cn_AH,"340111","包河区","201904"
mca_area_340121,base.cn,base.state_cn_AH,"340121","长丰县","201904"
mca_area_340122,base.cn,base.state_cn_AH,"340122","肥东县","201904"
mca_area_340123,base.cn,base.state_cn_AH,"340123","肥西县","201904"
mca_area_340124,base.cn,base.state_cn_AH,"340124","庐江县","201904"
mca_area_340181,base.cn,base.state_cn_AH,"340181","巢湖市","201904"
mca_area_340200,base.cn,base.state_cn_AH,"340200","芜湖市","201904"
mca_area_340202,base.cn,base.state_cn_AH,"340202","镜湖区","201904"
mca_area_340203,base.cn,base.state_cn_AH,"340203","弋江区","201904"
mca_area_340207,base.cn,base.state_cn_AH,"340207","鸠江区","201904"
mca_area_340208,base.cn,base.state_cn_AH,"340208","三山区","201904"
mca_area_340221,base.cn,base.state_cn_AH,"340221","芜湖县","201904"
mca_area_340222,base.cn,base.state_cn_AH,"340222","繁昌县","201904"
mca_area_340223,base.cn,base.state_cn_AH,"340223","南陵县","201904"
mca_area_340225,base.cn,base.state_cn_AH,"340225","无为县","201904"
mca_area_340300,base.cn,base.state_cn_AH,"340300","蚌埠市","201904"
mca_area_340302,base.cn,base.state_cn_AH,"340302","龙子湖区","201904"
mca_area_340303,base.cn,base.state_cn_AH,"340303","蚌山区","201904"
mca_area_340304,base.cn,base.state_cn_AH,"340304","禹会区","201904"
mca_area_340311,base.cn,base.state_cn_AH,"340311","淮上区","201904"
mca_area_340321,base.cn,base.state_cn_AH,"340321","怀远县","201904"
mca_area_340322,base.cn,base.state_cn_AH,"340322","五河县","201904"
mca_area_340323,base.cn,base.state_cn_AH,"340323","固镇县","201904"
mca_area_340400,base.cn,base.state_cn_AH,"340400","淮南市","201904"
mca_area_340402,base.cn,base.state_cn_AH,"340402","大通区","201904"
mca_area_340403,base.cn,base.state_cn_AH,"340403","田家庵区","201904"
mca_area_340404,base.cn,base.state_cn_AH,"340404","谢家集区","201904"
mca_area_340405,base.cn,base.state_cn_AH,"340405","八公山区","201904"
mca_area_340406,base.cn,base.state_cn_AH,"340406","潘集区","201904"
mca_area_340421,base.cn,base.state_cn_AH,"340421","凤台县","201904"
mca_area_340422,base.cn,base.state_cn_AH,"340422","寿县","201904"
mca_area_340500,base.cn,base.state_cn_AH,"340500","马鞍山市","201904"
mca_area_340503,base.cn,base.state_cn_AH,"340503","花山区","201904"
mca_area_340504,base.cn,base.state_cn_AH,"340504","雨山区","201904"
mca_area_340506,base.cn,base.state_cn_AH,"340506","博望区","201904"
mca_area_340521,base.cn,base.state_cn_AH,"340521","当涂县","201904"
mca_area_340522,base.cn,base.state_cn_AH,"340522","含山县","201904"
mca_area_340523,base.cn,base.state_cn_AH,"340523","和县","201904"
mca_area_340600,base.cn,base.state_cn_AH,"340600","淮北市","201904"
mca_area_340602,base.cn,base.state_cn_AH,"340602","杜集区","201904"
mca_area_340603,base.cn,base.state_cn_AH,"340603","相山区","201904"
mca_area_340604,base.cn,base.state_cn_AH,"340604","烈山区","201904"
mca_area_340621,base.cn,base.state_cn_AH,"340621","濉溪县","201904"
mca_area_340700,base.cn,base.state_cn_AH,"340700","铜陵市","201904"
mca_area_340705,base.cn,base.state_cn_AH,"340705","铜官区","201904"
mca_area_340706,base.cn,base.state_cn_AH,"340706","义安区","201904"
mca_area_340711,base.cn,base.state_cn_AH,"340711","郊区","201904"
mca_area_340722,base.cn,base.state_cn_AH,"340722","枞阳县","201904"
mca_area_340800,base.cn,base.state_cn_AH,"340800","安庆市","201904"
mca_area_340802,base.cn,base.state_cn_AH,"340802","迎江区","201904"
mca_area_340803,base.cn,base.state_cn_AH,"340803","大观区","201904"
mca_area_340811,base.cn,base.state_cn_AH,"340811","宜秀区","201904"
mca_area_340822,base.cn,base.state_cn_AH,"340822","怀宁县","201904"
mca_area_340825,base.cn,base.state_cn_AH,"340825","太湖县","201904"
mca_area_340826,base.cn,base.state_cn_AH,"340826","宿松县","201904"
mca_area_340827,base.cn,base.state_cn_AH,"340827","望江县","201904"
mca_area_340828,base.cn,base.state_cn_AH,"340828","岳西县","201904"
mca_area_340881,base.cn,base.state_cn_AH,"340881","桐城市","201904"
mca_area_340882,base.cn,base.state_cn_AH,"340882","潜山市","201904"
mca_area_341000,base.cn,base.state_cn_AH,"341000","黄山市","201904"
mca_area_341002,base.cn,base.state_cn_AH,"341002","屯溪区","201904"
mca_area_341003,base.cn,base.state_cn_AH,"341003","黄山区","201904"
mca_area_341004,base.cn,base.state_cn_AH,"341004","徽州区","201904"
mca_area_341021,base.cn,base.state_cn_AH,"341021","歙县","201904"
mca_area_341022,base.cn,base.state_cn_AH,"341022","休宁县","201904"
mca_area_341023,base.cn,base.state_cn_AH,"341023","黟县","201904"
mca_area_341024,base.cn,base.state_cn_AH,"341024","祁门县","201904"
mca_area_341100,base.cn,base.state_cn_AH,"341100","滁州市","201904"
mca_area_341102,base.cn,base.state_cn_AH,"341102","琅琊区","201904"
mca_area_341103,base.cn,base.state_cn_AH,"341103","南谯区","201904"
mca_area_341122,base.cn,base.state_cn_AH,"341122","来安县","201904"
mca_area_341124,base.cn,base.state_cn_AH,"341124","全椒县","201904"
mca_area_341125,base.cn,base.state_cn_AH,"341125","定远县","201904"
mca_area_341126,base.cn,base.state_cn_AH,"341126","凤阳县","201904"
mca_area_341181,base.cn,base.state_cn_AH,"341181","天长市","201904"
mca_area_341182,base.cn,base.state_cn_AH,"341182","明光市","201904"
mca_area_341200,base.cn,base.state_cn_AH,"341200","阜阳市","201904"
mca_area_341202,base.cn,base.state_cn_AH,"341202","颍州区","201904"
mca_area_341203,base.cn,base.state_cn_AH,"341203","颍东区","201904"
mca_area_341204,base.cn,base.state_cn_AH,"341204","颍泉区","201904"
mca_area_341221,base.cn,base.state_cn_AH,"341221","临泉县","201904"
mca_area_341222,base.cn,base.state_cn_AH,"341222","太和县","201904"
mca_area_341225,base.cn,base.state_cn_AH,"341225","阜南县","201904"
mca_area_341226,base.cn,base.state_cn_AH,"341226","颍上县","201904"
mca_area_341282,base.cn,base.state_cn_AH,"341282","界首市","201904"
mca_area_341300,base.cn,base.state_cn_AH,"341300","宿州市","201904"
mca_area_341302,base.cn,base.state_cn_AH,"341302","埇桥区","201904"
mca_area_341321,base.cn,base.state_cn_AH,"341321","砀山县","201904"
mca_area_341322,base.cn,base.state_cn_AH,"341322","萧县","201904"
mca_area_341323,base.cn,base.state_cn_AH,"341323","灵璧县","201904"
mca_area_341324,base.cn,base.state_cn_AH,"341324","泗县","201904"
mca_area_341500,base.cn,base.state_cn_AH,"341500","六安市","201904"
mca_area_341502,base.cn,base.state_cn_AH,"341502","金安区","201904"
mca_area_341503,base.cn,base.state_cn_AH,"341503","裕安区","201904"
mca_area_341504,base.cn,base.state_cn_AH,"341504","叶集区","201904"
mca_area_341522,base.cn,base.state_cn_AH,"341522","霍邱县","201904"
mca_area_341523,base.cn,base.state_cn_AH,"341523","舒城县","201904"
mca_area_341524,base.cn,base.state_cn_AH,"341524","金寨县","201904"
mca_area_341525,base.cn,base.state_cn_AH,"341525","霍山县","201904"
mca_area_341600,base.cn,base.state_cn_AH,"341600","亳州市","201904"
mca_area_341602,base.cn,base.state_cn_AH,"341602","谯城区","201904"
mca_area_341621,base.cn,base.state_cn_AH,"341621","涡阳县","201904"
mca_area_341622,base.cn,base.state_cn_AH,"341622","蒙城县","201904"
mca_area_341623,base.cn,base.state_cn_AH,"341623","利辛县","201904"
mca_area_341700,base.cn,base.state_cn_AH,"341700","池州市","201904"
mca_area_341702,base.cn,base.state_cn_AH,"341702","贵池区","201904"
mca_area_341721,base.cn,base.state_cn_AH,"341721","东至县","201904"
mca_area_341722,base.cn,base.state_cn_AH,"341722","石台县","201904"
mca_area_341723,base.cn,base.state_cn_AH,"341723","青阳县","201904"
mca_area_341800,base.cn,base.state_cn_AH,"341800","宣城市","201904"
mca_area_341802,base.cn,base.state_cn_AH,"341802","宣州区","201904"
mca_area_341821,base.cn,base.state_cn_AH,"341821","郎溪县","201904"
mca_area_341822,base.cn,base.state_cn_AH,"341822","广德县","201904"
mca_area_341823,base.cn,base.state_cn_AH,"341823","泾县","201904"
mca_area_341824,base.cn,base.state_cn_AH,"341824","绩溪县","201904"
mca_area_341825,base.cn,base.state_cn_AH,"341825","旌德县","201904"
mca_area_341881,base.cn,base.state_cn_AH,"341881","宁国市","201904"
mca_area_350000,base.cn,base.state_cn_FJ,"350000","福建省","201904"
mca_area_350100,base.cn,base.state_cn_FJ,"350100","福州市","201904"
mca_area_350102,base.cn,base.state_cn_FJ,"350102","鼓楼区","201904"
mca_area_350103,base.cn,base.state_cn_FJ,"350103","台江区","201904"
mca_area_350104,base.cn,base.state_cn_FJ,"350104","仓山区","201904"
mca_area_350105,base.cn,base.state_cn_FJ,"350105","马尾区","201904"
mca_area_350111,base.cn,base.state_cn_FJ,"350111","晋安区","201904"
mca_area_350112,base.cn,base.state_cn_FJ,"350112","长乐区","201904"
mca_area_350121,base.cn,base.state_cn_FJ,"350121","闽侯县","201904"
mca_area_350122,base.cn,base.state_cn_FJ,"350122","连江县","201904"
mca_area_350123,base.cn,base.state_cn_FJ,"350123","罗源县","201904"
mca_area_350124,base.cn,base.state_cn_FJ,"350124","闽清县","201904"
mca_area_350125,base.cn,base.state_cn_FJ,"350125","永泰县","201904"
mca_area_350128,base.cn,base.state_cn_FJ,"350128","平潭县","201904"
mca_area_350181,base.cn,base.state_cn_FJ,"350181","福清市","201904"
mca_area_350200,base.cn,base.state_cn_FJ,"350200","厦门市","201904"
mca_area_350203,base.cn,base.state_cn_FJ,"350203","思明区","201904"
mca_area_350205,base.cn,base.state_cn_FJ,"350205","海沧区","201904"
mca_area_350206,base.cn,base.state_cn_FJ,"350206","湖里区","201904"
mca_area_350211,base.cn,base.state_cn_FJ,"350211","集美区","201904"
mca_area_350212,base.cn,base.state_cn_FJ,"350212","同安区","201904"
mca_area_350213,base.cn,base.state_cn_FJ,"350213","翔安区","201904"
mca_area_350300,base.cn,base.state_cn_FJ,"350300","莆田市","201904"
mca_area_350302,base.cn,base.state_cn_FJ,"350302","城厢区","201904"
mca_area_350303,base.cn,base.state_cn_FJ,"350303","涵江区","201904"
mca_area_350304,base.cn,base.state_cn_FJ,"350304","荔城区","201904"
mca_area_350305,base.cn,base.state_cn_FJ,"350305","秀屿区","201904"
mca_area_350322,base.cn,base.state_cn_FJ,"350322","仙游县","201904"
mca_area_350400,base.cn,base.state_cn_FJ,"350400","三明市","201904"
mca_area_350402,base.cn,base.state_cn_FJ,"350402","梅列区","201904"
mca_area_350403,base.cn,base.state_cn_FJ,"350403","三元区","201904"
mca_area_350421,base.cn,base.state_cn_FJ,"350421","明溪县","201904"
mca_area_350423,base.cn,base.state_cn_FJ,"350423","清流县","201904"
mca_area_350424,base.cn,base.state_cn_FJ,"350424","宁化县","201904"
mca_area_350425,base.cn,base.state_cn_FJ,"350425","大田县","201904"
mca_area_350426,base.cn,base.state_cn_FJ,"350426","尤溪县","201904"
mca_area_350427,base.cn,base.state_cn_FJ,"350427","沙县","201904"
mca_area_350428,base.cn,base.state_cn_FJ,"350428","将乐县","201904"
mca_area_350429,base.cn,base.state_cn_FJ,"350429","泰宁县","201904"
mca_area_350430,base.cn,base.state_cn_FJ,"350430","建宁县","201904"
mca_area_350481,base.cn,base.state_cn_FJ,"350481","永安市","201904"
mca_area_350500,base.cn,base.state_cn_FJ,"350500","泉州市","201904"
mca_area_350502,base.cn,base.state_cn_FJ,"350502","鲤城区","201904"
mca_area_350503,base.cn,base.state_cn_FJ,"350503","丰泽区","201904"
mca_area_350504,base.cn,base.state_cn_FJ,"350504","洛江区","201904"
mca_area_350505,base.cn,base.state_cn_FJ,"350505","泉港区","201904"
mca_area_350521,base.cn,base.state_cn_FJ,"350521","惠安县","201904"
mca_area_350524,base.cn,base.state_cn_FJ,"350524","安溪县","201904"
mca_area_350525,base.cn,base.state_cn_FJ,"350525","永春县","201904"
mca_area_350526,base.cn,base.state_cn_FJ,"350526","德化县","201904"
mca_area_350527,base.cn,base.state_cn_FJ,"350527","金门县","201904"
mca_area_350581,base.cn,base.state_cn_FJ,"350581","石狮市","201904"
mca_area_350582,base.cn,base.state_cn_FJ,"350582","晋江市","201904"
mca_area_350583,base.cn,base.state_cn_FJ,"350583","南安市","201904"
mca_area_350600,base.cn,base.state_cn_FJ,"350600","漳州市","201904"
mca_area_350602,base.cn,base.state_cn_FJ,"350602","芗城区","201904"
mca_area_350603,base.cn,base.state_cn_FJ,"350603","龙文区","201904"
mca_area_350622,base.cn,base.state_cn_FJ,"350622","云霄县","201904"
mca_area_350623,base.cn,base.state_cn_FJ,"350623","漳浦县","201904"
mca_area_350624,base.cn,base.state_cn_FJ,"350624","诏安县","201904"
mca_area_350625,base.cn,base.state_cn_FJ,"350625","长泰县","201904"
mca_area_350626,base.cn,base.state_cn_FJ,"350626","东山县","201904"
mca_area_350627,base.cn,base.state_cn_FJ,"350627","南靖县","201904"
mca_area_350628,base.cn,base.state_cn_FJ,"350628","平和县","201904"
mca_area_350629,base.cn,base.state_cn_FJ,"350629","华安县","201904"
mca_area_350681,base.cn,base.state_cn_FJ,"350681","龙海市","201904"
mca_area_350700,base.cn,base.state_cn_FJ,"350700","南平市","201904"
mca_area_350702,base.cn,base.state_cn_FJ,"350702","延平区","201904"
mca_area_350703,base.cn,base.state_cn_FJ,"350703","建阳区","201904"
mca_area_350721,base.cn,base.state_cn_FJ,"350721","顺昌县","201904"
mca_area_350722,base.cn,base.state_cn_FJ,"350722","浦城县","201904"
mca_area_350723,base.cn,base.state_cn_FJ,"350723","光泽县","201904"
mca_area_350724,base.cn,base.state_cn_FJ,"350724","松溪县","201904"
mca_area_350725,base.cn,base.state_cn_FJ,"350725","政和县","201904"
mca_area_350781,base.cn,base.state_cn_FJ,"350781","邵武市","201904"
mca_area_350782,base.cn,base.state_cn_FJ,"350782","武夷山市","201904"
mca_area_350783,base.cn,base.state_cn_FJ,"350783","建瓯市","201904"
mca_area_350800,base.cn,base.state_cn_FJ,"350800","龙岩市","201904"
mca_area_350802,base.cn,base.state_cn_FJ,"350802","新罗区","201904"
mca_area_350803,base.cn,base.state_cn_FJ,"350803","永定区","201904"
mca_area_350821,base.cn,base.state_cn_FJ,"350821","长汀县","201904"
mca_area_350823,base.cn,base.state_cn_FJ,"350823","上杭县","201904"
mca_area_350824,base.cn,base.state_cn_FJ,"350824","武平县","201904"
mca_area_350825,base.cn,base.state_cn_FJ,"350825","连城县","201904"
mca_area_350881,base.cn,base.state_cn_FJ,"350881","漳平市","201904"
mca_area_350900,base.cn,base.state_cn_FJ,"350900","宁德市","201904"
mca_area_350902,base.cn,base.state_cn_FJ,"350902","蕉城区","201904"
mca_area_350921,base.cn,base.state_cn_FJ,"350921","霞浦县","201904"
mca_area_350922,base.cn,base.state_cn_FJ,"350922","古田县","201904"
mca_area_350923,base.cn,base.state_cn_FJ,"350923","屏南县","201904"
mca_area_350924,base.cn,base.state_cn_FJ,"350924","寿宁县","201904"
mca_area_350925,base.cn,base.state_cn_FJ,"350925","周宁县","201904"
mca_area_350926,base.cn,base.state_cn_FJ,"350926","柘荣县","201904"
mca_area_350981,base.cn,base.state_cn_FJ,"350981","福安市","201904"
mca_area_350982,base.cn,base.state_cn_FJ,"350982","福鼎市","201904"
mca_area_360000,base.cn,base.state_cn_JX,"360000","江西省","201904"
mca_area_360100,base.cn,base.state_cn_JX,"360100","南昌市","201904"
mca_area_360102,base.cn,base.state_cn_JX,"360102","东湖区","201904"
mca_area_360103,base.cn,base.state_cn_JX,"360103","西湖区","201904"
mca_area_360104,base.cn,base.state_cn_JX,"360104","青云谱区","201904"
mca_area_360105,base.cn,base.state_cn_JX,"360105","湾里区","201904"
mca_area_360111,base.cn,base.state_cn_JX,"360111","青山湖区","201904"
mca_area_360112,base.cn,base.state_cn_JX,"360112","新建区","201904"
mca_area_360121,base.cn,base.state_cn_JX,"360121","南昌县","201904"
mca_area_360123,base.cn,base.state_cn_JX,"360123","安义县","201904"
mca_area_360124,base.cn,base.state_cn_JX,"360124","进贤县","201904"
mca_area_360200,base.cn,base.state_cn_JX,"360200","景德镇市","201904"
mca_area_360202,base.cn,base.state_cn_JX,"360202","昌江区","201904"
mca_area_360203,base.cn,base.state_cn_JX,"360203","珠山区","201904"
mca_area_360222,base.cn,base.state_cn_JX,"360222","浮梁县","201904"
mca_area_360281,base.cn,base.state_cn_JX,"360281","乐平市","201904"
mca_area_360300,base.cn,base.state_cn_JX,"360300","萍乡市","201904"
mca_area_360302,base.cn,base.state_cn_JX,"360302","安源区","201904"
mca_area_360313,base.cn,base.state_cn_JX,"360313","湘东区","201904"
mca_area_360321,base.cn,base.state_cn_JX,"360321","莲花县","201904"
mca_area_360322,base.cn,base.state_cn_JX,"360322","上栗县","201904"
mca_area_360323,base.cn,base.state_cn_JX,"360323","芦溪县","201904"
mca_area_360400,base.cn,base.state_cn_JX,"360400","九江市","201904"
mca_area_360402,base.cn,base.state_cn_JX,"360402","濂溪区","201904"
mca_area_360403,base.cn,base.state_cn_JX,"360403","浔阳区","201904"
mca_area_360404,base.cn,base.state_cn_JX,"360404","柴桑区","201904"
mca_area_360423,base.cn,base.state_cn_JX,"360423","武宁县","201904"
mca_area_360424,base.cn,base.state_cn_JX,"360424","修水县","201904"
mca_area_360425,base.cn,base.state_cn_JX,"360425","永修县","201904"
mca_area_360426,base.cn,base.state_cn_JX,"360426","德安县","201904"
mca_area_360428,base.cn,base.state_cn_JX,"360428","都昌县","201904"
mca_area_360429,base.cn,base.state_cn_JX,"360429","湖口县","201904"
mca_area_360430,base.cn,base.state_cn_JX,"360430","彭泽县","201904"
mca_area_360481,base.cn,base.state_cn_JX,"360481","瑞昌市","201904"
mca_area_360482,base.cn,base.state_cn_JX,"360482","共青城市","201904"
mca_area_360483,base.cn,base.state_cn_JX,"360483","庐山市","201904"
mca_area_360500,base.cn,base.state_cn_JX,"360500","新余市","201904"
mca_area_360502,base.cn,base.state_cn_JX,"360502","渝水区","201904"
mca_area_360521,base.cn,base.state_cn_JX,"360521","分宜县","201904"
mca_area_360600,base.cn,base.state_cn_JX,"360600","鹰潭市","201904"
mca_area_360602,base.cn,base.state_cn_JX,"360602","月湖区","201904"
mca_area_360603,base.cn,base.state_cn_JX,"360603","余江区","201904"
mca_area_360681,base.cn,base.state_cn_JX,"360681","贵溪市","201904"
mca_area_360700,base.cn,base.state_cn_JX,"360700","赣州市","201904"
mca_area_360702,base.cn,base.state_cn_JX,"360702","章贡区","201904"
mca_area_360703,base.cn,base.state_cn_JX,"360703","南康区","201904"
mca_area_360704,base.cn,base.state_cn_JX,"360704","赣县区","201904"
mca_area_360722,base.cn,base.state_cn_JX,"360722","信丰县","201904"
mca_area_360723,base.cn,base.state_cn_JX,"360723","大余县","201904"
mca_area_360724,base.cn,base.state_cn_JX,"360724","上犹县","201904"
mca_area_360725,base.cn,base.state_cn_JX,"360725","崇义县","201904"
mca_area_360726,base.cn,base.state_cn_JX,"360726","安远县","201904"
mca_area_360727,base.cn,base.state_cn_JX,"360727","龙南县","201904"
mca_area_360728,base.cn,base.state_cn_JX,"360728","定南县","201904"
mca_area_360729,base.cn,base.state_cn_JX,"360729","全南县","201904"
mca_area_360730,base.cn,base.state_cn_JX,"360730","宁都县","201904"
mca_area_360731,base.cn,base.state_cn_JX,"360731","于都县","201904"
mca_area_360732,base.cn,base.state_cn_JX,"360732","兴国县","201904"
mca_area_360733,base.cn,base.state_cn_JX,"360733","会昌县","201904"
mca_area_360734,base.cn,base.state_cn_JX,"360734","寻乌县","201904"
mca_area_360735,base.cn,base.state_cn_JX,"360735","石城县","201904"
mca_area_360781,base.cn,base.state_cn_JX,"360781","瑞金市","201904"
mca_area_360800,base.cn,base.state_cn_JX,"360800","吉安市","201904"
mca_area_360802,base.cn,base.state_cn_JX,"360802","吉州区","201904"
mca_area_360803,base.cn,base.state_cn_JX,"360803","青原区","201904"
mca_area_360821,base.cn,base.state_cn_JX,"360821","吉安县","201904"
mca_area_360822,base.cn,base.state_cn_JX,"360822","吉水县","201904"
mca_area_360823,base.cn,base.state_cn_JX,"360823","峡江县","201904"
mca_area_360824,base.cn,base.state_cn_JX,"360824","新干县","201904"
mca_area_360825,base.cn,base.state_cn_JX,"360825","永丰县","201904"
mca_area_360826,base.cn,base.state_cn_JX,"360826","泰和县","201904"
mca_area_360827,base.cn,base.state_cn_JX,"360827","遂川县","201904"
mca_area_360828,base.cn,base.state_cn_JX,"360828","万安县","201904"
mca_area_360829,base.cn,base.state_cn_JX,"360829","安福县","201904"
mca_area_360830,base.cn,base.state_cn_JX,"360830","永新县","201904"
mca_area_360881,base.cn,base.state_cn_JX,"360881","井冈山市","201904"
mca_area_360900,base.cn,base.state_cn_JX,"360900","宜春市","201904"
mca_area_360902,base.cn,base.state_cn_JX,"360902","袁州区","201904"
mca_area_360921,base.cn,base.state_cn_JX,"360921","奉新县","201904"
mca_area_360922,base.cn,base.state_cn_JX,"360922","万载县","201904"
mca_area_360923,base.cn,base.state_cn_JX,"360923","上高县","201904"
mca_area_360924,base.cn,base.state_cn_JX,"360924","宜丰县","201904"
mca_area_360925,base.cn,base.state_cn_JX,"360925","靖安县","201904"
mca_area_360926,base.cn,base.state_cn_JX,"360926","铜鼓县","201904"
mca_area_360981,base.cn,base.state_cn_JX,"360981","丰城市","201904"
mca_area_360982,base.cn,base.state_cn_JX,"360982","樟树市","201904"
mca_area_360983,base.cn,base.state_cn_JX,"360983","高安市","201904"
mca_area_361000,base.cn,base.state_cn_JX,"361000","抚州市","201904"
mca_area_361002,base.cn,base.state_cn_JX,"361002","临川区","201904"
mca_area_361003,base.cn,base.state_cn_JX,"361003","东乡区","201904"
mca_area_361021,base.cn,base.state_cn_JX,"361021","南城县","201904"
mca_area_361022,base.cn,base.state_cn_JX,"361022","黎川县","201904"
mca_area_361023,base.cn,base.state_cn_JX,"361023","南丰县","201904"
mca_area_361024,base.cn,base.state_cn_JX,"361024","崇仁县","201904"
mca_area_361025,base.cn,base.state_cn_JX,"361025","乐安县","201904"
mca_area_361026,base.cn,base.state_cn_JX,"361026","宜黄县","201904"
mca_area_361027,base.cn,base.state_cn_JX,"361027","金溪县","201904"
mca_area_361028,base.cn,base.state_cn_JX,"361028","资溪县","201904"
mca_area_361030,base.cn,base.state_cn_JX,"361030","广昌县","201904"
mca_area_361100,base.cn,base.state_cn_JX,"361100","上饶市","201904"
mca_area_361102,base.cn,base.state_cn_JX,"361102","信州区","201904"
mca_area_361103,base.cn,base.state_cn_JX,"361103","广丰区","201904"
mca_area_361121,base.cn,base.state_cn_JX,"361121","上饶县","201904"
mca_area_361123,base.cn,base.state_cn_JX,"361123","玉山县","201904"
mca_area_361124,base.cn,base.state_cn_JX,"361124","铅山县","201904"
mca_area_361125,base.cn,base.state_cn_JX,"361125","横峰县","201904"
mca_area_361126,base.cn,base.state_cn_JX,"361126","弋阳县","201904"
mca_area_361127,base.cn,base.state_cn_JX,"361127","余干县","201904"
mca_area_361128,base.cn,base.state_cn_JX,"361128","鄱阳县","201904"
mca_area_361129,base.cn,base.state_cn_JX,"361129","万年县","201904"
mca_area_361130,base.cn,base.state_cn_JX,"361130","婺源县","201904"
mca_area_361181,base.cn,base.state_cn_JX,"361181","德兴市","201904"
mca_area_370000,base.cn,base.state_cn_SD,"370000","山东省","201904"
mca_area_370100,base.cn,base.state_cn_SD,"370100","济南市","201904"
mca_area_370102,base.cn,base.state_cn_SD,"370102","历下区","201904"
mca_area_370103,base.cn,base.state_cn_SD,"370103","市中区","201904"
mca_area_370104,base.cn,base.state_cn_SD,"370104","槐荫区","201904"
mca_area_370105,base.cn,base.state_cn_SD,"370105","天桥区","201904"
mca_area_370112,base.cn,base.state_cn_SD,"370112","历城区","201904"
mca_area_370113,base.cn,base.state_cn_SD,"370113","长清区","201904"
mca_area_370114,base.cn,base.state_cn_SD,"370114","章丘区","201904"
mca_area_370115,base.cn,base.state_cn_SD,"370115","济阳区","201904"
mca_area_370124,base.cn,base.state_cn_SD,"370124","平阴县","201904"
mca_area_370126,base.cn,base.state_cn_SD,"370126","商河县","201904"
mca_area_370200,base.cn,base.state_cn_SD,"370200","青岛市","201904"
mca_area_370202,base.cn,base.state_cn_SD,"370202","市南区","201904"
mca_area_370203,base.cn,base.state_cn_SD,"370203","市北区","201904"
mca_area_370211,base.cn,base.state_cn_SD,"370211","黄岛区","201904"
mca_area_370212,base.cn,base.state_cn_SD,"370212","崂山区","201904"
mca_area_370213,base.cn,base.state_cn_SD,"370213","李沧区","201904"
mca_area_370214,base.cn,base.state_cn_SD,"370214","城阳区","201904"
mca_area_370215,base.cn,base.state_cn_SD,"370215","即墨区","201904"
mca_area_370281,base.cn,base.state_cn_SD,"370281","胶州市","201904"
mca_area_370283,base.cn,base.state_cn_SD,"370283","平度市","201904"
mca_area_370285,base.cn,base.state_cn_SD,"370285","莱西市","201904"
mca_area_370300,base.cn,base.state_cn_SD,"370300","淄博市","201904"
mca_area_370302,base.cn,base.state_cn_SD,"370302","淄川区","201904"
mca_area_370303,base.cn,base.state_cn_SD,"370303","张店区","201904"
mca_area_370304,base.cn,base.state_cn_SD,"370304","博山区","201904"
mca_area_370305,base.cn,base.state_cn_SD,"370305","临淄区","201904"
mca_area_370306,base.cn,base.state_cn_SD,"370306","周村区","201904"
mca_area_370321,base.cn,base.state_cn_SD,"370321","桓台县","201904"
mca_area_370322,base.cn,base.state_cn_SD,"370322","高青县","201904"
mca_area_370323,base.cn,base.state_cn_SD,"370323","沂源县","201904"
mca_area_370400,base.cn,base.state_cn_SD,"370400","枣庄市","201904"
mca_area_370402,base.cn,base.state_cn_SD,"370402","市中区","201904"
mca_area_370403,base.cn,base.state_cn_SD,"370403","薛城区","201904"
mca_area_370404,base.cn,base.state_cn_SD,"370404","峄城区","201904"
mca_area_370405,base.cn,base.state_cn_SD,"370405","台儿庄区","201904"
mca_area_370406,base.cn,base.state_cn_SD,"370406","山亭区","201904"
mca_area_370481,base.cn,base.state_cn_SD,"370481","滕州市","201904"
mca_area_370500,base.cn,base.state_cn_SD,"370500","东营市","201904"
mca_area_370502,base.cn,base.state_cn_SD,"370502","东营区","201904"
mca_area_370503,base.cn,base.state_cn_SD,"370503","河口区","201904"
mca_area_370505,base.cn,base.state_cn_SD,"370505","垦利区","201904"
mca_area_370522,base.cn,base.state_cn_SD,"370522","利津县","201904"
mca_area_370523,base.cn,base.state_cn_SD,"370523","广饶县","201904"
mca_area_370600,base.cn,base.state_cn_SD,"370600","烟台市","201904"
mca_area_370602,base.cn,base.state_cn_SD,"370602","芝罘区","201904"
mca_area_370611,base.cn,base.state_cn_SD,"370611","福山区","201904"
mca_area_370612,base.cn,base.state_cn_SD,"370612","牟平区","201904"
mca_area_370613,base.cn,base.state_cn_SD,"370613","莱山区","201904"
mca_area_370634,base.cn,base.state_cn_SD,"370634","长岛县","201904"
mca_area_370681,base.cn,base.state_cn_SD,"370681","龙口市","201904"
mca_area_370682,base.cn,base.state_cn_SD,"370682","莱阳市","201904"
mca_area_370683,base.cn,base.state_cn_SD,"370683","莱州市","201904"
mca_area_370684,base.cn,base.state_cn_SD,"370684","蓬莱市","201904"
mca_area_370685,base.cn,base.state_cn_SD,"370685","招远市","201904"
mca_area_370686,base.cn,base.state_cn_SD,"370686","栖霞市","201904"
mca_area_370687,base.cn,base.state_cn_SD,"370687","海阳市","201904"
mca_area_370700,base.cn,base.state_cn_SD,"370700","潍坊市","201904"
mca_area_370702,base.cn,base.state_cn_SD,"370702","潍城区","201904"
mca_area_370703,base.cn,base.state_cn_SD,"370703","寒亭区","201904"
mca_area_370704,base.cn,base.state_cn_SD,"370704","坊子区","201904"
mca_area_370705,base.cn,base.state_cn_SD,"370705","奎文区","201904"
mca_area_370724,base.cn,base.state_cn_SD,"370724","临朐县","201904"
mca_area_370725,base.cn,base.state_cn_SD,"370725","昌乐县","201904"
mca_area_370781,base.cn,base.state_cn_SD,"370781","青州市","201904"
mca_area_370782,base.cn,base.state_cn_SD,"370782","诸城市","201904"
mca_area_370783,base.cn,base.state_cn_SD,"370783","寿光市","201904"
mca_area_370784,base.cn,base.state_cn_SD,"370784","安丘市","201904"
mca_area_370785,base.cn,base.state_cn_SD,"370785","高密市","201904"
mca_area_370786,base.cn,base.state_cn_SD,"370786","昌邑市","201904"
mca_area_370800,base.cn,base.state_cn_SD,"370800","济宁市","201904"
mca_area_370811,base.cn,base.state_cn_SD,"370811","任城区","201904"
mca_area_370812,base.cn,base.state_cn_SD,"370812","兖州区","201904"
mca_area_370826,base.cn,base.state_cn_SD,"370826","微山县","201904"
mca_area_370827,base.cn,base.state_cn_SD,"370827","鱼台县","201904"
mca_area_370828,base.cn,base.state_cn_SD,"370828","金乡县","201904"
mca_area_370829,base.cn,base.state_cn_SD,"370829","嘉祥县","201904"
mca_area_370830,base.cn,base.state_cn_SD,"370830","汶上县","201904"
mca_area_370831,base.cn,base.state_cn_SD,"370831","泗水县","201904"
mca_area_370832,base.cn,base.state_cn_SD,"370832","梁山县","201904"
mca_area_370881,base.cn,base.state_cn_SD,"370881","曲阜市","201904"
mca_area_370883,base.cn,base.state_cn_SD,"370883","邹城市","201904"
mca_area_370900,base.cn,base.state_cn_SD,"370900","泰安市","201904"
mca_area_370902,base.cn,base.state_cn_SD,"370902","泰山区","201904"
mca_area_370911,base.cn,base.state_cn_SD,"370911","岱岳区","201904"
mca_area_370921,base.cn,base.state_cn_SD,"370921","宁阳县","201904"
mca_area_370923,base.cn,base.state_cn_SD,"370923","东平县","201904"
mca_area_370982,base.cn,base.state_cn_SD,"370982","新泰市","201904"
mca_area_370983,base.cn,base.state_cn_SD,"370983","肥城市","201904"
mca_area_371000,base.cn,base.state_cn_SD,"371000","威海市","201904"
mca_area_371002,base.cn,base.state_cn_SD,"371002","环翠区","201904"
mca_area_371003,base.cn,base.state_cn_SD,"371003","文登区","201904"
mca_area_371082,base.cn,base.state_cn_SD,"371082","荣成市","201904"
mca_area_371083,base.cn,base.state_cn_SD,"371083","乳山市","201904"
mca_area_371100,base.cn,base.state_cn_SD,"371100","日照市","201904"
mca_area_371102,base.cn,base.state_cn_SD,"371102","东港区","201904"
mca_area_371103,base.cn,base.state_cn_SD,"371103","岚山区","201904"
mca_area_371121,base.cn,base.state_cn_SD,"371121","五莲县","201904"
mca_area_371122,base.cn,base.state_cn_SD,"371122","莒县","201904"
mca_area_371200,base.cn,base.state_cn_SD,"371200","莱芜市","201904"
mca_area_371202,base.cn,base.state_cn_SD,"371202","莱城区","201904"
mca_area_371203,base.cn,base.state_cn_SD,"371203","钢城区","201904"
mca_area_371300,base.cn,base.state_cn_SD,"371300","临沂市","201904"
mca_area_371302,base.cn,base.state_cn_SD,"371302","兰山区","201904"
mca_area_371311,base.cn,base.state_cn_SD,"371311","罗庄区","201904"
mca_area_371312,base.cn,base.state_cn_SD,"371312","河东区","201904"
mca_area_371321,base.cn,base.state_cn_SD,"371321","沂南县","201904"
mca_area_371322,base.cn,base.state_cn_SD,"371322","郯城县","201904"
mca_area_371323,base.cn,base.state_cn_SD,"371323","沂水县","201904"
mca_area_371324,base.cn,base.state_cn_SD,"371324","兰陵县","201904"
mca_area_371325,base.cn,base.state_cn_SD,"371325","费县","201904"
mca_area_371326,base.cn,base.state_cn_SD,"371326","平邑县","201904"
mca_area_371327,base.cn,base.state_cn_SD,"371327","莒南县","201904"
mca_area_371328,base.cn,base.state_cn_SD,"371328","蒙阴县","201904"
mca_area_371329,base.cn,base.state_cn_SD,"371329","临沭县","201904"
mca_area_371400,base.cn,base.state_cn_SD,"371400","德州市","201904"
mca_area_371402,base.cn,base.state_cn_SD,"371402","德城区","201904"
mca_area_371403,base.cn,base.state_cn_SD,"371403","陵城区","201904"
mca_area_371422,base.cn,base.state_cn_SD,"371422","宁津县","201904"
mca_area_371423,base.cn,base.state_cn_SD,"371423","庆云县","201904"
mca_area_371424,base.cn,base.state_cn_SD,"371424","临邑县","201904"
mca_area_371425,base.cn,base.state_cn_SD,"371425","齐河县","201904"
mca_area_371426,base.cn,base.state_cn_SD,"371426","平原县","201904"
mca_area_371427,base.cn,base.state_cn_SD,"371427","夏津县","201904"
mca_area_371428,base.cn,base.state_cn_SD,"371428","武城县","201904"
mca_area_371481,base.cn,base.state_cn_SD,"371481","乐陵市","201904"
mca_area_371482,base.cn,base.state_cn_SD,"371482","禹城市","201904"
mca_area_371500,base.cn,base.state_cn_SD,"371500","聊城市","201904"
mca_area_371502,base.cn,base.state_cn_SD,"371502","东昌府区","201904"
mca_area_371521,base.cn,base.state_cn_SD,"371521","阳谷县","201904"
mca_area_371522,base.cn,base.state_cn_SD,"371522","莘县","201904"
mca_area_371523,base.cn,base.state_cn_SD,"371523","茌平县","201904"
mca_area_371524,base.cn,base.state_cn_SD,"371524","东阿县","201904"
mca_area_371525,base.cn,base.state_cn_SD,"371525","冠县","201904"
mca_area_371526,base.cn,base.state_cn_SD,"371526","高唐县","201904"
mca_area_371581,base.cn,base.state_cn_SD,"371581","临清市","201904"
mca_area_371600,base.cn,base.state_cn_SD,"371600","滨州市","201904"
mca_area_371602,base.cn,base.state_cn_SD,"371602","滨城区","201904"
mca_area_371603,base.cn,base.state_cn_SD,"371603","沾化区","201904"
mca_area_371621,base.cn,base.state_cn_SD,"371621","惠民县","201904"
mca_area_371622,base.cn,base.state_cn_SD,"371622","阳信县","201904"
mca_area_371623,base.cn,base.state_cn_SD,"371623","无棣县","201904"
mca_area_371625,base.cn,base.state_cn_SD,"371625","博兴县","201904"
mca_area_371681,base.cn,base.state_cn_SD,"371681","邹平市","201904"
mca_area_371700,base.cn,base.state_cn_SD,"371700","菏泽市","201904"
mca_area_371702,base.cn,base.state_cn_SD,"371702","牡丹区","201904"
mca_area_371703,base.cn,base.state_cn_SD,"371703","定陶区","201904"
mca_area_371721,base.cn,base.state_cn_SD,"371721","曹县","201904"
mca_area_371722,base.cn,base.state_cn_SD,"371722","单县","201904"
mca_area_371723,base.cn,base.state_cn_SD,"371723","成武县","201904"
mca_area_371724,base.cn,base.state_cn_SD,"371724","巨野县","201904"
mca_area_371725,base.cn,base.state_cn_SD,"371725","郓城县","201904"
mca_area_371726,base.cn,base.state_cn_SD,"371726","鄄城县","201904"
mca_area_371728,base.cn,base.state_cn_SD,"371728","东明县","201904"
mca_area_410000,base.cn,base.state_cn_HA,"410000","河南省","201904"
mca_area_410100,base.cn,base.state_cn_HA,"410100","郑州市","201904"
mca_area_410102,base.cn,base.state_cn_HA,"410102","中原区","201904"
mca_area_410103,base.cn,base.state_cn_HA,"410103","二七区","201904"
mca_area_410104,base.cn,base.state_cn_HA,"410104","管城回族区","201904"
mca_area_410105,base.cn,base.state_cn_HA,"410105","金水区","201904"
mca_area_410106,base.cn,base.state_cn_HA,"410106","上街区","201904"
mca_area_410108,base.cn,base.state_cn_HA,"410108","惠济区","201904"
mca_area_410122,base.cn,base.state_cn_HA,"410122","中牟县","201904"
mca_area_410181,base.cn,base.state_cn_HA,"410181","巩义市","201904"
mca_area_410182,base.cn,base.state_cn_HA,"410182","荥阳市","201904"
mca_area_410183,base.cn,base.state_cn_HA,"410183","新密市","201904"
mca_area_410184,base.cn,base.state_cn_HA,"410184","新郑市","201904"
mca_area_410185,base.cn,base.state_cn_HA,"410185","登封市","201904"
mca_area_410200,base.cn,base.state_cn_HA,"410200","开封市","201904"
mca_area_410202,base.cn,base.state_cn_HA,"410202","龙亭区","201904"
mca_area_410203,base.cn,base.state_cn_HA,"410203","顺河回族区","201904"
mca_area_410204,base.cn,base.state_cn_HA,"410204","鼓楼区","201904"
mca_area_410205,base.cn,base.state_cn_HA,"410205","禹王台区","201904"
mca_area_410212,base.cn,base.state_cn_HA,"410212","祥符区","201904"
mca_area_410221,base.cn,base.state_cn_HA,"410221","杞县","201904"
mca_area_410222,base.cn,base.state_cn_HA,"410222","通许县","201904"
mca_area_410223,base.cn,base.state_cn_HA,"410223","尉氏县","201904"
mca_area_410225,base.cn,base.state_cn_HA,"410225","兰考县","201904"
mca_area_410300,base.cn,base.state_cn_HA,"410300","洛阳市","201904"
mca_area_410302,base.cn,base.state_cn_HA,"410302","老城区","201904"
mca_area_410303,base.cn,base.state_cn_HA,"410303","西工区","201904"
mca_area_410304,base.cn,base.state_cn_HA,"410304","瀍河回族区","201904"
mca_area_410305,base.cn,base.state_cn_HA,"410305","涧西区","201904"
mca_area_410306,base.cn,base.state_cn_HA,"410306","吉利区","201904"
mca_area_410311,base.cn,base.state_cn_HA,"410311","洛龙区","201904"
mca_area_410322,base.cn,base.state_cn_HA,"410322","孟津县","201904"
mca_area_410323,base.cn,base.state_cn_HA,"410323","新安县","201904"
mca_area_410324,base.cn,base.state_cn_HA,"410324","栾川县","201904"
mca_area_410325,base.cn,base.state_cn_HA,"410325","嵩县","201904"
mca_area_410326,base.cn,base.state_cn_HA,"410326","汝阳县","201904"
mca_area_410327,base.cn,base.state_cn_HA,"410327","宜阳县","201904"
mca_area_410328,base.cn,base.state_cn_HA,"410328","洛宁县","201904"
mca_area_410329,base.cn,base.state_cn_HA,"410329","伊川县","201904"
mca_area_410381,base.cn,base.state_cn_HA,"410381","偃师市","201904"
mca_area_410400,base.cn,base.state_cn_HA,"410400","平顶山市","201904"
mca_area_410402,base.cn,base.state_cn_HA,"410402","新华区","201904"
mca_area_410403,base.cn,base.state_cn_HA,"410403","卫东区","201904"
mca_area_410404,base.cn,base.state_cn_HA,"410404","石龙区","201904"
mca_area_410411,base.cn,base.state_cn_HA,"410411","湛河区","201904"
mca_area_410421,base.cn,base.state_cn_HA,"410421","宝丰县","201904"
mca_area_410422,base.cn,base.state_cn_HA,"410422","叶县","201904"
mca_area_410423,base.cn,base.state_cn_HA,"410423","鲁山县","201904"
mca_area_410425,base.cn,base.state_cn_HA,"410425","郏县","201904"
mca_area_410481,base.cn,base.state_cn_HA,"410481","舞钢市","201904"
mca_area_410482,base.cn,base.state_cn_HA,"410482","汝州市","201904"
mca_area_410500,base.cn,base.state_cn_HA,"410500","安阳市","201904"
mca_area_410502,base.cn,base.state_cn_HA,"410502","文峰区","201904"
mca_area_410503,base.cn,base.state_cn_HA,"410503","北关区","201904"
mca_area_410505,base.cn,base.state_cn_HA,"410505","殷都区","201904"
mca_area_410506,base.cn,base.state_cn_HA,"410506","龙安区","201904"
mca_area_410522,base.cn,base.state_cn_HA,"410522","安阳县","201904"
mca_area_410523,base.cn,base.state_cn_HA,"410523","汤阴县","201904"
mca_area_410526,base.cn,base.state_cn_HA,"410526","滑县","201904"
mca_area_410527,base.cn,base.state_cn_HA,"410527","内黄县","201904"
mca_area_410581,base.cn,base.state_cn_HA,"410581","林州市","201904"
mca_area_410600,base.cn,base.state_cn_HA,"410600","鹤壁市","201904"
mca_area_410602,base.cn,base.state_cn_HA,"410602","鹤山区","201904"
mca_area_410603,base.cn,base.state_cn_HA,"410603","山城区","201904"
mca_area_410611,base.cn,base.state_cn_HA,"410611","淇滨区","201904"
mca_area_410621,base.cn,base.state_cn_HA,"410621","浚县","201904"
mca_area_410622,base.cn,base.state_cn_HA,"410622","淇县","201904"
mca_area_410700,base.cn,base.state_cn_HA,"410700","新乡市","201904"
mca_area_410702,base.cn,base.state_cn_HA,"410702","红旗区","201904"
mca_area_410703,base.cn,base.state_cn_HA,"410703","卫滨区","201904"
mca_area_410704,base.cn,base.state_cn_HA,"410704","凤泉区","201904"
mca_area_410711,base.cn,base.state_cn_HA,"410711","牧野区","201904"
mca_area_410721,base.cn,base.state_cn_HA,"410721","新乡县","201904"
mca_area_410724,base.cn,base.state_cn_HA,"410724","获嘉县","201904"
mca_area_410725,base.cn,base.state_cn_HA,"410725","原阳县","201904"
mca_area_410726,base.cn,base.state_cn_HA,"410726","延津县","201904"
mca_area_410727,base.cn,base.state_cn_HA,"410727","封丘县","201904"
mca_area_410728,base.cn,base.state_cn_HA,"410728","长垣县","201904"
mca_area_410781,base.cn,base.state_cn_HA,"410781","卫辉市","201904"
mca_area_410782,base.cn,base.state_cn_HA,"410782","辉县市","201904"
mca_area_410800,base.cn,base.state_cn_HA,"410800","焦作市","201904"
mca_area_410802,base.cn,base.state_cn_HA,"410802","解放区","201904"
mca_area_410803,base.cn,base.state_cn_HA,"410803","中站区","201904"
mca_area_410804,base.cn,base.state_cn_HA,"410804","马村区","201904"
mca_area_410811,base.cn,base.state_cn_HA,"410811","山阳区","201904"
mca_area_410821,base.cn,base.state_cn_HA,"410821","修武县","201904"
mca_area_410822,base.cn,base.state_cn_HA,"410822","博爱县","201904"
mca_area_410823,base.cn,base.state_cn_HA,"410823","武陟县","201904"
mca_area_410825,base.cn,base.state_cn_HA,"410825","温县","201904"
mca_area_410882,base.cn,base.state_cn_HA,"410882","沁阳市","201904"
mca_area_410883,base.cn,base.state_cn_HA,"410883","孟州市","201904"
mca_area_410900,base.cn,base.state_cn_HA,"410900","濮阳市","201904"
mca_area_410902,base.cn,base.state_cn_HA,"410902","华龙区","201904"
mca_area_410922,base.cn,base.state_cn_HA,"410922","清丰县","201904"
mca_area_410923,base.cn,base.state_cn_HA,"410923","南乐县","201904"
mca_area_410926,base.cn,base.state_cn_HA,"410926","范县","201904"
mca_area_410927,base.cn,base.state_cn_HA,"410927","台前县","201904"
mca_area_410928,base.cn,base.state_cn_HA,"410928","濮阳县","201904"
mca_area_411000,base.cn,base.state_cn_HA,"411000","许昌市","201904"
mca_area_411002,base.cn,base.state_cn_HA,"411002","魏都区","201904"
mca_area_411003,base.cn,base.state_cn_HA,"411003","建安区","201904"
mca_area_411024,base.cn,base.state_cn_HA,"411024","鄢陵县","201904"
mca_area_411025,base.cn,base.state_cn_HA,"411025","襄城县","201904"
mca_area_411081,base.cn,base.state_cn_HA,"411081","禹州市","201904"
mca_area_411082,base.cn,base.state_cn_HA,"411082","长葛市","201904"
mca_area_411100,base.cn,base.state_cn_HA,"411100","漯河市","201904"
mca_area_411102,base.cn,base.state_cn_HA,"411102","源汇区","201904"
mca_area_411103,base.cn,base.state_cn_HA,"411103","郾城区","201904"
mca_area_411104,base.cn,base.state_cn_HA,"411104","召陵区","201904"
mca_area_411121,base.cn,base.state_cn_HA,"411121","舞阳县","201904"
mca_area_411122,base.cn,base.state_cn_HA,"411122","临颍县","201904"
mca_area_411200,base.cn,base.state_cn_HA,"411200","三门峡市","201904"
mca_area_411202,base.cn,base.state_cn_HA,"411202","湖滨区","201904"
mca_area_411203,base.cn,base.state_cn_HA,"411203","陕州区","201904"
mca_area_411221,base.cn,base.state_cn_HA,"411221","渑池县","201904"
mca_area_411224,base.cn,base.state_cn_HA,"411224","卢氏县","201904"
mca_area_411281,base.cn,base.state_cn_HA,"411281","义马市","201904"
mca_area_411282,base.cn,base.state_cn_HA,"411282","灵宝市","201904"
mca_area_411300,base.cn,base.state_cn_HA,"411300","南阳市","201904"
mca_area_411302,base.cn,base.state_cn_HA,"411302","宛城区","201904"
mca_area_411303,base.cn,base.state_cn_HA,"411303","卧龙区","201904"
mca_area_411321,base.cn,base.state_cn_HA,"411321","南召县","201904"
mca_area_411322,base.cn,base.state_cn_HA,"411322","方城县","201904"
mca_area_411323,base.cn,base.state_cn_HA,"411323","西峡县","201904"
mca_area_411324,base.cn,base.state_cn_HA,"411324","镇平县","201904"
mca_area_411325,base.cn,base.state_cn_HA,"411325","内乡县","201904"
mca_area_411326,base.cn,base.state_cn_HA,"411326","淅川县","201904"
mca_area_411327,base.cn,base.state_cn_HA,"411327","社旗县","201904"
mca_area_411328,base.cn,base.state_cn_HA,"411328","唐河县","201904"
mca_area_411329,base.cn,base.state_cn_HA,"411329","新野县","201904"
mca_area_411330,base.cn,base.state_cn_HA,"411330","桐柏县","201904"
mca_area_411381,base.cn,base.state_cn_HA,"411381","邓州市","201904"
mca_area_411400,base.cn,base.state_cn_HA,"411400","商丘市","201904"
mca_area_411402,base.cn,base.state_cn_HA,"411402","梁园区","201904"
mca_area_411403,base.cn,base.state_cn_HA,"411403","睢阳区","201904"
mca_area_411421,base.cn,base.state_cn_HA,"411421","民权县","201904"
mca_area_411422,base.cn,base.state_cn_HA,"411422","睢县","201904"
mca_area_411423,base.cn,base.state_cn_HA,"411423","宁陵县","201904"
mca_area_411424,base.cn,base.state_cn_HA,"411424","柘城县","201904"
mca_area_411425,base.cn,base.state_cn_HA,"411425","虞城县","201904"
mca_area_411426,base.cn,base.state_cn_HA,"411426","夏邑县","201904"
mca_area_411481,base.cn,base.state_cn_HA,"411481","永城市","201904"
mca_area_411500,base.cn,base.state_cn_HA,"411500","信阳市","201904"
mca_area_411502,base.cn,base.state_cn_HA,"411502","浉河区","201904"
mca_area_411503,base.cn,base.state_cn_HA,"411503","平桥区","201904"
mca_area_411521,base.cn,base.state_cn_HA,"411521","罗山县","201904"
mca_area_411522,base.cn,base.state_cn_HA,"411522","光山县","201904"
mca_area_411523,base.cn,base.state_cn_HA,"411523","新县","201904"
mca_area_411524,base.cn,base.state_cn_HA,"411524","商城县","201904"
mca_area_411525,base.cn,base.state_cn_HA,"411525","固始县","201904"
mca_area_411526,base.cn,base.state_cn_HA,"411526","潢川县","201904"
mca_area_411527,base.cn,base.state_cn_HA,"411527","淮滨县","201904"
mca_area_411528,base.cn,base.state_cn_HA,"411528","息县","201904"
mca_area_411600,base.cn,base.state_cn_HA,"411600","周口市","201904"
mca_area_411602,base.cn,base.state_cn_HA,"411602","川汇区","201904"
mca_area_411621,base.cn,base.state_cn_HA,"411621","扶沟县","201904"
mca_area_411622,base.cn,base.state_cn_HA,"411622","西华县","201904"
mca_area_411623,base.cn,base.state_cn_HA,"411623","商水县","201904"
mca_area_411624,base.cn,base.state_cn_HA,"411624","沈丘县","201904"
mca_area_411625,base.cn,base.state_cn_HA,"411625","郸城县","201904"
mca_area_411626,base.cn,base.state_cn_HA,"411626","淮阳县","201904"
mca_area_411627,base.cn,base.state_cn_HA,"411627","太康县","201904"
mca_area_411628,base.cn,base.state_cn_HA,"411628","鹿邑县","201904"
mca_area_411681,base.cn,base.state_cn_HA,"411681","项城市","201904"
mca_area_411700,base.cn,base.state_cn_HA,"411700","驻马店市","201904"
mca_area_411702,base.cn,base.state_cn_HA,"411702","驿城区","201904"
mca_area_411721,base.cn,base.state_cn_HA,"411721","西平县","201904"
mca_area_411722,base.cn,base.state_cn_HA,"411722","上蔡县","201904"
mca_area_411723,base.cn,base.state_cn_HA,"411723","平舆县","201904"
mca_area_411724,base.cn,base.state_cn_HA,"411724","正阳县","201904"
mca_area_411725,base.cn,base.state_cn_HA,"411725","确山县","201904"
mca_area_411726,base.cn,base.state_cn_HA,"411726","泌阳县","201904"
mca_area_411727,base.cn,base.state_cn_HA,"411727","汝南县","201904"
mca_area_411728,base.cn,base.state_cn_HA,"411728","遂平县","201904"
mca_area_411729,base.cn,base.state_cn_HA,"411729","新蔡县","201904"
mca_area_419001,base.cn,base.state_cn_HA,"419001","济源市","201904"
mca_area_420000,base.cn,base.state_cn_HB,"420000","湖北省","201904"
mca_area_420100,base.cn,base.state_cn_HB,"420100","武汉市","201904"
mca_area_420102,base.cn,base.state_cn_HB,"420102","江岸区","201904"
mca_area_420103,base.cn,base.state_cn_HB,"420103","江汉区","201904"
mca_area_420104,base.cn,base.state_cn_HB,"420104","硚口区","201904"
mca_area_420105,base.cn,base.state_cn_HB,"420105","汉阳区","201904"
mca_area_420106,base.cn,base.state_cn_HB,"420106","武昌区","201904"
mca_area_420107,base.cn,base.state_cn_HB,"420107","青山区","201904"
mca_area_420111,base.cn,base.state_cn_HB,"420111","洪山区","201904"
mca_area_420112,base.cn,base.state_cn_HB,"420112","东西湖区","201904"
mca_area_420113,base.cn,base.state_cn_HB,"420113","汉南区","201904"
mca_area_420114,base.cn,base.state_cn_HB,"420114","蔡甸区","201904"
mca_area_420115,base.cn,base.state_cn_HB,"420115","江夏区","201904"
mca_area_420116,base.cn,base.state_cn_HB,"420116","黄陂区","201904"
mca_area_420117,base.cn,base.state_cn_HB,"420117","新洲区","201904"
mca_area_420200,base.cn,base.state_cn_HB,"420200","黄石市","201904"
mca_area_420202,base.cn,base.state_cn_HB,"420202","黄石港区","201904"
mca_area_420203,base.cn,base.state_cn_HB,"420203","西塞山区","201904"
mca_area_420204,base.cn,base.state_cn_HB,"420204","下陆区","201904"
mca_area_420205,base.cn,base.state_cn_HB,"420205","铁山区","201904"
mca_area_420222,base.cn,base.state_cn_HB,"420222","阳新县","201904"
mca_area_420281,base.cn,base.state_cn_HB,"420281","大冶市","201904"
mca_area_420300,base.cn,base.state_cn_HB,"420300","十堰市","201904"
mca_area_420302,base.cn,base.state_cn_HB,"420302","茅箭区","201904"
mca_area_420303,base.cn,base.state_cn_HB,"420303","张湾区","201904"
mca_area_420304,base.cn,base.state_cn_HB,"420304","郧阳区","201904"
mca_area_420322,base.cn,base.state_cn_HB,"420322","郧西县","201904"
mca_area_420323,base.cn,base.state_cn_HB,"420323","竹山县","201904"
mca_area_420324,base.cn,base.state_cn_HB,"420324","竹溪县","201904"
mca_area_420325,base.cn,base.state_cn_HB,"420325","房县","201904"
mca_area_420381,base.cn,base.state_cn_HB,"420381","丹江口市","201904"
mca_area_420500,base.cn,base.state_cn_HB,"420500","宜昌市","201904"
mca_area_420502,base.cn,base.state_cn_HB,"420502","西陵区","201904"
mca_area_420503,base.cn,base.state_cn_HB,"420503","伍家岗区","201904"
mca_area_420504,base.cn,base.state_cn_HB,"420504","点军区","201904"
mca_area_420505,base.cn,base.state_cn_HB,"420505","猇亭区","201904"
mca_area_420506,base.cn,base.state_cn_HB,"420506","夷陵区","201904"
mca_area_420525,base.cn,base.state_cn_HB,"420525","远安县","201904"
mca_area_420526,base.cn,base.state_cn_HB,"420526","兴山县","201904"
mca_area_420527,base.cn,base.state_cn_HB,"420527","秭归县","201904"
mca_area_420528,base.cn,base.state_cn_HB,"420528","长阳土家族自治县","201904"
mca_area_420529,base.cn,base.state_cn_HB,"420529","五峰土家族自治县","201904"
mca_area_420581,base.cn,base.state_cn_HB,"420581","宜都市","201904"
mca_area_420582,base.cn,base.state_cn_HB,"420582","当阳市","201904"
mca_area_420583,base.cn,base.state_cn_HB,"420583","枝江市","201904"
mca_area_420600,base.cn,base.state_cn_HB,"420600","襄阳市","201904"
mca_area_420602,base.cn,base.state_cn_HB,"420602","襄城区","201904"
mca_area_420606,base.cn,base.state_cn_HB,"420606","樊城区","201904"
mca_area_420607,base.cn,base.state_cn_HB,"420607","襄州区","201904"
mca_area_420624,base.cn,base.state_cn_HB,"420624","南漳县","201904"
mca_area_420625,base.cn,base.state_cn_HB,"420625","谷城县","201904"
mca_area_420626,base.cn,base.state_cn_HB,"420626","保康县","201904"
mca_area_420682,base.cn,base.state_cn_HB,"420682","老河口市","201904"
mca_area_420683,base.cn,base.state_cn_HB,"420683","枣阳市","201904"
mca_area_420684,base.cn,base.state_cn_HB,"420684","宜城市","201904"
mca_area_420700,base.cn,base.state_cn_HB,"420700","鄂州市","201904"
mca_area_420702,base.cn,base.state_cn_HB,"420702","梁子湖区","201904"
mca_area_420703,base.cn,base.state_cn_HB,"420703","华容区","201904"
mca_area_420704,base.cn,base.state_cn_HB,"420704","鄂城区","201904"
mca_area_420800,base.cn,base.state_cn_HB,"420800","荆门市","201904"
mca_area_420802,base.cn,base.state_cn_HB,"420802","东宝区","201904"
mca_area_420804,base.cn,base.state_cn_HB,"420804","掇刀区","201904"
mca_area_420822,base.cn,base.state_cn_HB,"420822","沙洋县","201904"
mca_area_420881,base.cn,base.state_cn_HB,"420881","钟祥市","201904"
mca_area_420882,base.cn,base.state_cn_HB,"420882","京山市","201904"
mca_area_420900,base.cn,base.state_cn_HB,"420900","孝感市","201904"
mca_area_420902,base.cn,base.state_cn_HB,"420902","孝南区","201904"
mca_area_420921,base.cn,base.state_cn_HB,"420921","孝昌县","201904"
mca_area_420922,base.cn,base.state_cn_HB,"420922","大悟县","201904"
mca_area_420923,base.cn,base.state_cn_HB,"420923","云梦县","201904"
mca_area_420981,base.cn,base.state_cn_HB,"420981","应城市","201904"
mca_area_420982,base.cn,base.state_cn_HB,"420982","安陆市","201904"
mca_area_420984,base.cn,base.state_cn_HB,"420984","汉川市","201904"
mca_area_421000,base.cn,base.state_cn_HB,"421000","荆州市","201904"
mca_area_421002,base.cn,base.state_cn_HB,"421002","沙市区","201904"
mca_area_421003,base.cn,base.state_cn_HB,"421003","荆州区","201904"
mca_area_421022,base.cn,base.state_cn_HB,"421022","公安县","201904"
mca_area_421023,base.cn,base.state_cn_HB,"421023","监利县","201904"
mca_area_421024,base.cn,base.state_cn_HB,"421024","江陵县","201904"
mca_area_421081,base.cn,base.state_cn_HB,"421081","石首市","201904"
mca_area_421083,base.cn,base.state_cn_HB,"421083","洪湖市","201904"
mca_area_421087,base.cn,base.state_cn_HB,"421087","松滋市","201904"
mca_area_421100,base.cn,base.state_cn_HB,"421100","黄冈市","201904"
mca_area_421102,base.cn,base.state_cn_HB,"421102","黄州区","201904"
mca_area_421121,base.cn,base.state_cn_HB,"421121","团风县","201904"
mca_area_421122,base.cn,base.state_cn_HB,"421122","红安县","201904"
mca_area_421123,base.cn,base.state_cn_HB,"421123","罗田县","201904"
mca_area_421124,base.cn,base.state_cn_HB,"421124","英山县","201904"
mca_area_421125,base.cn,base.state_cn_HB,"421125","浠水县","201904"
mca_area_421126,base.cn,base.state_cn_HB,"421126","蕲春县","201904"
mca_area_421127,base.cn,base.state_cn_HB,"421127","黄梅县","201904"
mca_area_421181,base.cn,base.state_cn_HB,"421181","麻城市","201904"
mca_area_421182,base.cn,base.state_cn_HB,"421182","武穴市","201904"
mca_area_421200,base.cn,base.state_cn_HB,"421200","咸宁市","201904"
mca_area_421202,base.cn,base.state_cn_HB,"421202","咸安区","201904"
mca_area_421221,base.cn,base.state_cn_HB,"421221","嘉鱼县","201904"
mca_area_421222,base.cn,base.state_cn_HB,"421222","通城县","201904"
mca_area_421223,base.cn,base.state_cn_HB,"421223","崇阳县","201904"
mca_area_421224,base.cn,base.state_cn_HB,"421224","通山县","201904"
mca_area_421281,base.cn,base.state_cn_HB,"421281","赤壁市","201904"
mca_area_421300,base.cn,base.state_cn_HB,"421300","随州市","201904"
mca_area_421303,base.cn,base.state_cn_HB,"421303","曾都区","201904"
mca_area_421321,base.cn,base.state_cn_HB,"421321","随县","201904"
mca_area_421381,base.cn,base.state_cn_HB,"421381","广水市","201904"
mca_area_422800,base.cn,base.state_cn_HB,"422800","恩施土家族苗族自治州","201904"
mca_area_422801,base.cn,base.state_cn_HB,"422801","恩施市","201904"
mca_area_422802,base.cn,base.state_cn_HB,"422802","利川市","201904"
mca_area_422822,base.cn,base.state_cn_HB,"422822","建始县","201904"
mca_area_422823,base.cn,base.state_cn_HB,"422823","巴东县","201904"
mca_area_422825,base.cn,base.state_cn_HB,"422825","宣恩县","201904"
mca_area_422826,base.cn,base.state_cn_HB,"422826","咸丰县","201904"
mca_area_422827,base.cn,base.state_cn_HB,"422827","来凤县","201904"
mca_area_422828,base.cn,base.state_cn_HB,"422828","鹤峰县","201904"
mca_area_429004,base.cn,base.state_cn_HB,"429004","仙桃市","201904"
mca_area_429005,base.cn,base.state_cn_HB,"429005","潜江市","201904"
mca_area_429006,base.cn,base.state_cn_HB,"429006","天门市","201904"
mca_area_429021,base.cn,base.state_cn_HB,"429021","神农架林区","201904"
mca_area_430000,base.cn,base.state_cn_HN,"430000","湖南省","201904"
mca_area_430100,base.cn,base.state_cn_HN,"430100","长沙市","201904"
mca_area_430102,base.cn,base.state_cn_HN,"430102","芙蓉区","201904"
mca_area_430103,base.cn,base.state_cn_HN,"430103","天心区","201904"
mca_area_430104,base.cn,base.state_cn_HN,"430104","岳麓区","201904"
mca_area_430105,base.cn,base.state_cn_HN,"430105","开福区","201904"
mca_area_430111,base.cn,base.state_cn_HN,"430111","雨花区","201904"
mca_area_430112,base.cn,base.state_cn_HN,"430112","望城区","201904"
mca_area_430121,base.cn,base.state_cn_HN,"430121","长沙县","201904"
mca_area_430181,base.cn,base.state_cn_HN,"430181","浏阳市","201904"
mca_area_430182,base.cn,base.state_cn_HN,"430182","宁乡市","201904"
mca_area_430200,base.cn,base.state_cn_HN,"430200","株洲市","201904"
mca_area_430202,base.cn,base.state_cn_HN,"430202","荷塘区","201904"
mca_area_430203,base.cn,base.state_cn_HN,"430203","芦淞区","201904"
mca_area_430204,base.cn,base.state_cn_HN,"430204","石峰区","201904"
mca_area_430211,base.cn,base.state_cn_HN,"430211","天元区","201904"
mca_area_430212,base.cn,base.state_cn_HN,"430212","渌口区","201904"
mca_area_430223,base.cn,base.state_cn_HN,"430223","攸县","201904"
mca_area_430224,base.cn,base.state_cn_HN,"430224","茶陵县","201904"
mca_area_430225,base.cn,base.state_cn_HN,"430225","炎陵县","201904"
mca_area_430281,base.cn,base.state_cn_HN,"430281","醴陵市","201904"
mca_area_430300,base.cn,base.state_cn_HN,"430300","湘潭市","201904"
mca_area_430302,base.cn,base.state_cn_HN,"430302","雨湖区","201904"
mca_area_430304,base.cn,base.state_cn_HN,"430304","岳塘区","201904"
mca_area_430321,base.cn,base.state_cn_HN,"430321","湘潭县","201904"
mca_area_430381,base.cn,base.state_cn_HN,"430381","湘乡市","201904"
mca_area_430382,base.cn,base.state_cn_HN,"430382","韶山市","201904"
mca_area_430400,base.cn,base.state_cn_HN,"430400","衡阳市","201904"
mca_area_430405,base.cn,base.state_cn_HN,"430405","珠晖区","201904"
mca_area_430406,base.cn,base.state_cn_HN,"430406","雁峰区","201904"
mca_area_430407,base.cn,base.state_cn_HN,"430407","石鼓区","201904"
mca_area_430408,base.cn,base.state_cn_HN,"430408","蒸湘区","201904"
mca_area_430412,base.cn,base.state_cn_HN,"430412","南岳区","201904"
mca_area_430421,base.cn,base.state_cn_HN,"430421","衡阳县","201904"
mca_area_430422,base.cn,base.state_cn_HN,"430422","衡南县","201904"
mca_area_430423,base.cn,base.state_cn_HN,"430423","衡山县","201904"
mca_area_430424,base.cn,base.state_cn_HN,"430424","衡东县","201904"
mca_area_430426,base.cn,base.state_cn_HN,"430426","祁东县","201904"
mca_area_430481,base.cn,base.state_cn_HN,"430481","耒阳市","201904"
mca_area_430482,base.cn,base.state_cn_HN,"430482","常宁市","201904"
mca_area_430500,base.cn,base.state_cn_HN,"430500","邵阳市","201904"
mca_area_430502,base.cn,base.state_cn_HN,"430502","双清区","201904"
mca_area_430503,base.cn,base.state_cn_HN,"430503","大祥区","201904"
mca_area_430511,base.cn,base.state_cn_HN,"430511","北塔区","201904"
mca_area_430521,base.cn,base.state_cn_HN,"430521","邵东县","201904"
mca_area_430522,base.cn,base.state_cn_HN,"430522","新邵县","201904"
mca_area_430523,base.cn,base.state_cn_HN,"430523","邵阳县","201904"
mca_area_430524,base.cn,base.state_cn_HN,"430524","隆回县","201904"
mca_area_430525,base.cn,base.state_cn_HN,"430525","洞口县","201904"
mca_area_430527,base.cn,base.state_cn_HN,"430527","绥宁县","201904"
mca_area_430528,base.cn,base.state_cn_HN,"430528","新宁县","201904"
mca_area_430529,base.cn,base.state_cn_HN,"430529","城步苗族自治县","201904"
mca_area_430581,base.cn,base.state_cn_HN,"430581","武冈市","201904"
mca_area_430600,base.cn,base.state_cn_HN,"430600","岳阳市","201904"
mca_area_430602,base.cn,base.state_cn_HN,"430602","岳阳楼区","201904"
mca_area_430603,base.cn,base.state_cn_HN,"430603","云溪区","201904"
mca_area_430611,base.cn,base.state_cn_HN,"430611","君山区","201904"
mca_area_430621,base.cn,base.state_cn_HN,"430621","岳阳县","201904"
mca_area_430623,base.cn,base.state_cn_HN,"430623","华容县","201904"
mca_area_430624,base.cn,base.state_cn_HN,"430624","湘阴县","201904"
mca_area_430626,base.cn,base.state_cn_HN,"430626","平江县","201904"
mca_area_430681,base.cn,base.state_cn_HN,"430681","汨罗市","201904"
mca_area_430682,base.cn,base.state_cn_HN,"430682","临湘市","201904"
mca_area_430700,base.cn,base.state_cn_HN,"430700","常德市","201904"
mca_area_430702,base.cn,base.state_cn_HN,"430702","武陵区","201904"
mca_area_430703,base.cn,base.state_cn_HN,"430703","鼎城区","201904"
mca_area_430721,base.cn,base.state_cn_HN,"430721","安乡县","201904"
mca_area_430722,base.cn,base.state_cn_HN,"430722","汉寿县","201904"
mca_area_430723,base.cn,base.state_cn_HN,"430723","澧县","201904"
mca_area_430724,base.cn,base.state_cn_HN,"430724","临澧县","201904"
mca_area_430725,base.cn,base.state_cn_HN,"430725","桃源县","201904"
mca_area_430726,base.cn,base.state_cn_HN,"430726","石门县","201904"
mca_area_430781,base.cn,base.state_cn_HN,"430781","津市市","201904"
mca_area_430800,base.cn,base.state_cn_HN,"430800","张家界市","201904"
mca_area_430802,base.cn,base.state_cn_HN,"430802","永定区","201904"
mca_area_430811,base.cn,base.state_cn_HN,"430811","武陵源区","201904"
mca_area_430821,base.cn,base.state_cn_HN,"430821","慈利县","201904"
mca_area_430822,base.cn,base.state_cn_HN,"430822","桑植县","201904"
mca_area_430900,base.cn,base.state_cn_HN,"430900","益阳市","201904"
mca_area_430902,base.cn,base.state_cn_HN,"430902","资阳区","201904"
mca_area_430903,base.cn,base.state_cn_HN,"430903","赫山区","201904"
mca_area_430921,base.cn,base.state_cn_HN,"430921","南县","201904"
mca_area_430922,base.cn,base.state_cn_HN,"430922","桃江县","201904"
mca_area_430923,base.cn,base.state_cn_HN,"430923","安化县","201904"
mca_area_430981,base.cn,base.state_cn_HN,"430981","沅江市","201904"
mca_area_431000,base.cn,base.state_cn_HN,"431000","郴州市","201904"
mca_area_431002,base.cn,base.state_cn_HN,"431002","北湖区","201904"
mca_area_431003,base.cn,base.state_cn_HN,"431003","苏仙区","201904"
mca_area_431021,base.cn,base.state_cn_HN,"431021","桂阳县","201904"
mca_area_431022,base.cn,base.state_cn_HN,"431022","宜章县","201904"
mca_area_431023,base.cn,base.state_cn_HN,"431023","永兴县","201904"
mca_area_431024,base.cn,base.state_cn_HN,"431024","嘉禾县","201904"
mca_area_431025,base.cn,base.state_cn_HN,"431025","临武县","201904"
mca_area_431026,base.cn,base.state_cn_HN,"431026","汝城县","201904"
mca_area_431027,base.cn,base.state_cn_HN,"431027","桂东县","201904"
mca_area_431028,base.cn,base.state_cn_HN,"431028","安仁县","201904"
mca_area_431081,base.cn,base.state_cn_HN,"431081","资兴市","201904"
mca_area_431100,base.cn,base.state_cn_HN,"431100","永州市","201904"
mca_area_431102,base.cn,base.state_cn_HN,"431102","零陵区","201904"
mca_area_431103,base.cn,base.state_cn_HN,"431103","冷水滩区","201904"
mca_area_431121,base.cn,base.state_cn_HN,"431121","祁阳县","201904"
mca_area_431122,base.cn,base.state_cn_HN,"431122","东安县","201904"
mca_area_431123,base.cn,base.state_cn_HN,"431123","双牌县","201904"
mca_area_431124,base.cn,base.state_cn_HN,"431124","道县","201904"
mca_area_431125,base.cn,base.state_cn_HN,"431125","江永县","201904"
mca_area_431126,base.cn,base.state_cn_HN,"431126","宁远县","201904"
mca_area_431127,base.cn,base.state_cn_HN,"431127","蓝山县","201904"
mca_area_431128,base.cn,base.state_cn_HN,"431128","新田县","201904"
mca_area_431129,base.cn,base.state_cn_HN,"431129","江华瑶族自治县","201904"
mca_area_431200,base.cn,base.state_cn_HN,"431200","怀化市","201904"
mca_area_431202,base.cn,base.state_cn_HN,"431202","鹤城区","201904"
mca_area_431221,base.cn,base.state_cn_HN,"431221","中方县","201904"
mca_area_431222,base.cn,base.state_cn_HN,"431222","沅陵县","201904"
mca_area_431223,base.cn,base.state_cn_HN,"431223","辰溪县","201904"
mca_area_431224,base.cn,base.state_cn_HN,"431224","溆浦县","201904"
mca_area_431225,base.cn,base.state_cn_HN,"431225","会同县","201904"
mca_area_431226,base.cn,base.state_cn_HN,"431226","麻阳苗族自治县","201904"
mca_area_431227,base.cn,base.state_cn_HN,"431227","新晃侗族自治县","201904"
mca_area_431228,base.cn,base.state_cn_HN,"431228","芷江侗族自治县","201904"
mca_area_431229,base.cn,base.state_cn_HN,"431229","靖州苗族侗族自治县","201904"
mca_area_431230,base.cn,base.state_cn_HN,"431230","通道侗族自治县","201904"
mca_area_431281,base.cn,base.state_cn_HN,"431281","洪江市","201904"
mca_area_431300,base.cn,base.state_cn_HN,"431300","娄底市","201904"
mca_area_431302,base.cn,base.state_cn_HN,"431302","娄星区","201904"
mca_area_431321,base.cn,base.state_cn_HN,"431321","双峰县","201904"
mca_area_431322,base.cn,base.state_cn_HN,"431322","新化县","201904"
mca_area_431381,base.cn,base.state_cn_HN,"431381","冷水江市","201904"
mca_area_431382,base.cn,base.state_cn_HN,"431382","涟源市","201904"
mca_area_433100,base.cn,base.state_cn_HN,"433100","湘西土家族苗族自治州","201904"
mca_area_433101,base.cn,base.state_cn_HN,"433101","吉首市","201904"
mca_area_433122,base.cn,base.state_cn_HN,"433122","泸溪县","201904"
mca_area_433123,base.cn,base.state_cn_HN,"433123","凤凰县","201904"
mca_area_433124,base.cn,base.state_cn_HN,"433124","花垣县","201904"
mca_area_433125,base.cn,base.state_cn_HN,"433125","保靖县","201904"
mca_area_433126,base.cn,base.state_cn_HN,"433126","古丈县","201904"
mca_area_433127,base.cn,base.state_cn_HN,"433127","永顺县","201904"
mca_area_433130,base.cn,base.state_cn_HN,"433130","龙山县","201904"
mca_area_440000,base.cn,base.state_cn_GD,"440000","广东省","201904"
mca_area_440100,base.cn,base.state_cn_GD,"440100","广州市","201904"
mca_area_440103,base.cn,base.state_cn_GD,"440103","荔湾区","201904"
mca_area_440104,base.cn,base.state_cn_GD,"440104","越秀区","201904"
mca_area_440105,base.cn,base.state_cn_GD,"440105","海珠区","201904"
mca_area_440106,base.cn,base.state_cn_GD,"440106","天河区","201904"
mca_area_440111,base.cn,base.state_cn_GD,"440111","白云区","201904"
mca_area_440112,base.cn,base.state_cn_GD,"440112","黄埔区","201904"
mca_area_440113,base.cn,base.state_cn_GD,"440113","番禺区","201904"
mca_area_440114,base.cn,base.state_cn_GD,"440114","花都区","201904"
mca_area_440115,base.cn,base.state_cn_GD,"440115","南沙区","201904"
mca_area_440117,base.cn,base.state_cn_GD,"440117","从化区","201904"
mca_area_440118,base.cn,base.state_cn_GD,"440118","增城区","201904"
mca_area_440200,base.cn,base.state_cn_GD,"440200","韶关市","201904"
mca_area_440203,base.cn,base.state_cn_GD,"440203","武江区","201904"
mca_area_440204,base.cn,base.state_cn_GD,"440204","浈江区","201904"
mca_area_440205,base.cn,base.state_cn_GD,"440205","曲江区","201904"
mca_area_440222,base.cn,base.state_cn_GD,"440222","始兴县","201904"
mca_area_440224,base.cn,base.state_cn_GD,"440224","仁化县","201904"
mca_area_440229,base.cn,base.state_cn_GD,"440229","翁源县","201904"
mca_area_440232,base.cn,base.state_cn_GD,"440232","乳源瑶族自治县","201904"
mca_area_440233,base.cn,base.state_cn_GD,"440233","新丰县","201904"
mca_area_440281,base.cn,base.state_cn_GD,"440281","乐昌市","201904"
mca_area_440282,base.cn,base.state_cn_GD,"440282","南雄市","201904"
mca_area_440300,base.cn,base.state_cn_GD,"440300","深圳市","201904"
mca_area_440303,base.cn,base.state_cn_GD,"440303","罗湖区","201904"
mca_area_440304,base.cn,base.state_cn_GD,"440304","福田区","201904"
mca_area_440305,base.cn,base.state_cn_GD,"440305","南山区","201904"
mca_area_440306,base.cn,base.state_cn_GD,"440306","宝安区","201904"
mca_area_440307,base.cn,base.state_cn_GD,"440307","龙岗区","201904"
mca_area_440308,base.cn,base.state_cn_GD,"440308","盐田区","201904"
mca_area_440309,base.cn,base.state_cn_GD,"440309","龙华区","201904"
mca_area_440310,base.cn,base.state_cn_GD,"440310","坪山区","201904"
mca_area_440311,base.cn,base.state_cn_GD,"440311","光明区","201904"
mca_area_440400,base.cn,base.state_cn_GD,"440400","珠海市","201904"
mca_area_440402,base.cn,base.state_cn_GD,"440402","香洲区","201904"
mca_area_440403,base.cn,base.state_cn_GD,"440403","斗门区","201904"
mca_area_440404,base.cn,base.state_cn_GD,"440404","金湾区","201904"
mca_area_440500,base.cn,base.state_cn_GD,"440500","汕头市","201904"
mca_area_440507,base.cn,base.state_cn_GD,"440507","龙湖区","201904"
mca_area_440511,base.cn,base.state_cn_GD,"440511","金平区","201904"
mca_area_440512,base.cn,base.state_cn_GD,"440512","濠江区","201904"
mca_area_440513,base.cn,base.state_cn_GD,"440513","潮阳区","201904"
mca_area_440514,base.cn,base.state_cn_GD,"440514","潮南区","201904"
mca_area_440515,base.cn,base.state_cn_GD,"440515","澄海区","201904"
mca_area_440523,base.cn,base.state_cn_GD,"440523","南澳县","201904"
mca_area_440600,base.cn,base.state_cn_GD,"440600","佛山市","201904"
mca_area_440604,base.cn,base.state_cn_GD,"440604","禅城区","201904"
mca_area_440605,base.cn,base.state_cn_GD,"440605","南海区","201904"
mca_area_440606,base.cn,base.state_cn_GD,"440606","顺德区","201904"
mca_area_440607,base.cn,base.state_cn_GD,"440607","三水区","201904"
mca_area_440608,base.cn,base.state_cn_GD,"440608","高明区","201904"
mca_area_440700,base.cn,base.state_cn_GD,"440700","江门市","201904"
mca_area_440703,base.cn,base.state_cn_GD,"440703","蓬江区","201904"
mca_area_440704,base.cn,base.state_cn_GD,"440704","江海区","201904"
mca_area_440705,base.cn,base.state_cn_GD,"440705","新会区","201904"
mca_area_440781,base.cn,base.state_cn_GD,"440781","台山市","201904"
mca_area_440783,base.cn,base.state_cn_GD,"440783","开平市","201904"
mca_area_440784,base.cn,base.state_cn_GD,"440784","鹤山市","201904"
mca_area_440785,base.cn,base.state_cn_GD,"440785","恩平市","201904"
mca_area_440800,base.cn,base.state_cn_GD,"440800","湛江市","201904"
mca_area_440802,base.cn,base.state_cn_GD,"440802","赤坎区","201904"
mca_area_440803,base.cn,base.state_cn_GD,"440803","霞山区","201904"
mca_area_440804,base.cn,base.state_cn_GD,"440804","坡头区","201904"
mca_area_440811,base.cn,base.state_cn_GD,"440811","麻章区","201904"
mca_area_440823,base.cn,base.state_cn_GD,"440823","遂溪县","201904"
mca_area_440825,base.cn,base.state_cn_GD,"440825","徐闻县","201904"
mca_area_440881,base.cn,base.state_cn_GD,"440881","廉江市","201904"
mca_area_440882,base.cn,base.state_cn_GD,"440882","雷州市","201904"
mca_area_440883,base.cn,base.state_cn_GD,"440883","吴川市","201904"
mca_area_440900,base.cn,base.state_cn_GD,"440900","茂名市","201904"
mca_area_440902,base.cn,base.state_cn_GD,"440902","茂南区","201904"
mca_area_440904,base.cn,base.state_cn_GD,"440904","电白区","201904"
mca_area_440981,base.cn,base.state_cn_GD,"440981","高州市","201904"
mca_area_440982,base.cn,base.state_cn_GD,"440982","化州市","201904"
mca_area_440983,base.cn,base.state_cn_GD,"440983","信宜市","201904"
mca_area_441200,base.cn,base.state_cn_GD,"441200","肇庆市","201904"
mca_area_441202,base.cn,base.state_cn_GD,"441202","端州区","201904"
mca_area_441203,base.cn,base.state_cn_GD,"441203","鼎湖区","201904"
mca_area_441204,base.cn,base.state_cn_GD,"441204","高要区","201904"
mca_area_441223,base.cn,base.state_cn_GD,"441223","广宁县","201904"
mca_area_441224,base.cn,base.state_cn_GD,"441224","怀集县","201904"
mca_area_441225,base.cn,base.state_cn_GD,"441225","封开县","201904"
mca_area_441226,base.cn,base.state_cn_GD,"441226","德庆县","201904"
mca_area_441284,base.cn,base.state_cn_GD,"441284","四会市","201904"
mca_area_441300,base.cn,base.state_cn_GD,"441300","惠州市","201904"
mca_area_441302,base.cn,base.state_cn_GD,"441302","惠城区","201904"
mca_area_441303,base.cn,base.state_cn_GD,"441303","惠阳区","201904"
mca_area_441322,base.cn,base.state_cn_GD,"441322","博罗县","201904"
mca_area_441323,base.cn,base.state_cn_GD,"441323","惠东县","201904"
mca_area_441324,base.cn,base.state_cn_GD,"441324","龙门县","201904"
mca_area_441400,base.cn,base.state_cn_GD,"441400","梅州市","201904"
mca_area_441402,base.cn,base.state_cn_GD,"441402","梅江区","201904"
mca_area_441403,base.cn,base.state_cn_GD,"441403","梅县区","201904"
mca_area_441422,base.cn,base.state_cn_GD,"441422","大埔县","201904"
mca_area_441423,base.cn,base.state_cn_GD,"441423","丰顺县","201904"
mca_area_441424,base.cn,base.state_cn_GD,"441424","五华县","201904"
mca_area_441426,base.cn,base.state_cn_GD,"441426","平远县","201904"
mca_area_441427,base.cn,base.state_cn_GD,"441427","蕉岭县","201904"
mca_area_441481,base.cn,base.state_cn_GD,"441481","兴宁市","201904"
mca_area_441500,base.cn,base.state_cn_GD,"441500","汕尾市","201904"
mca_area_441502,base.cn,base.state_cn_GD,"441502","城区","201904"
mca_area_441521,base.cn,base.state_cn_GD,"441521","海丰县","201904"
mca_area_441523,base.cn,base.state_cn_GD,"441523","陆河县","201904"
mca_area_441581,base.cn,base.state_cn_GD,"441581","陆丰市","201904"
mca_area_441600,base.cn,base.state_cn_GD,"441600","河源市","201904"
mca_area_441602,base.cn,base.state_cn_GD,"441602","源城区","201904"
mca_area_441621,base.cn,base.state_cn_GD,"441621","紫金县","201904"
mca_area_441622,base.cn,base.state_cn_GD,"441622","龙川县","201904"
mca_area_441623,base.cn,base.state_cn_GD,"441623","连平县","201904"
mca_area_441624,base.cn,base.state_cn_GD,"441624","和平县","201904"
mca_area_441625,base.cn,base.state_cn_GD,"441625","东源县","201904"
mca_area_441700,base.cn,base.state_cn_GD,"441700","阳江市","201904"
mca_area_441702,base.cn,base.state_cn_GD,"441702","江城区","201904"
mca_area_441704,base.cn,base.state_cn_GD,"441704","阳东区","201904"
mca_area_441721,base.cn,base.state_cn_GD,"441721","阳西县","201904"
mca_area_441781,base.cn,base.state_cn_GD,"441781","阳春市","201904"
mca_area_441800,base.cn,base.state_cn_GD,"441800","清远市","201904"
mca_area_441802,base.cn,base.state_cn_GD,"441802","清城区","201904"
mca_area_441803,base.cn,base.state_cn_GD,"441803","清新区","201904"
mca_area_441821,base.cn,base.state_cn_GD,"441821","佛冈县","201904"
mca_area_441823,base.cn,base.state_cn_GD,"441823","阳山县","201904"
mca_area_441825,base.cn,base.state_cn_GD,"441825","连山壮族瑶族自治县","201904"
mca_area_441826,base.cn,base.state_cn_GD,"441826","连南瑶族自治县","201904"
mca_area_441881,base.cn,base.state_cn_GD,"441881","英德市","201904"
mca_area_441882,base.cn,base.state_cn_GD,"441882","连州市","201904"
mca_area_441900,base.cn,base.state_cn_GD,"441900","东莞市","201904"
mca_area_442000,base.cn,base.state_cn_GD,"442000","中山市","201904"
mca_area_445100,base.cn,base.state_cn_GD,"445100","潮州市","201904"
mca_area_445102,base.cn,base.state_cn_GD,"445102","湘桥区","201904"
mca_area_445103,base.cn,base.state_cn_GD,"445103","潮安区","201904"
mca_area_445122,base.cn,base.state_cn_GD,"445122","饶平县","201904"
mca_area_445200,base.cn,base.state_cn_GD,"445200","揭阳市","201904"
mca_area_445202,base.cn,base.state_cn_GD,"445202","榕城区","201904"
mca_area_445203,base.cn,base.state_cn_GD,"445203","揭东区","201904"
mca_area_445222,base.cn,base.state_cn_GD,"445222","揭西县","201904"
mca_area_445224,base.cn,base.state_cn_GD,"445224","惠来县","201904"
mca_area_445281,base.cn,base.state_cn_GD,"445281","普宁市","201904"
mca_area_445300,base.cn,base.state_cn_GD,"445300","云浮市","201904"
mca_area_445302,base.cn,base.state_cn_GD,"445302","云城区","201904"
mca_area_445303,base.cn,base.state_cn_GD,"445303","云安区","201904"
mca_area_445321,base.cn,base.state_cn_GD,"445321","新兴县","201904"
mca_area_445322,base.cn,base.state_cn_GD,"445322","郁南县","201904"
mca_area_445381,base.cn,base.state_cn_GD,"445381","罗定市","201904"
mca_area_450000,base.cn,base.state_cn_GX,"450000","广西壮族自治区","201904"
mca_area_450100,base.cn,base.state_cn_GX,"450100","南宁市","201904"
mca_area_450102,base.cn,base.state_cn_GX,"450102","兴宁区","201904"
mca_area_450103,base.cn,base.state_cn_GX,"450103","青秀区","201904"
mca_area_450105,base.cn,base.state_cn_GX,"450105","江南区","201904"
mca_area_450107,base.cn,base.state_cn_GX,"450107","西乡塘区","201904"
mca_area_450108,base.cn,base.state_cn_GX,"450108","良庆区","201904"
mca_area_450109,base.cn,base.state_cn_GX,"450109","邕宁区","201904"
mca_area_450110,base.cn,base.state_cn_GX,"450110","武鸣区","201904"
mca_area_450123,base.cn,base.state_cn_GX,"450123","隆安县","201904"
mca_area_450124,base.cn,base.state_cn_GX,"450124","马山县","201904"
mca_area_450125,base.cn,base.state_cn_GX,"450125","上林县","201904"
mca_area_450126,base.cn,base.state_cn_GX,"450126","宾阳县","201904"
mca_area_450127,base.cn,base.state_cn_GX,"450127","横县","201904"
mca_area_450200,base.cn,base.state_cn_GX,"450200","柳州市","201904"
mca_area_450202,base.cn,base.state_cn_GX,"450202","城中区","201904"
mca_area_450203,base.cn,base.state_cn_GX,"450203","鱼峰区","201904"
mca_area_450204,base.cn,base.state_cn_GX,"450204","柳南区","201904"
mca_area_450205,base.cn,base.state_cn_GX,"450205","柳北区","201904"
mca_area_450206,base.cn,base.state_cn_GX,"450206","柳江区","201904"
mca_area_450222,base.cn,base.state_cn_GX,"450222","柳城县","201904"
mca_area_450223,base.cn,base.state_cn_GX,"450223","鹿寨县","201904"
mca_area_450224,base.cn,base.state_cn_GX,"450224","融安县","201904"
mca_area_450225,base.cn,base.state_cn_GX,"450225","融水苗族自治县","201904"
mca_area_450226,base.cn,base.state_cn_GX,"450226","三江侗族自治县","201904"
mca_area_450300,base.cn,base.state_cn_GX,"450300","桂林市","201904"
mca_area_450302,base.cn,base.state_cn_GX,"450302","秀峰区","201904"
mca_area_450303,base.cn,base.state_cn_GX,"450303","叠彩区","201904"
mca_area_450304,base.cn,base.state_cn_GX,"450304","象山区","201904"
mca_area_450305,base.cn,base.state_cn_GX,"450305","七星区","201904"
mca_area_450311,base.cn,base.state_cn_GX,"450311","雁山区","201904"
mca_area_450312,base.cn,base.state_cn_GX,"450312","临桂区","201904"
mca_area_450321,base.cn,base.state_cn_GX,"450321","阳朔县","201904"
mca_area_450323,base.cn,base.state_cn_GX,"450323","灵川县","201904"
mca_area_450324,base.cn,base.state_cn_GX,"450324","全州县","201904"
mca_area_450325,base.cn,base.state_cn_GX,"450325","兴安县","201904"
mca_area_450326,base.cn,base.state_cn_GX,"450326","永福县","201904"
mca_area_450327,base.cn,base.state_cn_GX,"450327","灌阳县","201904"
mca_area_450328,base.cn,base.state_cn_GX,"450328","龙胜各族自治县","201904"
mca_area_450329,base.cn,base.state_cn_GX,"450329","资源县","201904"
mca_area_450330,base.cn,base.state_cn_GX,"450330","平乐县","201904"
mca_area_450381,base.cn,base.state_cn_GX,"450381","荔浦市","201904"
mca_area_450332,base.cn,base.state_cn_GX,"450332","恭城瑶族自治县","201904"
mca_area_450400,base.cn,base.state_cn_GX,"450400","梧州市","201904"
mca_area_450403,base.cn,base.state_cn_GX,"450403","万秀区","201904"
mca_area_450405,base.cn,base.state_cn_GX,"450405","长洲区","201904"
mca_area_450406,base.cn,base.state_cn_GX,"450406","龙圩区","201904"
mca_area_450421,base.cn,base.state_cn_GX,"450421","苍梧县","201904"
mca_area_450422,base.cn,base.state_cn_GX,"450422","藤县","201904"
mca_area_450423,base.cn,base.state_cn_GX,"450423","蒙山县","201904"
mca_area_450481,base.cn,base.state_cn_GX,"450481","岑溪市","201904"
mca_area_450500,base.cn,base.state_cn_GX,"450500","北海市","201904"
mca_area_450502,base.cn,base.state_cn_GX,"450502","海城区","201904"
mca_area_450503,base.cn,base.state_cn_GX,"450503","银海区","201904"
mca_area_450512,base.cn,base.state_cn_GX,"450512","铁山港区","201904"
mca_area_450521,base.cn,base.state_cn_GX,"450521","合浦县","201904"
mca_area_450600,base.cn,base.state_cn_GX,"450600","防城港市","201904"
mca_area_450602,base.cn,base.state_cn_GX,"450602","港口区","201904"
mca_area_450603,base.cn,base.state_cn_GX,"450603","防城区","201904"
mca_area_450621,base.cn,base.state_cn_GX,"450621","上思县","201904"
mca_area_450681,base.cn,base.state_cn_GX,"450681","东兴市","201904"
mca_area_450700,base.cn,base.state_cn_GX,"450700","钦州市","201904"
mca_area_450702,base.cn,base.state_cn_GX,"450702","钦南区","201904"
mca_area_450703,base.cn,base.state_cn_GX,"450703","钦北区","201904"
mca_area_450721,base.cn,base.state_cn_GX,"450721","灵山县","201904"
mca_area_450722,base.cn,base.state_cn_GX,"450722","浦北县","201904"
mca_area_450800,base.cn,base.state_cn_GX,"450800","贵港市","201904"
mca_area_450802,base.cn,base.state_cn_GX,"450802","港北区","201904"
mca_area_450803,base.cn,base.state_cn_GX,"450803","港南区","201904"
mca_area_450804,base.cn,base.state_cn_GX,"450804","覃塘区","201904"
mca_area_450821,base.cn,base.state_cn_GX,"450821","平南县","201904"
mca_area_450881,base.cn,base.state_cn_GX,"450881","桂平市","201904"
mca_area_450900,base.cn,base.state_cn_GX,"450900","玉林市","201904"
mca_area_450902,base.cn,base.state_cn_GX,"450902","玉州区","201904"
mca_area_450903,base.cn,base.state_cn_GX,"450903","福绵区","201904"
mca_area_450921,base.cn,base.state_cn_GX,"450921","容县","201904"
mca_area_450922,base.cn,base.state_cn_GX,"450922","陆川县","201904"
mca_area_450923,base.cn,base.state_cn_GX,"450923","博白县","201904"
mca_area_450924,base.cn,base.state_cn_GX,"450924","兴业县","201904"
mca_area_450981,base.cn,base.state_cn_GX,"450981","北流市","201904"
mca_area_451000,base.cn,base.state_cn_GX,"451000","百色市","201904"
mca_area_451002,base.cn,base.state_cn_GX,"451002","右江区","201904"
mca_area_451021,base.cn,base.state_cn_GX,"451021","田阳县","201904"
mca_area_451022,base.cn,base.state_cn_GX,"451022","田东县","201904"
mca_area_451023,base.cn,base.state_cn_GX,"451023","平果县","201904"
mca_area_451024,base.cn,base.state_cn_GX,"451024","德保县","201904"
mca_area_451026,base.cn,base.state_cn_GX,"451026","那坡县","201904"
mca_area_451027,base.cn,base.state_cn_GX,"451027","凌云县","201904"
mca_area_451028,base.cn,base.state_cn_GX,"451028","乐业县","201904"
mca_area_451029,base.cn,base.state_cn_GX,"451029","田林县","201904"
mca_area_451030,base.cn,base.state_cn_GX,"451030","西林县","201904"
mca_area_451031,base.cn,base.state_cn_GX,"451031","隆林各族自治县","201904"
mca_area_451081,base.cn,base.state_cn_GX,"451081","靖西市","201904"
mca_area_451100,base.cn,base.state_cn_GX,"451100","贺州市","201904"
mca_area_451102,base.cn,base.state_cn_GX,"451102","八步区","201904"
mca_area_451103,base.cn,base.state_cn_GX,"451103","平桂区","201904"
mca_area_451121,base.cn,base.state_cn_GX,"451121","昭平县","201904"
mca_area_451122,base.cn,base.state_cn_GX,"451122","钟山县","201904"
mca_area_451123,base.cn,base.state_cn_GX,"451123","富川瑶族自治县","201904"
mca_area_451200,base.cn,base.state_cn_GX,"451200","河池市","201904"
mca_area_451202,base.cn,base.state_cn_GX,"451202","金城江区","201904"
mca_area_451203,base.cn,base.state_cn_GX,"451203","宜州区","201904"
mca_area_451221,base.cn,base.state_cn_GX,"451221","南丹县","201904"
mca_area_451222,base.cn,base.state_cn_GX,"451222","天峨县","201904"
mca_area_451223,base.cn,base.state_cn_GX,"451223","凤山县","201904"
mca_area_451224,base.cn,base.state_cn_GX,"451224","东兰县","201904"
mca_area_451225,base.cn,base.state_cn_GX,"451225","罗城仫佬族自治县","201904"
mca_area_451226,base.cn,base.state_cn_GX,"451226","环江毛南族自治县","201904"
mca_area_451227,base.cn,base.state_cn_GX,"451227","巴马瑶族自治县","201904"
mca_area_451228,base.cn,base.state_cn_GX,"451228","都安瑶族自治县","201904"
mca_area_451229,base.cn,base.state_cn_GX,"451229","大化瑶族自治县","201904"
mca_area_451300,base.cn,base.state_cn_GX,"451300","来宾市","201904"
mca_area_451302,base.cn,base.state_cn_GX,"451302","兴宾区","201904"
mca_area_451321,base.cn,base.state_cn_GX,"451321","忻城县","201904"
mca_area_451322,base.cn,base.state_cn_GX,"451322","象州县","201904"
mca_area_451323,base.cn,base.state_cn_GX,"451323","武宣县","201904"
mca_area_451324,base.cn,base.state_cn_GX,"451324","金秀瑶族自治县","201904"
mca_area_451381,base.cn,base.state_cn_GX,"451381","合山市","201904"
mca_area_451400,base.cn,base.state_cn_GX,"451400","崇左市","201904"
mca_area_451402,base.cn,base.state_cn_GX,"451402","江州区","201904"
mca_area_451421,base.cn,base.state_cn_GX,"451421","扶绥县","201904"
mca_area_451422,base.cn,base.state_cn_GX,"451422","宁明县","201904"
mca_area_451423,base.cn,base.state_cn_GX,"451423","龙州县","201904"
mca_area_451424,base.cn,base.state_cn_GX,"451424","大新县","201904"
mca_area_451425,base.cn,base.state_cn_GX,"451425","天等县","201904"
mca_area_451481,base.cn,base.state_cn_GX,"451481","凭祥市","201904"
mca_area_460000,base.cn,base.state_cn_HI,"460000","海南省","201904"
mca_area_460100,base.cn,base.state_cn_HI,"460100","海口市","201904"
mca_area_460105,base.cn,base.state_cn_HI,"460105","秀英区","201904"
mca_area_460106,base.cn,base.state_cn_HI,"460106","龙华区","201904"
mca_area_460107,base.cn,base.state_cn_HI,"460107","琼山区","201904"
mca_area_460108,base.cn,base.state_cn_HI,"460108","美兰区","201904"
mca_area_460200,base.cn,base.state_cn_HI,"460200","三亚市","201904"
mca_area_460202,base.cn,base.state_cn_HI,"460202","海棠区","201904"
mca_area_460203,base.cn,base.state_cn_HI,"460203","吉阳区","201904"
mca_area_460204,base.cn,base.state_cn_HI,"460204","天涯区","201904"
mca_area_460205,base.cn,base.state_cn_HI,"460205","崖州区","201904"
mca_area_460300,base.cn,base.state_cn_HI,"460300","三沙市","201904"
mca_area_460400,base.cn,base.state_cn_HI,"460400","儋州市","201904"
mca_area_469001,base.cn,base.state_cn_HI,"469001","五指山市","201904"
mca_area_469002,base.cn,base.state_cn_HI,"469002","琼海市","201904"
mca_area_469005,base.cn,base.state_cn_HI,"469005","文昌市","201904"
mca_area_469006,base.cn,base.state_cn_HI,"469006","万宁市","201904"
mca_area_469007,base.cn,base.state_cn_HI,"469007","东方市","201904"
mca_area_469021,base.cn,base.state_cn_HI,"469021","定安县","201904"
mca_area_469022,base.cn,base.state_cn_HI,"469022","屯昌县","201904"
mca_area_469023,base.cn,base.state_cn_HI,"469023","澄迈县","201904"
mca_area_469024,base.cn,base.state_cn_HI,"469024","临高县","201904"
mca_area_469025,base.cn,base.state_cn_HI,"469025","白沙黎族自治县","201904"
mca_area_469026,base.cn,base.state_cn_HI,"469026","昌江黎族自治县","201904"
mca_area_469027,base.cn,base.state_cn_HI,"469027","乐东黎族自治县","201904"
mca_area_469028,base.cn,base.state_cn_HI,"469028","陵水黎族自治县","201904"
mca_area_469029,base.cn,base.state_cn_HI,"469029","保亭黎族苗族自治县","201904"
mca_area_469030,base.cn,base.state_cn_HI,"469030","琼中黎族苗族自治县","201904"
mca_area_500000,base.cn,base.state_cn_CQ,"500000","重庆市","201904"
mca_area_500101,base.cn,base.state_cn_CQ,"500101","万州区","201904"
mca_area_500102,base.cn,base.state_cn_CQ,"500102","涪陵区","201904"
mca_area_500103,base.cn,base.state_cn_CQ,"500103","渝中区","201904"
mca_area_500104,base.cn,base.state_cn_CQ,"500104","大渡口区","201904"
mca_area_500105,base.cn,base.state_cn_CQ,"500105","江北区","201904"
mca_area_500106,base.cn,base.state_cn_CQ,"500106","沙坪坝区","201904"
mca_area_500107,base.cn,base.state_cn_CQ,"500107","九龙坡区","201904"
mca_area_500108,base.cn,base.state_cn_CQ,"500108","南岸区","201904"
mca_area_500109,base.cn,base.state_cn_CQ,"500109","北碚区","201904"
mca_area_500110,base.cn,base.state_cn_CQ,"500110","綦江区","201904"
mca_area_500111,base.cn,base.state_cn_CQ,"500111","大足区","201904"
mca_area_500112,base.cn,base.state_cn_CQ,"500112","渝北区","201904"
mca_area_500113,base.cn,base.state_cn_CQ,"500113","巴南区","201904"
mca_area_500114,base.cn,base.state_cn_CQ,"500114","黔江区","201904"
mca_area_500115,base.cn,base.state_cn_CQ,"500115","长寿区","201904"
mca_area_500116,base.cn,base.state_cn_CQ,"500116","江津区","201904"
mca_area_500117,base.cn,base.state_cn_CQ,"500117","合川区","201904"
mca_area_500118,base.cn,base.state_cn_CQ,"500118","永川区","201904"
mca_area_500119,base.cn,base.state_cn_CQ,"500119","南川区","201904"
mca_area_500120,base.cn,base.state_cn_CQ,"500120","璧山区","201904"
mca_area_500151,base.cn,base.state_cn_CQ,"500151","铜梁区","201904"
mca_area_500152,base.cn,base.state_cn_CQ,"500152","潼南区","201904"
mca_area_500153,base.cn,base.state_cn_CQ,"500153","荣昌区","201904"
mca_area_500154,base.cn,base.state_cn_CQ,"500154","开州区","201904"
mca_area_500155,base.cn,base.state_cn_CQ,"500155","梁平区","201904"
mca_area_500156,base.cn,base.state_cn_CQ,"500156","武隆区","201904"
mca_area_500229,base.cn,base.state_cn_CQ,"500229","城口县","201904"
mca_area_500230,base.cn,base.state_cn_CQ,"500230","丰都县","201904"
mca_area_500231,base.cn,base.state_cn_CQ,"500231","垫江县","201904"
mca_area_500233,base.cn,base.state_cn_CQ,"500233","忠县","201904"
mca_area_500235,base.cn,base.state_cn_CQ,"500235","云阳县","201904"
mca_area_500236,base.cn,base.state_cn_CQ,"500236","奉节县","201904"
mca_area_500237,base.cn,base.state_cn_CQ,"500237","巫山县","201904"
mca_area_500238,base.cn,base.state_cn_CQ,"500238","巫溪县","201904"
mca_area_500240,base.cn,base.state_cn_CQ,"500240","石柱土家族自治县","201904"
mca_area_500241,base.cn,base.state_cn_CQ,"500241","秀山土家族苗族自治县","201904"
mca_area_500242,base.cn,base.state_cn_CQ,"500242","酉阳土家族苗族自治县","201904"
mca_area_500243,base.cn,base.state_cn_CQ,"500243","彭水苗族土家族自治县","201904"
mca_area_510000,base.cn,base.state_cn_SC,"510000","四川省","201904"
mca_area_510100,base.cn,base.state_cn_SC,"510100","成都市","201904"
mca_area_510104,base.cn,base.state_cn_SC,"510104","锦江区","201904"
mca_area_510105,base.cn,base.state_cn_SC,"510105","青羊区","201904"
mca_area_510106,base.cn,base.state_cn_SC,"510106","金牛区","201904"
mca_area_510107,base.cn,base.state_cn_SC,"510107","武侯区","201904"
mca_area_510108,base.cn,base.state_cn_SC,"510108","成华区","201904"
mca_area_510112,base.cn,base.state_cn_SC,"510112","龙泉驿区","201904"
mca_area_510113,base.cn,base.state_cn_SC,"510113","青白江区","201904"
mca_area_510114,base.cn,base.state_cn_SC,"510114","新都区","201904"
mca_area_510115,base.cn,base.state_cn_SC,"510115","温江区","201904"
mca_area_510116,base.cn,base.state_cn_SC,"510116","双流区","201904"
mca_area_510117,base.cn,base.state_cn_SC,"510117","郫都区","201904"
mca_area_510121,base.cn,base.state_cn_SC,"510121","金堂县","201904"
mca_area_510129,base.cn,base.state_cn_SC,"510129","大邑县","201904"
mca_area_510131,base.cn,base.state_cn_SC,"510131","蒲江县","201904"
mca_area_510132,base.cn,base.state_cn_SC,"510132","新津县","201904"
mca_area_510181,base.cn,base.state_cn_SC,"510181","都江堰市","201904"
mca_area_510182,base.cn,base.state_cn_SC,"510182","彭州市","201904"
mca_area_510183,base.cn,base.state_cn_SC,"510183","邛崃市","201904"
mca_area_510184,base.cn,base.state_cn_SC,"510184","崇州市","201904"
mca_area_510185,base.cn,base.state_cn_SC,"510185","简阳市","201904"
mca_area_510300,base.cn,base.state_cn_SC,"510300","自贡市","201904"
mca_area_510302,base.cn,base.state_cn_SC,"510302","自流井区","201904"
mca_area_510303,base.cn,base.state_cn_SC,"510303","贡井区","201904"
mca_area_510304,base.cn,base.state_cn_SC,"510304","大安区","201904"
mca_area_510311,base.cn,base.state_cn_SC,"510311","沿滩区","201904"
mca_area_510321,base.cn,base.state_cn_SC,"510321","荣县","201904"
mca_area_510322,base.cn,base.state_cn_SC,"510322","富顺县","201904"
mca_area_510400,base.cn,base.state_cn_SC,"510400","攀枝花市","201904"
mca_area_510402,base.cn,base.state_cn_SC,"510402","东区","201904"
mca_area_510403,base.cn,base.state_cn_SC,"510403","西区","201904"
mca_area_510411,base.cn,base.state_cn_SC,"510411","仁和区","201904"
mca_area_510421,base.cn,base.state_cn_SC,"510421","米易县","201904"
mca_area_510422,base.cn,base.state_cn_SC,"510422","盐边县","201904"
mca_area_510500,base.cn,base.state_cn_SC,"510500","泸州市","201904"
mca_area_510502,base.cn,base.state_cn_SC,"510502","江阳区","201904"
mca_area_510503,base.cn,base.state_cn_SC,"510503","纳溪区","201904"
mca_area_510504,base.cn,base.state_cn_SC,"510504","龙马潭区","201904"
mca_area_510521,base.cn,base.state_cn_SC,"510521","泸县","201904"
mca_area_510522,base.cn,base.state_cn_SC,"510522","合江县","201904"
mca_area_510524,base.cn,base.state_cn_SC,"510524","叙永县","201904"
mca_area_510525,base.cn,base.state_cn_SC,"510525","古蔺县","201904"
mca_area_510600,base.cn,base.state_cn_SC,"510600","德阳市","201904"
mca_area_510603,base.cn,base.state_cn_SC,"510603","旌阳区","201904"
mca_area_510604,base.cn,base.state_cn_SC,"510604","罗江区","201904"
mca_area_510623,base.cn,base.state_cn_SC,"510623","中江县","201904"
mca_area_510681,base.cn,base.state_cn_SC,"510681","广汉市","201904"
mca_area_510682,base.cn,base.state_cn_SC,"510682","什邡市","201904"
mca_area_510683,base.cn,base.state_cn_SC,"510683","绵竹市","201904"
mca_area_510700,base.cn,base.state_cn_SC,"510700","绵阳市","201904"
mca_area_510703,base.cn,base.state_cn_SC,"510703","涪城区","201904"
mca_area_510704,base.cn,base.state_cn_SC,"510704","游仙区","201904"
mca_area_510705,base.cn,base.state_cn_SC,"510705","安州区","201904"
mca_area_510722,base.cn,base.state_cn_SC,"510722","三台县","201904"
mca_area_510723,base.cn,base.state_cn_SC,"510723","盐亭县","201904"
mca_area_510725,base.cn,base.state_cn_SC,"510725","梓潼县","201904"
mca_area_510726,base.cn,base.state_cn_SC,"510726","北川羌族自治县","201904"
mca_area_510727,base.cn,base.state_cn_SC,"510727","平武县","201904"
mca_area_510781,base.cn,base.state_cn_SC,"510781","江油市","201904"
mca_area_510800,base.cn,base.state_cn_SC,"510800","广元市","201904"
mca_area_510802,base.cn,base.state_cn_SC,"510802","利州区","201904"
mca_area_510811,base.cn,base.state_cn_SC,"510811","昭化区","201904"
mca_area_510812,base.cn,base.state_cn_SC,"510812","朝天区","201904"
mca_area_510821,base.cn,base.state_cn_SC,"510821","旺苍县","201904"
mca_area_510822,base.cn,base.state_cn_SC,"510822","青川县","201904"
mca_area_510823,base.cn,base.state_cn_SC,"510823","剑阁县","201904"
mca_area_510824,base.cn,base.state_cn_SC,"510824","苍溪县","201904"
mca_area_510900,base.cn,base.state_cn_SC,"510900","遂宁市","201904"
mca_area_510903,base.cn,base.state_cn_SC,"510903","船山区","201904"
mca_area_510904,base.cn,base.state_cn_SC,"510904","安居区","201904"
mca_area_510921,base.cn,base.state_cn_SC,"510921","蓬溪县","201904"
mca_area_510922,base.cn,base.state_cn_SC,"510922","射洪县","201904"
mca_area_510923,base.cn,base.state_cn_SC,"510923","大英县","201904"
mca_area_511000,base.cn,base.state_cn_SC,"511000","内江市","201904"
mca_area_511002,base.cn,base.state_cn_SC,"511002","市中区","201904"
mca_area_511011,base.cn,base.state_cn_SC,"511011","东兴区","201904"
mca_area_511024,base.cn,base.state_cn_SC,"511024","威远县","201904"
mca_area_511025,base.cn,base.state_cn_SC,"511025","资中县","201904"
mca_area_511083,base.cn,base.state_cn_SC,"511083","隆昌市","201904"
mca_area_511100,base.cn,base.state_cn_SC,"511100","乐山市","201904"
mca_area_511102,base.cn,base.state_cn_SC,"511102","市中区","201904"
mca_area_511111,base.cn,base.state_cn_SC,"511111","沙湾区","201904"
mca_area_511112,base.cn,base.state_cn_SC,"511112","五通桥区","201904"
mca_area_511113,base.cn,base.state_cn_SC,"511113","金口河区","201904"
mca_area_511123,base.cn,base.state_cn_SC,"511123","犍为县","201904"
mca_area_511124,base.cn,base.state_cn_SC,"511124","井研县","201904"
mca_area_511126,base.cn,base.state_cn_SC,"511126","夹江县","201904"
mca_area_511129,base.cn,base.state_cn_SC,"511129","沐川县","201904"
mca_area_511132,base.cn,base.state_cn_SC,"511132","峨边彝族自治县","201904"
mca_area_511133,base.cn,base.state_cn_SC,"511133","马边彝族自治县","201904"
mca_area_511181,base.cn,base.state_cn_SC,"511181","峨眉山市","201904"
mca_area_511300,base.cn,base.state_cn_SC,"511300","南充市","201904"
mca_area_511302,base.cn,base.state_cn_SC,"511302","顺庆区","201904"
mca_area_511303,base.cn,base.state_cn_SC,"511303","高坪区","201904"
mca_area_511304,base.cn,base.state_cn_SC,"511304","嘉陵区","201904"
mca_area_511321,base.cn,base.state_cn_SC,"511321","南部县","201904"
mca_area_511322,base.cn,base.state_cn_SC,"511322","营山县","201904"
mca_area_511323,base.cn,base.state_cn_SC,"511323","蓬安县","201904"
mca_area_511324,base.cn,base.state_cn_SC,"511324","仪陇县","201904"
mca_area_511325,base.cn,base.state_cn_SC,"511325","西充县","201904"
mca_area_511381,base.cn,base.state_cn_SC,"511381","阆中市","201904"
mca_area_511400,base.cn,base.state_cn_SC,"511400","眉山市","201904"
mca_area_511402,base.cn,base.state_cn_SC,"511402","东坡区","201904"
mca_area_511403,base.cn,base.state_cn_SC,"511403","彭山区","201904"
mca_area_511421,base.cn,base.state_cn_SC,"511421","仁寿县","201904"
mca_area_511423,base.cn,base.state_cn_SC,"511423","洪雅县","201904"
mca_area_511424,base.cn,base.state_cn_SC,"511424","丹棱县","201904"
mca_area_511425,base.cn,base.state_cn_SC,"511425","青神县","201904"
mca_area_511500,base.cn,base.state_cn_SC,"511500","宜宾市","201904"
mca_area_511502,base.cn,base.state_cn_SC,"511502","翠屏区","201904"
mca_area_511503,base.cn,base.state_cn_SC,"511503","南溪区","201904"
mca_area_511504,base.cn,base.state_cn_SC,"511504","叙州区","201904"
mca_area_511523,base.cn,base.state_cn_SC,"511523","江安县","201904"
mca_area_511524,base.cn,base.state_cn_SC,"511524","长宁县","201904"
mca_area_511525,base.cn,base.state_cn_SC,"511525","高县","201904"
mca_area_511526,base.cn,base.state_cn_SC,"511526","珙县","201904"
mca_area_511527,base.cn,base.state_cn_SC,"511527","筠连县","201904"
mca_area_511528,base.cn,base.state_cn_SC,"511528","兴文县","201904"
mca_area_511529,base.cn,base.state_cn_SC,"511529","屏山县","201904"
mca_area_511600,base.cn,base.state_cn_SC,"511600","广安市","201904"
mca_area_511602,base.cn,base.state_cn_SC,"511602","广安区","201904"
mca_area_511603,base.cn,base.state_cn_SC,"511603","前锋区","201904"
mca_area_511621,base.cn,base.state_cn_SC,"511621","岳池县","201904"
mca_area_511622,base.cn,base.state_cn_SC,"511622","武胜县","201904"
mca_area_511623,base.cn,base.state_cn_SC,"511623","邻水县","201904"
mca_area_511681,base.cn,base.state_cn_SC,"511681","华蓥市","201904"
mca_area_511700,base.cn,base.state_cn_SC,"511700","达州市","201904"
mca_area_511702,base.cn,base.state_cn_SC,"511702","通川区","201904"
mca_area_511703,base.cn,base.state_cn_SC,"511703","达川区","201904"
mca_area_511722,base.cn,base.state_cn_SC,"511722","宣汉县","201904"
mca_area_511723,base.cn,base.state_cn_SC,"511723","开江县","201904"
mca_area_511724,base.cn,base.state_cn_SC,"511724","大竹县","201904"
mca_area_511725,base.cn,base.state_cn_SC,"511725","渠县","201904"
mca_area_511781,base.cn,base.state_cn_SC,"511781","万源市","201904"
mca_area_511800,base.cn,base.state_cn_SC,"511800","雅安市","201904"
mca_area_511802,base.cn,base.state_cn_SC,"511802","雨城区","201904"
mca_area_511803,base.cn,base.state_cn_SC,"511803","名山区","201904"
mca_area_511822,base.cn,base.state_cn_SC,"511822","荥经县","201904"
mca_area_511823,base.cn,base.state_cn_SC,"511823","汉源县","201904"
mca_area_511824,base.cn,base.state_cn_SC,"511824","石棉县","201904"
mca_area_511825,base.cn,base.state_cn_SC,"511825","天全县","201904"
mca_area_511826,base.cn,base.state_cn_SC,"511826","芦山县","201904"
mca_area_511827,base.cn,base.state_cn_SC,"511827","宝兴县","201904"
mca_area_511900,base.cn,base.state_cn_SC,"511900","巴中市","201904"
mca_area_511902,base.cn,base.state_cn_SC,"511902","巴州区","201904"
mca_area_511903,base.cn,base.state_cn_SC,"511903","恩阳区","201904"
mca_area_511921,base.cn,base.state_cn_SC,"511921","通江县","201904"
mca_area_511922,base.cn,base.state_cn_SC,"511922","南江县","201904"
mca_area_511923,base.cn,base.state_cn_SC,"511923","平昌县","201904"
mca_area_512000,base.cn,base.state_cn_SC,"512000","资阳市","201904"
mca_area_512002,base.cn,base.state_cn_SC,"512002","雁江区","201904"
mca_area_512021,base.cn,base.state_cn_SC,"512021","安岳县","201904"
mca_area_512022,base.cn,base.state_cn_SC,"512022","乐至县","201904"
mca_area_513200,base.cn,base.state_cn_SC,"513200","阿坝藏族羌族自治州","201904"
mca_area_513201,base.cn,base.state_cn_SC,"513201","马尔康市","201904"
mca_area_513221,base.cn,base.state_cn_SC,"513221","汶川县","201904"
mca_area_513222,base.cn,base.state_cn_SC,"513222","理县","201904"
mca_area_513223,base.cn,base.state_cn_SC,"513223","茂县","201904"
mca_area_513224,base.cn,base.state_cn_SC,"513224","松潘县","201904"
mca_area_513225,base.cn,base.state_cn_SC,"513225","九寨沟县","201904"
mca_area_513226,base.cn,base.state_cn_SC,"513226","金川县","201904"
mca_area_513227,base.cn,base.state_cn_SC,"513227","小金县","201904"
mca_area_513228,base.cn,base.state_cn_SC,"513228","黑水县","201904"
mca_area_513230,base.cn,base.state_cn_SC,"513230","壤塘县","201904"
mca_area_513231,base.cn,base.state_cn_SC,"513231","阿坝县","201904"
mca_area_513232,base.cn,base.state_cn_SC,"513232","若尔盖县","201904"
mca_area_513233,base.cn,base.state_cn_SC,"513233","红原县","201904"
mca_area_513300,base.cn,base.state_cn_SC,"513300","甘孜藏族自治州","201904"
mca_area_513301,base.cn,base.state_cn_SC,"513301","康定市","201904"
mca_area_513322,base.cn,base.state_cn_SC,"513322","泸定县","201904"
mca_area_513323,base.cn,base.state_cn_SC,"513323","丹巴县","201904"
mca_area_513324,base.cn,base.state_cn_SC,"513324","九龙县","201904"
mca_area_513325,base.cn,base.state_cn_SC,"513325","雅江县","201904"
mca_area_513326,base.cn,base.state_cn_SC,"513326","道孚县","201904"
mca_area_513327,base.cn,base.state_cn_SC,"513327","炉霍县","201904"
mca_area_513328,base.cn,base.state_cn_SC,"513328","甘孜县","201904"
mca_area_513329,base.cn,base.state_cn_SC,"513329","新龙县","201904"
mca_area_513330,base.cn,base.state_cn_SC,"513330","德格县","201904"
mca_area_513331,base.cn,base.state_cn_SC,"513331","白玉县","201904"
mca_area_513332,base.cn,base.state_cn_SC,"513332","石渠县","201904"
mca_area_513333,base.cn,base.state_cn_SC,"513333","色达县","201904"
mca_area_513334,base.cn,base.state_cn_SC,"513334","理塘县","201904"
mca_area_513335,base.cn,base.state_cn_SC,"513335","巴塘县","201904"
mca_area_513336,base.cn,base.state_cn_SC,"513336","乡城县","201904"
mca_area_513337,base.cn,base.state_cn_SC,"513337","稻城县","201904"
mca_area_513338,base.cn,base.state_cn_SC,"513338","得荣县","201904"
mca_area_513400,base.cn,base.state_cn_SC,"513400","凉山彝族自治州","201904"
mca_area_513401,base.cn,base.state_cn_SC,"513401","西昌市","201904"
mca_area_513422,base.cn,base.state_cn_SC,"513422","木里藏族自治县","201904"
mca_area_513423,base.cn,base.state_cn_SC,"513423","盐源县","201904"
mca_area_513424,base.cn,base.state_cn_SC,"513424","德昌县","201904"
mca_area_513425,base.cn,base.state_cn_SC,"513425","会理县","201904"
mca_area_513426,base.cn,base.state_cn_SC,"513426","会东县","201904"
mca_area_513427,base.cn,base.state_cn_SC,"513427","宁南县","201904"
mca_area_513428,base.cn,base.state_cn_SC,"513428","普格县","201904"
mca_area_513429,base.cn,base.state_cn_SC,"513429","布拖县","201904"
mca_area_513430,base.cn,base.state_cn_SC,"513430","金阳县","201904"
mca_area_513431,base.cn,base.state_cn_SC,"513431","昭觉县","201904"
mca_area_513432,base.cn,base.state_cn_SC,"513432","喜德县","201904"
mca_area_513433,base.cn,base.state_cn_SC,"513433","冕宁县","201904"
mca_area_513434,base.cn,base.state_cn_SC,"513434","越西县","201904"
mca_area_513435,base.cn,base.state_cn_SC,"513435","甘洛县","201904"
mca_area_513436,base.cn,base.state_cn_SC,"513436","美姑县","201904"
mca_area_513437,base.cn,base.state_cn_SC,"513437","雷波县","201904"
mca_area_520000,base.cn,base.state_cn_GZ,"520000","贵州省","201904"
mca_area_520100,base.cn,base.state_cn_GZ,"520100","贵阳市","201904"
mca_area_520102,base.cn,base.state_cn_GZ,"520102","南明区","201904"
mca_area_520103,base.cn,base.state_cn_GZ,"520103","云岩区","201904"
mca_area_520111,base.cn,base.state_cn_GZ,"520111","花溪区","201904"
mca_area_520112,base.cn,base.state_cn_GZ,"520112","乌当区","201904"
mca_area_520113,base.cn,base.state_cn_GZ,"520113","白云区","201904"
mca_area_520115,base.cn,base.state_cn_GZ,"520115","观山湖区","201904"
mca_area_520121,base.cn,base.state_cn_GZ,"520121","开阳县","201904"
mca_area_520122,base.cn,base.state_cn_GZ,"520122","息烽县","201904"
mca_area_520123,base.cn,base.state_cn_GZ,"520123","修文县","201904"
mca_area_520181,base.cn,base.state_cn_GZ,"520181","清镇市","201904"
mca_area_520200,base.cn,base.state_cn_GZ,"520200","六盘水市","201904"
mca_area_520201,base.cn,base.state_cn_GZ,"520201","钟山区","201904"
mca_area_520203,base.cn,base.state_cn_GZ,"520203","六枝特区","201904"
mca_area_520221,base.cn,base.state_cn_GZ,"520221","水城县","201904"
mca_area_520281,base.cn,base.state_cn_GZ,"520281","盘州市","201904"
mca_area_520300,base.cn,base.state_cn_GZ,"520300","遵义市","201904"
mca_area_520302,base.cn,base.state_cn_GZ,"520302","红花岗区","201904"
mca_area_520303,base.cn,base.state_cn_GZ,"520303","汇川区","201904"
mca_area_520304,base.cn,base.state_cn_GZ,"520304","播州区","201904"
mca_area_520322,base.cn,base.state_cn_GZ,"520322","桐梓县","201904"
mca_area_520323,base.cn,base.state_cn_GZ,"520323","绥阳县","201904"
mca_area_520324,base.cn,base.state_cn_GZ,"520324","正安县","201904"
mca_area_520325,base.cn,base.state_cn_GZ,"520325","道真仡佬族苗族自治县","201904"
mca_area_520326,base.cn,base.state_cn_GZ,"520326","务川仡佬族苗族自治县","201904"
mca_area_520327,base.cn,base.state_cn_GZ,"520327","凤冈县","201904"
mca_area_520328,base.cn,base.state_cn_GZ,"520328","湄潭县","201904"
mca_area_520329,base.cn,base.state_cn_GZ,"520329","余庆县","201904"
mca_area_520330,base.cn,base.state_cn_GZ,"520330","习水县","201904"
mca_area_520381,base.cn,base.state_cn_GZ,"520381","赤水市","201904"
mca_area_520382,base.cn,base.state_cn_GZ,"520382","仁怀市","201904"
mca_area_520400,base.cn,base.state_cn_GZ,"520400","安顺市","201904"
mca_area_520402,base.cn,base.state_cn_GZ,"520402","西秀区","201904"
mca_area_520403,base.cn,base.state_cn_GZ,"520403","平坝区","201904"
mca_area_520422,base.cn,base.state_cn_GZ,"520422","普定县","201904"
mca_area_520423,base.cn,base.state_cn_GZ,"520423","镇宁布依族苗族自治县","201904"
mca_area_520424,base.cn,base.state_cn_GZ,"520424","关岭布依族苗族自治县","201904"
mca_area_520425,base.cn,base.state_cn_GZ,"520425","紫云苗族布依族自治县","201904"
mca_area_520500,base.cn,base.state_cn_GZ,"520500","毕节市","201904"
mca_area_520502,base.cn,base.state_cn_GZ,"520502","七星关区","201904"
mca_area_520521,base.cn,base.state_cn_GZ,"520521","大方县","201904"
mca_area_520522,base.cn,base.state_cn_GZ,"520522","黔西县","201904"
mca_area_520523,base.cn,base.state_cn_GZ,"520523","金沙县","201904"
mca_area_520524,base.cn,base.state_cn_GZ,"520524","织金县","201904"
mca_area_520525,base.cn,base.state_cn_GZ,"520525","纳雍县","201904"
mca_area_520526,base.cn,base.state_cn_GZ,"520526","威宁彝族回族苗族自治县","201904"
mca_area_520527,base.cn,base.state_cn_GZ,"520527","赫章县","201904"
mca_area_520600,base.cn,base.state_cn_GZ,"520600","铜仁市","201904"
mca_area_520602,base.cn,base.state_cn_GZ,"520602","碧江区","201904"
mca_area_520603,base.cn,base.state_cn_GZ,"520603","万山区","201904"
mca_area_520621,base.cn,base.state_cn_GZ,"520621","江口县","201904"
mca_area_520622,base.cn,base.state_cn_GZ,"520622","玉屏侗族自治县","201904"
mca_area_520623,base.cn,base.state_cn_GZ,"520623","石阡县","201904"
mca_area_520624,base.cn,base.state_cn_GZ,"520624","思南县","201904"
mca_area_520625,base.cn,base.state_cn_GZ,"520625","印江土家族苗族自治县","201904"
mca_area_520626,base.cn,base.state_cn_GZ,"520626","德江县","201904"
mca_area_520627,base.cn,base.state_cn_GZ,"520627","沿河土家族自治县","201904"
mca_area_520628,base.cn,base.state_cn_GZ,"520628","松桃苗族自治县","201904"
mca_area_522300,base.cn,base.state_cn_GZ,"522300","黔西南布依族苗族自治州","201904"
mca_area_522301,base.cn,base.state_cn_GZ,"522301","兴义市","201904"
mca_area_522302,base.cn,base.state_cn_GZ,"522302","兴仁市","201904"
mca_area_522323,base.cn,base.state_cn_GZ,"522323","普安县","201904"
mca_area_522324,base.cn,base.state_cn_GZ,"522324","晴隆县","201904"
mca_area_522325,base.cn,base.state_cn_GZ,"522325","贞丰县","201904"
mca_area_522326,base.cn,base.state_cn_GZ,"522326","望谟县","201904"
mca_area_522327,base.cn,base.state_cn_GZ,"522327","册亨县","201904"
mca_area_522328,base.cn,base.state_cn_GZ,"522328","安龙县","201904"
mca_area_522600,base.cn,base.state_cn_GZ,"522600","黔东南苗族侗族自治州","201904"
mca_area_522601,base.cn,base.state_cn_GZ,"522601","凯里市","201904"
mca_area_522622,base.cn,base.state_cn_GZ,"522622","黄平县","201904"
mca_area_522623,base.cn,base.state_cn_GZ,"522623","施秉县","201904"
mca_area_522624,base.cn,base.state_cn_GZ,"522624","三穗县","201904"
mca_area_522625,base.cn,base.state_cn_GZ,"522625","镇远县","201904"
mca_area_522626,base.cn,base.state_cn_GZ,"522626","岑巩县","201904"
mca_area_522627,base.cn,base.state_cn_GZ,"522627","天柱县","201904"
mca_area_522628,base.cn,base.state_cn_GZ,"522628","锦屏县","201904"
mca_area_522629,base.cn,base.state_cn_GZ,"522629","剑河县","201904"
mca_area_522630,base.cn,base.state_cn_GZ,"522630","台江县","201904"
mca_area_522631,base.cn,base.state_cn_GZ,"522631","黎平县","201904"
mca_area_522632,base.cn,base.state_cn_GZ,"522632","榕江县","201904"
mca_area_522633,base.cn,base.state_cn_GZ,"522633","从江县","201904"
mca_area_522634,base.cn,base.state_cn_GZ,"522634","雷山县","201904"
mca_area_522635,base.cn,base.state_cn_GZ,"522635","麻江县","201904"
mca_area_522636,base.cn,base.state_cn_GZ,"522636","丹寨县","201904"
mca_area_522700,base.cn,base.state_cn_GZ,"522700","黔南布依族苗族自治州","201904"
mca_area_522701,base.cn,base.state_cn_GZ,"522701","都匀市","201904"
mca_area_522702,base.cn,base.state_cn_GZ,"522702","福泉市","201904"
mca_area_522722,base.cn,base.state_cn_GZ,"522722","荔波县","201904"
mca_area_522723,base.cn,base.state_cn_GZ,"522723","贵定县","201904"
mca_area_522725,base.cn,base.state_cn_GZ,"522725","瓮安县","201904"
mca_area_522726,base.cn,base.state_cn_GZ,"522726","独山县","201904"
mca_area_522727,base.cn,base.state_cn_GZ,"522727","平塘县","201904"
mca_area_522728,base.cn,base.state_cn_GZ,"522728","罗甸县","201904"
mca_area_522729,base.cn,base.state_cn_GZ,"522729","长顺县","201904"
mca_area_522730,base.cn,base.state_cn_GZ,"522730","龙里县","201904"
mca_area_522731,base.cn,base.state_cn_GZ,"522731","惠水县","201904"
mca_area_522732,base.cn,base.state_cn_GZ,"522732","三都水族自治县","201904"
mca_area_530000,base.cn,base.state_cn_YN,"530000","云南省","201904"
mca_area_530100,base.cn,base.state_cn_YN,"530100","昆明市","201904"
mca_area_530102,base.cn,base.state_cn_YN,"530102","五华区","201904"
mca_area_530103,base.cn,base.state_cn_YN,"530103","盘龙区","201904"
mca_area_530111,base.cn,base.state_cn_YN,"530111","官渡区","201904"
mca_area_530112,base.cn,base.state_cn_YN,"530112","西山区","201904"
mca_area_530113,base.cn,base.state_cn_YN,"530113","东川区","201904"
mca_area_530114,base.cn,base.state_cn_YN,"530114","呈贡区","201904"
mca_area_530115,base.cn,base.state_cn_YN,"530115","晋宁区","201904"
mca_area_530124,base.cn,base.state_cn_YN,"530124","富民县","201904"
mca_area_530125,base.cn,base.state_cn_YN,"530125","宜良县","201904"
mca_area_530126,base.cn,base.state_cn_YN,"530126","石林彝族自治县","201904"
mca_area_530127,base.cn,base.state_cn_YN,"530127","嵩明县","201904"
mca_area_530128,base.cn,base.state_cn_YN,"530128","禄劝彝族苗族自治县","201904"
mca_area_530129,base.cn,base.state_cn_YN,"530129","寻甸回族彝族自治县","201904"
mca_area_530181,base.cn,base.state_cn_YN,"530181","安宁市","201904"
mca_area_530300,base.cn,base.state_cn_YN,"530300","曲靖市","201904"
mca_area_530302,base.cn,base.state_cn_YN,"530302","麒麟区","201904"
mca_area_530303,base.cn,base.state_cn_YN,"530303","沾益区","201904"
mca_area_530304,base.cn,base.state_cn_YN,"530304","马龙区","201904"
mca_area_530322,base.cn,base.state_cn_YN,"530322","陆良县","201904"
mca_area_530323,base.cn,base.state_cn_YN,"530323","师宗县","201904"
mca_area_530324,base.cn,base.state_cn_YN,"530324","罗平县","201904"
mca_area_530325,base.cn,base.state_cn_YN,"530325","富源县","201904"
mca_area_530326,base.cn,base.state_cn_YN,"530326","会泽县","201904"
mca_area_530381,base.cn,base.state_cn_YN,"530381","宣威市","201904"
mca_area_530400,base.cn,base.state_cn_YN,"530400","玉溪市","201904"
mca_area_530402,base.cn,base.state_cn_YN,"530402","红塔区","201904"
mca_area_530403,base.cn,base.state_cn_YN,"530403","江川区","201904"
mca_area_530422,base.cn,base.state_cn_YN,"530422","澄江县","201904"
mca_area_530423,base.cn,base.state_cn_YN,"530423","通海县","201904"
mca_area_530424,base.cn,base.state_cn_YN,"530424","华宁县","201904"
mca_area_530425,base.cn,base.state_cn_YN,"530425","易门县","201904"
mca_area_530426,base.cn,base.state_cn_YN,"530426","峨山彝族自治县","201904"
mca_area_530427,base.cn,base.state_cn_YN,"530427","新平彝族傣族自治县","201904"
mca_area_530428,base.cn,base.state_cn_YN,"530428","元江哈尼族彝族傣族自治县","201904"
mca_area_530500,base.cn,base.state_cn_YN,"530500","保山市","201904"
mca_area_530502,base.cn,base.state_cn_YN,"530502","隆阳区","201904"
mca_area_530521,base.cn,base.state_cn_YN,"530521","施甸县","201904"
mca_area_530523,base.cn,base.state_cn_YN,"530523","龙陵县","201904"
mca_area_530524,base.cn,base.state_cn_YN,"530524","昌宁县","201904"
mca_area_530581,base.cn,base.state_cn_YN,"530581","腾冲市","201904"
mca_area_530600,base.cn,base.state_cn_YN,"530600","昭通市","201904"
mca_area_530602,base.cn,base.state_cn_YN,"530602","昭阳区","201904"
mca_area_530621,base.cn,base.state_cn_YN,"530621","鲁甸县","201904"
mca_area_530622,base.cn,base.state_cn_YN,"530622","巧家县","201904"
mca_area_530623,base.cn,base.state_cn_YN,"530623","盐津县","201904"
mca_area_530624,base.cn,base.state_cn_YN,"530624","大关县","201904"
mca_area_530625,base.cn,base.state_cn_YN,"530625","永善县","201904"
mca_area_530626,base.cn,base.state_cn_YN,"530626","绥江县","201904"
mca_area_530627,base.cn,base.state_cn_YN,"530627","镇雄县","201904"
mca_area_530628,base.cn,base.state_cn_YN,"530628","彝良县","201904"
mca_area_530629,base.cn,base.state_cn_YN,"530629","威信县","201904"
mca_area_530681,base.cn,base.state_cn_YN,"530681","水富市","201904"
mca_area_530700,base.cn,base.state_cn_YN,"530700","丽江市","201904"
mca_area_530702,base.cn,base.state_cn_YN,"530702","古城区","201904"
mca_area_530721,base.cn,base.state_cn_YN,"530721","玉龙纳西族自治县","201904"
mca_area_530722,base.cn,base.state_cn_YN,"530722","永胜县","201904"
mca_area_530723,base.cn,base.state_cn_YN,"530723","华坪县","201904"
mca_area_530724,base.cn,base.state_cn_YN,"530724","宁蒗彝族自治县","201904"
mca_area_530800,base.cn,base.state_cn_YN,"530800","普洱市","201904"
mca_area_530802,base.cn,base.state_cn_YN,"530802","思茅区","201904"
mca_area_530821,base.cn,base.state_cn_YN,"530821","宁洱哈尼族彝族自治县","201904"
mca_area_530822,base.cn,base.state_cn_YN,"530822","墨江哈尼族自治县","201904"
mca_area_530823,base.cn,base.state_cn_YN,"530823","景东彝族自治县","201904"
mca_area_530824,base.cn,base.state_cn_YN,"530824","景谷傣族彝族自治县","201904"
mca_area_530825,base.cn,base.state_cn_YN,"530825","镇沅彝族哈尼族拉祜族自治县","201904"
mca_area_530826,base.cn,base.state_cn_YN,"530826","江城哈尼族彝族自治县","201904"
mca_area_530827,base.cn,base.state_cn_YN,"530827","孟连傣族拉祜族佤族自治县","201904"
mca_area_530828,base.cn,base.state_cn_YN,"530828","澜沧拉祜族自治县","201904"
mca_area_530829,base.cn,base.state_cn_YN,"530829","西盟佤族自治县","201904"
mca_area_530900,base.cn,base.state_cn_YN,"530900","临沧市","201904"
mca_area_530902,base.cn,base.state_cn_YN,"530902","临翔区","201904"
mca_area_530921,base.cn,base.state_cn_YN,"530921","凤庆县","201904"
mca_area_530922,base.cn,base.state_cn_YN,"530922","云县","201904"
mca_area_530923,base.cn,base.state_cn_YN,"530923","永德县","201904"
mca_area_530924,base.cn,base.state_cn_YN,"530924","镇康县","201904"
mca_area_530925,base.cn,base.state_cn_YN,"530925","双江拉祜族佤族布朗族傣族自治县","201904"
mca_area_530926,base.cn,base.state_cn_YN,"530926","耿马傣族佤族自治县","201904"
mca_area_530927,base.cn,base.state_cn_YN,"530927","沧源佤族自治县","201904"
mca_area_532300,base.cn,base.state_cn_YN,"532300","楚雄彝族自治州","201904"
mca_area_532301,base.cn,base.state_cn_YN,"532301","楚雄市","201904"
mca_area_532322,base.cn,base.state_cn_YN,"532322","双柏县","201904"
mca_area_532323,base.cn,base.state_cn_YN,"532323","牟定县","201904"
mca_area_532324,base.cn,base.state_cn_YN,"532324","南华县","201904"
mca_area_532325,base.cn,base.state_cn_YN,"532325","姚安县","201904"
mca_area_532326,base.cn,base.state_cn_YN,"532326","大姚县","201904"
mca_area_532327,base.cn,base.state_cn_YN,"532327","永仁县","201904"
mca_area_532328,base.cn,base.state_cn_YN,"532328","元谋县","201904"
mca_area_532329,base.cn,base.state_cn_YN,"532329","武定县","201904"
mca_area_532331,base.cn,base.state_cn_YN,"532331","禄丰县","201904"
mca_area_532500,base.cn,base.state_cn_YN,"532500","红河哈尼族彝族自治州","201904"
mca_area_532501,base.cn,base.state_cn_YN,"532501","个旧市","201904"
mca_area_532502,base.cn,base.state_cn_YN,"532502","开远市","201904"
mca_area_532503,base.cn,base.state_cn_YN,"532503","蒙自市","201904"
mca_area_532504,base.cn,base.state_cn_YN,"532504","弥勒市","201904"
mca_area_532523,base.cn,base.state_cn_YN,"532523","屏边苗族自治县","201904"
mca_area_532524,base.cn,base.state_cn_YN,"532524","建水县","201904"
mca_area_532525,base.cn,base.state_cn_YN,"532525","石屏县","201904"
mca_area_532527,base.cn,base.state_cn_YN,"532527","泸西县","201904"
mca_area_532528,base.cn,base.state_cn_YN,"532528","元阳县","201904"
mca_area_532529,base.cn,base.state_cn_YN,"532529","红河县","201904"
mca_area_532530,base.cn,base.state_cn_YN,"532530","金平苗族瑶族傣族自治县","201904"
mca_area_532531,base.cn,base.state_cn_YN,"532531","绿春县","201904"
mca_area_532532,base.cn,base.state_cn_YN,"532532","河口瑶族自治县","201904"
mca_area_532600,base.cn,base.state_cn_YN,"532600","文山壮族苗族自治州","201904"
mca_area_532601,base.cn,base.state_cn_YN,"532601","文山市","201904"
mca_area_532622,base.cn,base.state_cn_YN,"532622","砚山县","201904"
mca_area_532623,base.cn,base.state_cn_YN,"532623","西畴县","201904"
mca_area_532624,base.cn,base.state_cn_YN,"532624","麻栗坡县","201904"
mca_area_532625,base.cn,base.state_cn_YN,"532625","马关县","201904"
mca_area_532626,base.cn,base.state_cn_YN,"532626","丘北县","201904"
mca_area_532627,base.cn,base.state_cn_YN,"532627","广南县","201904"
mca_area_532628,base.cn,base.state_cn_YN,"532628","富宁县","201904"
mca_area_532800,base.cn,base.state_cn_YN,"532800","西双版纳傣族自治州","201904"
mca_area_532801,base.cn,base.state_cn_YN,"532801","景洪市","201904"
mca_area_532822,base.cn,base.state_cn_YN,"532822","勐海县","201904"
mca_area_532823,base.cn,base.state_cn_YN,"532823","勐腊县","201904"
mca_area_532900,base.cn,base.state_cn_YN,"532900","大理白族自治州","201904"
mca_area_532901,base.cn,base.state_cn_YN,"532901","大理市","201904"
mca_area_532922,base.cn,base.state_cn_YN,"532922","漾濞彝族自治县","201904"
mca_area_532923,base.cn,base.state_cn_YN,"532923","祥云县","201904"
mca_area_532924,base.cn,base.state_cn_YN,"532924","宾川县","201904"
mca_area_532925,base.cn,base.state_cn_YN,"532925","弥渡县","201904"
mca_area_532926,base.cn,base.state_cn_YN,"532926","南涧彝族自治县","201904"
mca_area_532927,base.cn,base.state_cn_YN,"532927","巍山彝族回族自治县","201904"
mca_area_532928,base.cn,base.state_cn_YN,"532928","永平县","201904"
mca_area_532929,base.cn,base.state_cn_YN,"532929","云龙县","201904"
mca_area_532930,base.cn,base.state_cn_YN,"532930","洱源县","201904"
mca_area_532931,base.cn,base.state_cn_YN,"532931","剑川县","201904"
mca_area_532932,base.cn,base.state_cn_YN,"532932","鹤庆县","201904"
mca_area_533100,base.cn,base.state_cn_YN,"533100","德宏傣族景颇族自治州","201904"
mca_area_533102,base.cn,base.state_cn_YN,"533102","瑞丽市","201904"
mca_area_533103,base.cn,base.state_cn_YN,"533103","芒市","201904"
mca_area_533122,base.cn,base.state_cn_YN,"533122","梁河县","201904"
mca_area_533123,base.cn,base.state_cn_YN,"533123","盈江县","201904"
mca_area_533124,base.cn,base.state_cn_YN,"533124","陇川县","201904"
mca_area_533300,base.cn,base.state_cn_YN,"533300","怒江傈僳族自治州","201904"
mca_area_533301,base.cn,base.state_cn_YN,"533301","泸水市","201904"
mca_area_533323,base.cn,base.state_cn_YN,"533323","福贡县","201904"
mca_area_533324,base.cn,base.state_cn_YN,"533324","贡山独龙族怒族自治县","201904"
mca_area_533325,base.cn,base.state_cn_YN,"533325","兰坪白族普米族自治县","201904"
mca_area_533400,base.cn,base.state_cn_YN,"533400","迪庆藏族自治州","201904"
mca_area_533401,base.cn,base.state_cn_YN,"533401","香格里拉市","201904"
mca_area_533422,base.cn,base.state_cn_YN,"533422","德钦县","201904"
mca_area_533423,base.cn,base.state_cn_YN,"533423","维西傈僳族自治县","201904"
mca_area_540000,base.cn,base.state_cn_XZ,"540000","西藏自治区","201904"
mca_area_540100,base.cn,base.state_cn_XZ,"540100","拉萨市","201904"
mca_area_540102,base.cn,base.state_cn_XZ,"540102","城关区","201904"
mca_area_540103,base.cn,base.state_cn_XZ,"540103","堆龙德庆区","201904"
mca_area_540104,base.cn,base.state_cn_XZ,"540104","达孜区","201904"
mca_area_540121,base.cn,base.state_cn_XZ,"540121","林周县","201904"
mca_area_540122,base.cn,base.state_cn_XZ,"540122","当雄县","201904"
mca_area_540123,base.cn,base.state_cn_XZ,"540123","尼木县","201904"
mca_area_540124,base.cn,base.state_cn_XZ,"540124","曲水县","201904"
mca_area_540127,base.cn,base.state_cn_XZ,"540127","墨竹工卡县","201904"
mca_area_540200,base.cn,base.state_cn_XZ,"540200","日喀则市","201904"
mca_area_540202,base.cn,base.state_cn_XZ,"540202","桑珠孜区","201904"
mca_area_540221,base.cn,base.state_cn_XZ,"540221","南木林县","201904"
mca_area_540222,base.cn,base.state_cn_XZ,"540222","江孜县","201904"
mca_area_540223,base.cn,base.state_cn_XZ,"540223","定日县","201904"
mca_area_540224,base.cn,base.state_cn_XZ,"540224","萨迦县","201904"
mca_area_540225,base.cn,base.state_cn_XZ,"540225","拉孜县","201904"
mca_area_540226,base.cn,base.state_cn_XZ,"540226","昂仁县","201904"
mca_area_540227,base.cn,base.state_cn_XZ,"540227","谢通门县","201904"
mca_area_540228,base.cn,base.state_cn_XZ,"540228","白朗县","201904"
mca_area_540229,base.cn,base.state_cn_XZ,"540229","仁布县","201904"
mca_area_540230,base.cn,base.state_cn_XZ,"540230","康马县","201904"
mca_area_540231,base.cn,base.state_cn_XZ,"540231","定结县","201904"
mca_area_540232,base.cn,base.state_cn_XZ,"540232","仲巴县","201904"
mca_area_540233,base.cn,base.state_cn_XZ,"540233","亚东县","201904"
mca_area_540234,base.cn,base.state_cn_XZ,"540234","吉隆县","201904"
mca_area_540235,base.cn,base.state_cn_XZ,"540235","聂拉木县","201904"
mca_area_540236,base.cn,base.state_cn_XZ,"540236","萨嘎县","201904"
mca_area_540237,base.cn,base.state_cn_XZ,"540237","岗巴县","201904"
mca_area_540300,base.cn,base.state_cn_XZ,"540300","昌都市","201904"
mca_area_540302,base.cn,base.state_cn_XZ,"540302","卡若区","201904"
mca_area_540321,base.cn,base.state_cn_XZ,"540321","江达县","201904"
mca_area_540322,base.cn,base.state_cn_XZ,"540322","贡觉县","201904"
mca_area_540323,base.cn,base.state_cn_XZ,"540323","类乌齐县","201904"
mca_area_540324,base.cn,base.state_cn_XZ,"540324","丁青县","201904"
mca_area_540325,base.cn,base.state_cn_XZ,"540325","察雅县","201904"
mca_area_540326,base.cn,base.state_cn_XZ,"540326","八宿县","201904"
mca_area_540327,base.cn,base.state_cn_XZ,"540327","左贡县","201904"
mca_area_540328,base.cn,base.state_cn_XZ,"540328","芒康县","201904"
mca_area_540329,base.cn,base.state_cn_XZ,"540329","洛隆县","201904"
mca_area_540330,base.cn,base.state_cn_XZ,"540330","边坝县","201904"
mca_area_540400,base.cn,base.state_cn_XZ,"540400","林芝市","201904"
mca_area_540402,base.cn,base.state_cn_XZ,"540402","巴宜区","201904"
mca_area_540421,base.cn,base.state_cn_XZ,"540421","工布江达县","201904"
mca_area_540422,base.cn,base.state_cn_XZ,"540422","米林县","201904"
mca_area_540423,base.cn,base.state_cn_XZ,"540423","墨脱县","201904"
mca_area_540424,base.cn,base.state_cn_XZ,"540424","波密县","201904"
mca_area_540425,base.cn,base.state_cn_XZ,"540425","察隅县","201904"
mca_area_540426,base.cn,base.state_cn_XZ,"540426","朗县","201904"
mca_area_540500,base.cn,base.state_cn_XZ,"540500","山南市","201904"
mca_area_540502,base.cn,base.state_cn_XZ,"540502","乃东区","201904"
mca_area_540521,base.cn,base.state_cn_XZ,"540521","扎囊县","201904"
mca_area_540522,base.cn,base.state_cn_XZ,"540522","贡嘎县","201904"
mca_area_540523,base.cn,base.state_cn_XZ,"540523","桑日县","201904"
mca_area_540524,base.cn,base.state_cn_XZ,"540524","琼结县","201904"
mca_area_540525,base.cn,base.state_cn_XZ,"540525","曲松县","201904"
mca_area_540526,base.cn,base.state_cn_XZ,"540526","措美县","201904"
mca_area_540527,base.cn,base.state_cn_XZ,"540527","洛扎县","201904"
mca_area_540528,base.cn,base.state_cn_XZ,"540528","加查县","201904"
mca_area_540529,base.cn,base.state_cn_XZ,"540529","隆子县","201904"
mca_area_540530,base.cn,base.state_cn_XZ,"540530","错那县","201904"
mca_area_540531,base.cn,base.state_cn_XZ,"540531","浪卡子县","201904"
mca_area_540600,base.cn,base.state_cn_XZ,"540600","那曲市","201904"
mca_area_540602,base.cn,base.state_cn_XZ,"540602","色尼区","201904"
mca_area_540621,base.cn,base.state_cn_XZ,"540621","嘉黎县","201904"
mca_area_540622,base.cn,base.state_cn_XZ,"540622","比如县","201904"
mca_area_540623,base.cn,base.state_cn_XZ,"540623","聂荣县","201904"
mca_area_540624,base.cn,base.state_cn_XZ,"540624","安多县","201904"
mca_area_540625,base.cn,base.state_cn_XZ,"540625","申扎县","201904"
mca_area_540626,base.cn,base.state_cn_XZ,"540626","索县","201904"
mca_area_540627,base.cn,base.state_cn_XZ,"540627","班戈县","201904"
mca_area_540628,base.cn,base.state_cn_XZ,"540628","巴青县","201904"
mca_area_540629,base.cn,base.state_cn_XZ,"540629","尼玛县","201904"
mca_area_540630,base.cn,base.state_cn_XZ,"540630","双湖县","201904"
mca_area_542500,base.cn,base.state_cn_XZ,"542500","阿里地区","201904"
mca_area_542521,base.cn,base.state_cn_XZ,"542521","普兰县","201904"
mca_area_542522,base.cn,base.state_cn_XZ,"542522","札达县","201904"
mca_area_542523,base.cn,base.state_cn_XZ,"542523","噶尔县","201904"
mca_area_542524,base.cn,base.state_cn_XZ,"542524","日土县","201904"
mca_area_542525,base.cn,base.state_cn_XZ,"542525","革吉县","201904"
mca_area_542526,base.cn,base.state_cn_XZ,"542526","改则县","201904"
mca_area_542527,base.cn,base.state_cn_XZ,"542527","措勤县","201904"
mca_area_610000,base.cn,base.state_cn_SN,"610000","陕西省","201904"
mca_area_610100,base.cn,base.state_cn_SN,"610100","西安市","201904"
mca_area_610102,base.cn,base.state_cn_SN,"610102","新城区","201904"
mca_area_610103,base.cn,base.state_cn_SN,"610103","碑林区","201904"
mca_area_610104,base.cn,base.state_cn_SN,"610104","莲湖区","201904"
mca_area_610111,base.cn,base.state_cn_SN,"610111","灞桥区","201904"
mca_area_610112,base.cn,base.state_cn_SN,"610112","未央区","201904"
mca_area_610113,base.cn,base.state_cn_SN,"610113","雁塔区","201904"
mca_area_610114,base.cn,base.state_cn_SN,"610114","阎良区","201904"
mca_area_610115,base.cn,base.state_cn_SN,"610115","临潼区","201904"
mca_area_610116,base.cn,base.state_cn_SN,"610116","长安区","201904"
mca_area_610117,base.cn,base.state_cn_SN,"610117","高陵区","201904"
mca_area_610118,base.cn,base.state_cn_SN,"610118","鄠邑区","201904"
mca_area_610122,base.cn,base.state_cn_SN,"610122","蓝田县","201904"
mca_area_610124,base.cn,base.state_cn_SN,"610124","周至县","201904"
mca_area_610200,base.cn,base.state_cn_SN,"610200","铜川市","201904"
mca_area_610202,base.cn,base.state_cn_SN,"610202","王益区","201904"
mca_area_610203,base.cn,base.state_cn_SN,"610203","印台区","201904"
mca_area_610204,base.cn,base.state_cn_SN,"610204","耀州区","201904"
mca_area_610222,base.cn,base.state_cn_SN,"610222","宜君县","201904"
mca_area_610300,base.cn,base.state_cn_SN,"610300","宝鸡市","201904"
mca_area_610302,base.cn,base.state_cn_SN,"610302","渭滨区","201904"
mca_area_610303,base.cn,base.state_cn_SN,"610303","金台区","201904"
mca_area_610304,base.cn,base.state_cn_SN,"610304","陈仓区","201904"
mca_area_610322,base.cn,base.state_cn_SN,"610322","凤翔县","201904"
mca_area_610323,base.cn,base.state_cn_SN,"610323","岐山县","201904"
mca_area_610324,base.cn,base.state_cn_SN,"610324","扶风县","201904"
mca_area_610326,base.cn,base.state_cn_SN,"610326","眉县","201904"
mca_area_610327,base.cn,base.state_cn_SN,"610327","陇县","201904"
mca_area_610328,base.cn,base.state_cn_SN,"610328","千阳县","201904"
mca_area_610329,base.cn,base.state_cn_SN,"610329","麟游县","201904"
mca_area_610330,base.cn,base.state_cn_SN,"610330","凤县","201904"
mca_area_610331,base.cn,base.state_cn_SN,"610331","太白县","201904"
mca_area_610400,base.cn,base.state_cn_SN,"610400","咸阳市","201904"
mca_area_610402,base.cn,base.state_cn_SN,"610402","秦都区","201904"
mca_area_610403,base.cn,base.state_cn_SN,"610403","杨陵区","201904"
mca_area_610404,base.cn,base.state_cn_SN,"610404","渭城区","201904"
mca_area_610422,base.cn,base.state_cn_SN,"610422","三原县","201904"
mca_area_610423,base.cn,base.state_cn_SN,"610423","泾阳县","201904"
mca_area_610424,base.cn,base.state_cn_SN,"610424","乾县","201904"
mca_area_610425,base.cn,base.state_cn_SN,"610425","礼泉县","201904"
mca_area_610426,base.cn,base.state_cn_SN,"610426","永寿县","201904"
mca_area_610428,base.cn,base.state_cn_SN,"610428","长武县","201904"
mca_area_610429,base.cn,base.state_cn_SN,"610429","旬邑县","201904"
mca_area_610430,base.cn,base.state_cn_SN,"610430","淳化县","201904"
mca_area_610431,base.cn,base.state_cn_SN,"610431","武功县","201904"
mca_area_610481,base.cn,base.state_cn_SN,"610481","兴平市","201904"
mca_area_610482,base.cn,base.state_cn_SN,"610482","彬州市","201904"
mca_area_610500,base.cn,base.state_cn_SN,"610500","渭南市","201904"
mca_area_610502,base.cn,base.state_cn_SN,"610502","临渭区","201904"
mca_area_610503,base.cn,base.state_cn_SN,"610503","华州区","201904"
mca_area_610522,base.cn,base.state_cn_SN,"610522","潼关县","201904"
mca_area_610523,base.cn,base.state_cn_SN,"610523","大荔县","201904"
mca_area_610524,base.cn,base.state_cn_SN,"610524","合阳县","201904"
mca_area_610525,base.cn,base.state_cn_SN,"610525","澄城县","201904"
mca_area_610526,base.cn,base.state_cn_SN,"610526","蒲城县","201904"
mca_area_610527,base.cn,base.state_cn_SN,"610527","白水县","201904"
mca_area_610528,base.cn,base.state_cn_SN,"610528","富平县","201904"
mca_area_610581,base.cn,base.state_cn_SN,"610581","韩城市","201904"
mca_area_610582,base.cn,base.state_cn_SN,"610582","华阴市","201904"
mca_area_610600,base.cn,base.state_cn_SN,"610600","延安市","201904"
mca_area_610602,base.cn,base.state_cn_SN,"610602","宝塔区","201904"
mca_area_610603,base.cn,base.state_cn_SN,"610603","安塞区","201904"
mca_area_610621,base.cn,base.state_cn_SN,"610621","延长县","201904"
mca_area_610622,base.cn,base.state_cn_SN,"610622","延川县","201904"
mca_area_610623,base.cn,base.state_cn_SN,"610623","子长县","201904"
mca_area_610625,base.cn,base.state_cn_SN,"610625","志丹县","201904"
mca_area_610626,base.cn,base.state_cn_SN,"610626","吴起县","201904"
mca_area_610627,base.cn,base.state_cn_SN,"610627","甘泉县","201904"
mca_area_610628,base.cn,base.state_cn_SN,"610628","富县","201904"
mca_area_610629,base.cn,base.state_cn_SN,"610629","洛川县","201904"
mca_area_610630,base.cn,base.state_cn_SN,"610630","宜川县","201904"
mca_area_610631,base.cn,base.state_cn_SN,"610631","黄龙县","201904"
mca_area_610632,base.cn,base.state_cn_SN,"610632","黄陵县","201904"
mca_area_610700,base.cn,base.state_cn_SN,"610700","汉中市","201904"
mca_area_610702,base.cn,base.state_cn_SN,"610702","汉台区","201904"
mca_area_610703,base.cn,base.state_cn_SN,"610703","南郑区","201904"
mca_area_610722,base.cn,base.state_cn_SN,"610722","城固县","201904"
mca_area_610723,base.cn,base.state_cn_SN,"610723","洋县","201904"
mca_area_610724,base.cn,base.state_cn_SN,"610724","西乡县","201904"
mca_area_610725,base.cn,base.state_cn_SN,"610725","勉县","201904"
mca_area_610726,base.cn,base.state_cn_SN,"610726","宁强县","201904"
mca_area_610727,base.cn,base.state_cn_SN,"610727","略阳县","201904"
mca_area_610728,base.cn,base.state_cn_SN,"610728","镇巴县","201904"
mca_area_610729,base.cn,base.state_cn_SN,"610729","留坝县","201904"
mca_area_610730,base.cn,base.state_cn_SN,"610730","佛坪县","201904"
mca_area_610800,base.cn,base.state_cn_SN,"610800","榆林市","201904"
mca_area_610802,base.cn,base.state_cn_SN,"610802","榆阳区","201904"
mca_area_610803,base.cn,base.state_cn_SN,"610803","横山区","201904"
mca_area_610822,base.cn,base.state_cn_SN,"610822","府谷县","201904"
mca_area_610824,base.cn,base.state_cn_SN,"610824","靖边县","201904"
mca_area_610825,base.cn,base.state_cn_SN,"610825","定边县","201904"
mca_area_610826,base.cn,base.state_cn_SN,"610826","绥德县","201904"
mca_area_610827,base.cn,base.state_cn_SN,"610827","米脂县","201904"
mca_area_610828,base.cn,base.state_cn_SN,"610828","佳县","201904"
mca_area_610829,base.cn,base.state_cn_SN,"610829","吴堡县","201904"
mca_area_610830,base.cn,base.state_cn_SN,"610830","清涧县","201904"
mca_area_610831,base.cn,base.state_cn_SN,"610831","子洲县","201904"
mca_area_610881,base.cn,base.state_cn_SN,"610881","神木市","201904"
mca_area_610900,base.cn,base.state_cn_SN,"610900","安康市","201904"
mca_area_610902,base.cn,base.state_cn_SN,"610902","汉滨区","201904"
mca_area_610921,base.cn,base.state_cn_SN,"610921","汉阴县","201904"
mca_area_610922,base.cn,base.state_cn_SN,"610922","石泉县","201904"
mca_area_610923,base.cn,base.state_cn_SN,"610923","宁陕县","201904"
mca_area_610924,base.cn,base.state_cn_SN,"610924","紫阳县","201904"
mca_area_610925,base.cn,base.state_cn_SN,"610925","岚皋县","201904"
mca_area_610926,base.cn,base.state_cn_SN,"610926","平利县","201904"
mca_area_610927,base.cn,base.state_cn_SN,"610927","镇坪县","201904"
mca_area_610928,base.cn,base.state_cn_SN,"610928","旬阳县","201904"
mca_area_610929,base.cn,base.state_cn_SN,"610929","白河县","201904"
mca_area_611000,base.cn,base.state_cn_SN,"611000","商洛市","201904"
mca_area_611002,base.cn,base.state_cn_SN,"611002","商州区","201904"
mca_area_611021,base.cn,base.state_cn_SN,"611021","洛南县","201904"
mca_area_611022,base.cn,base.state_cn_SN,"611022","丹凤县","201904"
mca_area_611023,base.cn,base.state_cn_SN,"611023","商南县","201904"
mca_area_611024,base.cn,base.state_cn_SN,"611024","山阳县","201904"
mca_area_611025,base.cn,base.state_cn_SN,"611025","镇安县","201904"
mca_area_611026,base.cn,base.state_cn_SN,"611026","柞水县","201904"
mca_area_620000,base.cn,base.state_cn_GS,"620000","甘肃省","201904"
mca_area_620100,base.cn,base.state_cn_GS,"620100","兰州市","201904"
mca_area_620102,base.cn,base.state_cn_GS,"620102","城关区","201904"
mca_area_620103,base.cn,base.state_cn_GS,"620103","七里河区","201904"
mca_area_620104,base.cn,base.state_cn_GS,"620104","西固区","201904"
mca_area_620105,base.cn,base.state_cn_GS,"620105","安宁区","201904"
mca_area_620111,base.cn,base.state_cn_GS,"620111","红古区","201904"
mca_area_620121,base.cn,base.state_cn_GS,"620121","永登县","201904"
mca_area_620122,base.cn,base.state_cn_GS,"620122","皋兰县","201904"
mca_area_620123,base.cn,base.state_cn_GS,"620123","榆中县","201904"
mca_area_620200,base.cn,base.state_cn_GS,"620200","嘉峪关市","201904"
mca_area_620300,base.cn,base.state_cn_GS,"620300","金昌市","201904"
mca_area_620302,base.cn,base.state_cn_GS,"620302","金川区","201904"
mca_area_620321,base.cn,base.state_cn_GS,"620321","永昌县","201904"
mca_area_620400,base.cn,base.state_cn_GS,"620400","白银市","201904"
mca_area_620402,base.cn,base.state_cn_GS,"620402","白银区","201904"
mca_area_620403,base.cn,base.state_cn_GS,"620403","平川区","201904"
mca_area_620421,base.cn,base.state_cn_GS,"620421","靖远县","201904"
mca_area_620422,base.cn,base.state_cn_GS,"620422","会宁县","201904"
mca_area_620423,base.cn,base.state_cn_GS,"620423","景泰县","201904"
mca_area_620500,base.cn,base.state_cn_GS,"620500","天水市","201904"
mca_area_620502,base.cn,base.state_cn_GS,"620502","秦州区","201904"
mca_area_620503,base.cn,base.state_cn_GS,"620503","麦积区","201904"
mca_area_620521,base.cn,base.state_cn_GS,"620521","清水县","201904"
mca_area_620522,base.cn,base.state_cn_GS,"620522","秦安县","201904"
mca_area_620523,base.cn,base.state_cn_GS,"620523","甘谷县","201904"
mca_area_620524,base.cn,base.state_cn_GS,"620524","武山县","201904"
mca_area_620525,base.cn,base.state_cn_GS,"620525","张家川回族自治县","201904"
mca_area_620600,base.cn,base.state_cn_GS,"620600","武威市","201904"
mca_area_620602,base.cn,base.state_cn_GS,"620602","凉州区","201904"
mca_area_620621,base.cn,base.state_cn_GS,"620621","民勤县","201904"
mca_area_620622,base.cn,base.state_cn_GS,"620622","古浪县","201904"
mca_area_620623,base.cn,base.state_cn_GS,"620623","天祝藏族自治县","201904"
mca_area_620700,base.cn,base.state_cn_GS,"620700","张掖市","201904"
mca_area_620702,base.cn,base.state_cn_GS,"620702","甘州区","201904"
mca_area_620721,base.cn,base.state_cn_GS,"620721","肃南裕固族自治县","201904"
mca_area_620722,base.cn,base.state_cn_GS,"620722","民乐县","201904"
mca_area_620723,base.cn,base.state_cn_GS,"620723","临泽县","201904"
mca_area_620724,base.cn,base.state_cn_GS,"620724","高台县","201904"
mca_area_620725,base.cn,base.state_cn_GS,"620725","山丹县","201904"
mca_area_620800,base.cn,base.state_cn_GS,"620800","平凉市","201904"
mca_area_620802,base.cn,base.state_cn_GS,"620802","崆峒区","201904"
mca_area_620821,base.cn,base.state_cn_GS,"620821","泾川县","201904"
mca_area_620822,base.cn,base.state_cn_GS,"620822","灵台县","201904"
mca_area_620823,base.cn,base.state_cn_GS,"620823","崇信县","201904"
mca_area_620825,base.cn,base.state_cn_GS,"620825","庄浪县","201904"
mca_area_620826,base.cn,base.state_cn_GS,"620826","静宁县","201904"
mca_area_620881,base.cn,base.state_cn_GS,"620881","华亭市","201904"
mca_area_620900,base.cn,base.state_cn_GS,"620900","酒泉市","201904"
mca_area_620902,base.cn,base.state_cn_GS,"620902","肃州区","201904"
mca_area_620921,base.cn,base.state_cn_GS,"620921","金塔县","201904"
mca_area_620922,base.cn,base.state_cn_GS,"620922","瓜州县","201904"
mca_area_620923,base.cn,base.state_cn_GS,"620923","肃北蒙古族自治县","201904"
mca_area_620924,base.cn,base.state_cn_GS,"620924","阿克塞哈萨克族自治县","201904"
mca_area_620981,base.cn,base.state_cn_GS,"620981","玉门市","201904"
mca_area_620982,base.cn,base.state_cn_GS,"620982","敦煌市","201904"
mca_area_621000,base.cn,base.state_cn_GS,"621000","庆阳市","201904"
mca_area_621002,base.cn,base.state_cn_GS,"621002","西峰区","201904"
mca_area_621021,base.cn,base.state_cn_GS,"621021","庆城县","201904"
mca_area_621022,base.cn,base.state_cn_GS,"621022","环县","201904"
mca_area_621023,base.cn,base.state_cn_GS,"621023","华池县","201904"
mca_area_621024,base.cn,base.state_cn_GS,"621024","合水县","201904"
mca_area_621025,base.cn,base.state_cn_GS,"621025","正宁县","201904"
mca_area_621026,base.cn,base.state_cn_GS,"621026","宁县","201904"
mca_area_621027,base.cn,base.state_cn_GS,"621027","镇原县","201904"
mca_area_621100,base.cn,base.state_cn_GS,"621100","定西市","201904"
mca_area_621102,base.cn,base.state_cn_GS,"621102","安定区","201904"
mca_area_621121,base.cn,base.state_cn_GS,"621121","通渭县","201904"
mca_area_621122,base.cn,base.state_cn_GS,"621122","陇西县","201904"
mca_area_621123,base.cn,base.state_cn_GS,"621123","渭源县","201904"
mca_area_621124,base.cn,base.state_cn_GS,"621124","临洮县","201904"
mca_area_621125,base.cn,base.state_cn_GS,"621125","漳县","201904"
mca_area_621126,base.cn,base.state_cn_GS,"621126","岷县","201904"
mca_area_621200,base.cn,base.state_cn_GS,"621200","陇南市","201904"
mca_area_621202,base.cn,base.state_cn_GS,"621202","武都区","201904"
mca_area_621221,base.cn,base.state_cn_GS,"621221","成县","201904"
mca_area_621222,base.cn,base.state_cn_GS,"621222","文县","201904"
mca_area_621223,base.cn,base.state_cn_GS,"621223","宕昌县","201904"
mca_area_621224,base.cn,base.state_cn_GS,"621224","康县","201904"
mca_area_621225,base.cn,base.state_cn_GS,"621225","西和县","201904"
mca_area_621226,base.cn,base.state_cn_GS,"621226","礼县","201904"
mca_area_621227,base.cn,base.state_cn_GS,"621227","徽县","201904"
mca_area_621228,base.cn,base.state_cn_GS,"621228","两当县","201904"
mca_area_622900,base.cn,base.state_cn_GS,"622900","临夏回族自治州","201904"
mca_area_622901,base.cn,base.state_cn_GS,"622901","临夏市","201904"
mca_area_622921,base.cn,base.state_cn_GS,"622921","临夏县","201904"
mca_area_622922,base.cn,base.state_cn_GS,"622922","康乐县","201904"
mca_area_622923,base.cn,base.state_cn_GS,"622923","永靖县","201904"
mca_area_622924,base.cn,base.state_cn_GS,"622924","广河县","201904"
mca_area_622925,base.cn,base.state_cn_GS,"622925","和政县","201904"
mca_area_622926,base.cn,base.state_cn_GS,"622926","东乡族自治县","201904"
mca_area_622927,base.cn,base.state_cn_GS,"622927","积石山保安族东乡族撒拉族自治县","201904"
mca_area_623000,base.cn,base.state_cn_GS,"623000","甘南藏族自治州","201904"
mca_area_623001,base.cn,base.state_cn_GS,"623001","合作市","201904"
mca_area_623021,base.cn,base.state_cn_GS,"623021","临潭县","201904"
mca_area_623022,base.cn,base.state_cn_GS,"623022","卓尼县","201904"
mca_area_623023,base.cn,base.state_cn_GS,"623023","舟曲县","201904"
mca_area_623024,base.cn,base.state_cn_GS,"623024","迭部县","201904"
mca_area_623025,base.cn,base.state_cn_GS,"623025","玛曲县","201904"
mca_area_623026,base.cn,base.state_cn_GS,"623026","碌曲县","201904"
mca_area_623027,base.cn,base.state_cn_GS,"623027","夏河县","201904"
mca_area_630000,base.cn,base.state_cn_QH,"630000","青海省","201904"
mca_area_630100,base.cn,base.state_cn_QH,"630100","西宁市","201904"
mca_area_630102,base.cn,base.state_cn_QH,"630102","城东区","201904"
mca_area_630103,base.cn,base.state_cn_QH,"630103","城中区","201904"
mca_area_630104,base.cn,base.state_cn_QH,"630104","城西区","201904"
mca_area_630105,base.cn,base.state_cn_QH,"630105","城北区","201904"
mca_area_630121,base.cn,base.state_cn_QH,"630121","大通回族土族自治县","201904"
mca_area_630122,base.cn,base.state_cn_QH,"630122","湟中县","201904"
mca_area_630123,base.cn,base.state_cn_QH,"630123","湟源县","201904"
mca_area_630200,base.cn,base.state_cn_QH,"630200","海东市","201904"
mca_area_630202,base.cn,base.state_cn_QH,"630202","乐都区","201904"
mca_area_630203,base.cn,base.state_cn_QH,"630203","平安区","201904"
mca_area_630222,base.cn,base.state_cn_QH,"630222","民和回族土族自治县","201904"
mca_area_630223,base.cn,base.state_cn_QH,"630223","互助土族自治县","201904"
mca_area_630224,base.cn,base.state_cn_QH,"630224","化隆回族自治县","201904"
mca_area_630225,base.cn,base.state_cn_QH,"630225","循化撒拉族自治县","201904"
mca_area_632200,base.cn,base.state_cn_QH,"632200","海北藏族自治州","201904"
mca_area_632221,base.cn,base.state_cn_QH,"632221","门源回族自治县","201904"
mca_area_632222,base.cn,base.state_cn_QH,"632222","祁连县","201904"
mca_area_632223,base.cn,base.state_cn_QH,"632223","海晏县","201904"
mca_area_632224,base.cn,base.state_cn_QH,"632224","刚察县","201904"
mca_area_632300,base.cn,base.state_cn_QH,"632300","黄南藏族自治州","201904"
mca_area_632321,base.cn,base.state_cn_QH,"632321","同仁县","201904"
mca_area_632322,base.cn,base.state_cn_QH,"632322","尖扎县","201904"
mca_area_632323,base.cn,base.state_cn_QH,"632323","泽库县","201904"
mca_area_632324,base.cn,base.state_cn_QH,"632324","河南蒙古族自治县","201904"
mca_area_632500,base.cn,base.state_cn_QH,"632500","海南藏族自治州","201904"
mca_area_632521,base.cn,base.state_cn_QH,"632521","共和县","201904"
mca_area_632522,base.cn,base.state_cn_QH,"632522","同德县","201904"
mca_area_632523,base.cn,base.state_cn_QH,"632523","贵德县","201904"
mca_area_632524,base.cn,base.state_cn_QH,"632524","兴海县","201904"
mca_area_632525,base.cn,base.state_cn_QH,"632525","贵南县","201904"
mca_area_632600,base.cn,base.state_cn_QH,"632600","果洛藏族自治州","201904"
mca_area_632621,base.cn,base.state_cn_QH,"632621","玛沁县","201904"
mca_area_632622,base.cn,base.state_cn_QH,"632622","班玛县","201904"
mca_area_632623,base.cn,base.state_cn_QH,"632623","甘德县","201904"
mca_area_632624,base.cn,base.state_cn_QH,"632624","达日县","201904"
mca_area_632625,base.cn,base.state_cn_QH,"632625","久治县","201904"
mca_area_632626,base.cn,base.state_cn_QH,"632626","玛多县","201904"
mca_area_632700,base.cn,base.state_cn_QH,"632700","玉树藏族自治州","201904"
mca_area_632701,base.cn,base.state_cn_QH,"632701","玉树市","201904"
mca_area_632722,base.cn,base.state_cn_QH,"632722","杂多县","201904"
mca_area_632723,base.cn,base.state_cn_QH,"632723","称多县","201904"
mca_area_632724,base.cn,base.state_cn_QH,"632724","治多县","201904"
mca_area_632725,base.cn,base.state_cn_QH,"632725","囊谦县","201904"
mca_area_632726,base.cn,base.state_cn_QH,"632726","曲麻莱县","201904"
mca_area_632800,base.cn,base.state_cn_QH,"632800","海西蒙古族藏族自治州","201904"
mca_area_632801,base.cn,base.state_cn_QH,"632801","格尔木市","201904"
mca_area_632802,base.cn,base.state_cn_QH,"632802","德令哈市","201904"
mca_area_632803,base.cn,base.state_cn_QH,"632803","茫崖市","201904"
mca_area_632821,base.cn,base.state_cn_QH,"632821","乌兰县","201904"
mca_area_632822,base.cn,base.state_cn_QH,"632822","都兰县","201904"
mca_area_632823,base.cn,base.state_cn_QH,"632823","天峻县","201904"
mca_area_640000,base.cn,base.state_cn_NX,"640000","宁夏回族自治区","201904"
mca_area_640100,base.cn,base.state_cn_NX,"640100","银川市","201904"
mca_area_640104,base.cn,base.state_cn_NX,"640104","兴庆区","201904"
mca_area_640105,base.cn,base.state_cn_NX,"640105","西夏区","201904"
mca_area_640106,base.cn,base.state_cn_NX,"640106","金凤区","201904"
mca_area_640121,base.cn,base.state_cn_NX,"640121","永宁县","201904"
mca_area_640122,base.cn,base.state_cn_NX,"640122","贺兰县","201904"
mca_area_640181,base.cn,base.state_cn_NX,"640181","灵武市","201904"
mca_area_640200,base.cn,base.state_cn_NX,"640200","石嘴山市","201904"
mca_area_640202,base.cn,base.state_cn_NX,"640202","大武口区","201904"
mca_area_640205,base.cn,base.state_cn_NX,"640205","惠农区","201904"
mca_area_640221,base.cn,base.state_cn_NX,"640221","平罗县","201904"
mca_area_640300,base.cn,base.state_cn_NX,"640300","吴忠市","201904"
mca_area_640302,base.cn,base.state_cn_NX,"640302","利通区","201904"
mca_area_640303,base.cn,base.state_cn_NX,"640303","红寺堡区","201904"
mca_area_640323,base.cn,base.state_cn_NX,"640323","盐池县","201904"
mca_area_640324,base.cn,base.state_cn_NX,"640324","同心县","201904"
mca_area_640381,base.cn,base.state_cn_NX,"640381","青铜峡市","201904"
mca_area_640400,base.cn,base.state_cn_NX,"640400","固原市","201904"
mca_area_640402,base.cn,base.state_cn_NX,"640402","原州区","201904"
mca_area_640422,base.cn,base.state_cn_NX,"640422","西吉县","201904"
mca_area_640423,base.cn,base.state_cn_NX,"640423","隆德县","201904"
mca_area_640424,base.cn,base.state_cn_NX,"640424","泾源县","201904"
mca_area_640425,base.cn,base.state_cn_NX,"640425","彭阳县","201904"
mca_area_640500,base.cn,base.state_cn_NX,"640500","中卫市","201904"
mca_area_640502,base.cn,base.state_cn_NX,"640502","沙坡头区","201904"
mca_area_640521,base.cn,base.state_cn_NX,"640521","中宁县","201904"
mca_area_640522,base.cn,base.state_cn_NX,"640522","海原县","201904"
mca_area_650000,base.cn,base.state_cn_XJ,"650000","新疆维吾尔自治区","201904"
mca_area_650100,base.cn,base.state_cn_XJ,"650100","乌鲁木齐市","201904"
mca_area_650102,base.cn,base.state_cn_XJ,"650102","天山区","201904"
mca_area_650103,base.cn,base.state_cn_XJ,"650103","沙依巴克区","201904"
mca_area_650104,base.cn,base.state_cn_XJ,"650104","新市区","201904"
mca_area_650105,base.cn,base.state_cn_XJ,"650105","水磨沟区","201904"
mca_area_650106,base.cn,base.state_cn_XJ,"650106","头屯河区","201904"
mca_area_650107,base.cn,base.state_cn_XJ,"650107","达坂城区","201904"
mca_area_650109,base.cn,base.state_cn_XJ,"650109","米东区","201904"
mca_area_650121,base.cn,base.state_cn_XJ,"650121","乌鲁木齐县","201904"
mca_area_650200,base.cn,base.state_cn_XJ,"650200","克拉玛依市","201904"
mca_area_650202,base.cn,base.state_cn_XJ,"650202","独山子区","201904"
mca_area_650203,base.cn,base.state_cn_XJ,"650203","克拉玛依区","201904"
mca_area_650204,base.cn,base.state_cn_XJ,"650204","白碱滩区","201904"
mca_area_650205,base.cn,base.state_cn_XJ,"650205","乌尔禾区","201904"
mca_area_650400,base.cn,base.state_cn_XJ,"650400","吐鲁番市","201904"
mca_area_650402,base.cn,base.state_cn_XJ,"650402","高昌区","201904"
mca_area_650421,base.cn,base.state_cn_XJ,"650421","鄯善县","201904"
mca_area_650422,base.cn,base.state_cn_XJ,"650422","托克逊县","201904"
mca_area_650500,base.cn,base.state_cn_XJ,"650500","哈密市","201904"
mca_area_650502,base.cn,base.state_cn_XJ,"650502","伊州区","201904"
mca_area_650521,base.cn,base.state_cn_XJ,"650521","巴里坤哈萨克自治县","201904"
mca_area_650522,base.cn,base.state_cn_XJ,"650522","伊吾县","201904"
mca_area_652300,base.cn,base.state_cn_XJ,"652300","昌吉回族自治州","201904"
mca_area_652301,base.cn,base.state_cn_XJ,"652301","昌吉市","201904"
mca_area_652302,base.cn,base.state_cn_XJ,"652302","阜康市","201904"
mca_area_652323,base.cn,base.state_cn_XJ,"652323","呼图壁县","201904"
mca_area_652324,base.cn,base.state_cn_XJ,"652324","玛纳斯县","201904"
mca_area_652325,base.cn,base.state_cn_XJ,"652325","奇台县","201904"
mca_area_652327,base.cn,base.state_cn_XJ,"652327","吉木萨尔县","201904"
mca_area_652328,base.cn,base.state_cn_XJ,"652328","木垒哈萨克自治县","201904"
mca_area_652700,base.cn,base.state_cn_XJ,"652700","博尔塔拉蒙古自治州","201904"
mca_area_652701,base.cn,base.state_cn_XJ,"652701","博乐市","201904"
mca_area_652702,base.cn,base.state_cn_XJ,"652702","阿拉山口市","201904"
mca_area_652722,base.cn,base.state_cn_XJ,"652722","精河县","201904"
mca_area_652723,base.cn,base.state_cn_XJ,"652723","温泉县","201904"
mca_area_652800,base.cn,base.state_cn_XJ,"652800","巴音郭楞蒙古自治州","201904"
mca_area_652801,base.cn,base.state_cn_XJ,"652801","库尔勒市","201904"
mca_area_652822,base.cn,base.state_cn_XJ,"652822","轮台县","201904"
mca_area_652823,base.cn,base.state_cn_XJ,"652823","尉犁县","201904"
mca_area_652824,base.cn,base.state_cn_XJ,"652824","若羌县","201904"
mca_area_652825,base.cn,base.state_cn_XJ,"652825","且末县","201904"
mca_area_652826,base.cn,base.state_cn_XJ,"652826","焉耆回族自治县","201904"
mca_area_652827,base.cn,base.state_cn_XJ,"652827","和静县","201904"
mca_area_652828,base.cn,base.state_cn_XJ,"652828","和硕县","201904"
mca_area_652829,base.cn,base.state_cn_XJ,"652829","博湖县","201904"
mca_area_652900,base.cn,base.state_cn_XJ,"652900","阿克苏地区","201904"
mca_area_652901,base.cn,base.state_cn_XJ,"652901","阿克苏市","201904"
mca_area_652922,base.cn,base.state_cn_XJ,"652922","温宿县","201904"
mca_area_652923,base.cn,base.state_cn_XJ,"652923","库车县","201904"
mca_area_652924,base.cn,base.state_cn_XJ,"652924","沙雅县","201904"
mca_area_652925,base.cn,base.state_cn_XJ,"652925","新和县","201904"
mca_area_652926,base.cn,base.state_cn_XJ,"652926","拜城县","201904"
mca_area_652927,base.cn,base.state_cn_XJ,"652927","乌什县","201904"
mca_area_652928,base.cn,base.state_cn_XJ,"652928","阿瓦提县","201904"
mca_area_652929,base.cn,base.state_cn_XJ,"652929","柯坪县","201904"
mca_area_653000,base.cn,base.state_cn_XJ,"653000","克孜勒苏柯尔克孜自治州","201904"
mca_area_653001,base.cn,base.state_cn_XJ,"653001","阿图什市","201904"
mca_area_653022,base.cn,base.state_cn_XJ,"653022","阿克陶县","201904"
mca_area_653023,base.cn,base.state_cn_XJ,"653023","阿合奇县","201904"
mca_area_653024,base.cn,base.state_cn_XJ,"653024","乌恰县","201904"
mca_area_653100,base.cn,base.state_cn_XJ,"653100","喀什地区","201904"
mca_area_653101,base.cn,base.state_cn_XJ,"653101","喀什市","201904"
mca_area_653121,base.cn,base.state_cn_XJ,"653121","疏附县","201904"
mca_area_653122,base.cn,base.state_cn_XJ,"653122","疏勒县","201904"
mca_area_653123,base.cn,base.state_cn_XJ,"653123","英吉沙县","201904"
mca_area_653124,base.cn,base.state_cn_XJ,"653124","泽普县","201904"
mca_area_653125,base.cn,base.state_cn_XJ,"653125","莎车县","201904"
mca_area_653126,base.cn,base.state_cn_XJ,"653126","叶城县","201904"
mca_area_653127,base.cn,base.state_cn_XJ,"653127","麦盖提县","201904"
mca_area_653128,base.cn,base.state_cn_XJ,"653128","岳普湖县","201904"
mca_area_653129,base.cn,base.state_cn_XJ,"653129","伽师县","201904"
mca_area_653130,base.cn,base.state_cn_XJ,"653130","巴楚县","201904"
mca_area_653131,base.cn,base.state_cn_XJ,"653131","塔什库尔干塔吉克自治县","201904"
mca_area_653200,base.cn,base.state_cn_XJ,"653200","和田地区","201904"
mca_area_653201,base.cn,base.state_cn_XJ,"653201","和田市","201904"
mca_area_653221,base.cn,base.state_cn_XJ,"653221","和田县","201904"
mca_area_653222,base.cn,base.state_cn_XJ,"653222","墨玉县","201904"
mca_area_653223,base.cn,base.state_cn_XJ,"653223","皮山县","201904"
mca_area_653224,base.cn,base.state_cn_XJ,"653224","洛浦县","201904"
mca_area_653225,base.cn,base.state_cn_XJ,"653225","策勒县","201904"
mca_area_653226,base.cn,base.state_cn_XJ,"653226","于田县","201904"
mca_area_653227,base.cn,base.state_cn_XJ,"653227","民丰县","201904"
mca_area_654000,base.cn,base.state_cn_XJ,"654000","伊犁哈萨克自治州","201904"
mca_area_654002,base.cn,base.state_cn_XJ,"654002","伊宁市","201904"
mca_area_654003,base.cn,base.state_cn_XJ,"654003","奎屯市","201904"
mca_area_654004,base.cn,base.state_cn_XJ,"654004","霍尔果斯市","201904"
mca_area_654021,base.cn,base.state_cn_XJ,"654021","伊宁县","201904"
mca_area_654022,base.cn,base.state_cn_XJ,"654022","察布查尔锡伯自治县","201904"
mca_area_654023,base.cn,base.state_cn_XJ,"654023","霍城县","201904"
mca_area_654024,base.cn,base.state_cn_XJ,"654024","巩留县","201904"
mca_area_654025,base.cn,base.state_cn_XJ,"654025","新源县","201904"
mca_area_654026,base.cn,base.state_cn_XJ,"654026","昭苏县","201904"
mca_area_654027,base.cn,base.state_cn_XJ,"654027","特克斯县","201904"
mca_area_654028,base.cn,base.state_cn_XJ,"654028","尼勒克县","201904"
mca_area_654200,base.cn,base.state_cn_XJ,"654200","塔城地区","201904"
mca_area_654201,base.cn,base.state_cn_XJ,"654201","塔城市","201904"
mca_area_654202,base.cn,base.state_cn_XJ,"654202","乌苏市","201904"
mca_area_654221,base.cn,base.state_cn_XJ,"654221","额敏县","201904"
mca_area_654223,base.cn,base.state_cn_XJ,"654223","沙湾县","201904"
mca_area_654224,base.cn,base.state_cn_XJ,"654224","托里县","201904"
mca_area_654225,base.cn,base.state_cn_XJ,"654225","裕民县","201904"
mca_area_654226,base.cn,base.state_cn_XJ,"654226","和布克赛尔蒙古自治县","201904"
mca_area_654300,base.cn,base.state_cn_XJ,"654300","阿勒泰地区","201904"
mca_area_654301,base.cn,base.state_cn_XJ,"654301","阿勒泰市","201904"
mca_area_654321,base.cn,base.state_cn_XJ,"654321","布尔津县","201904"
mca_area_654322,base.cn,base.state_cn_XJ,"654322","富蕴县","201904"
mca_area_654323,base.cn,base.state_cn_XJ,"654323","福海县","201904"
mca_area_654324,base.cn,base.state_cn_XJ,"654324","哈巴河县","201904"
mca_area_654325,base.cn,base.state_cn_XJ,"654325","青河县","201904"
mca_area_654326,base.cn,base.state_cn_XJ,"654326","吉木乃县","201904"
mca_area_659001,base.cn,base.state_cn_XJ,"659001","石河子市","201904"
mca_area_659002,base.cn,base.state_cn_XJ,"659002","阿拉尔市","201904"
mca_area_659003,base.cn,base.state_cn_XJ,"659003","图木舒克市","201904"
mca_area_659004,base.cn,base.state_cn_XJ,"659004","五家渠市","201904"
mca_area_659005,base.cn,base.state_cn_XJ,"659005","北屯市","201904"
mca_area_659006,base.cn,base.state_cn_XJ,"659006","铁门关市","201904"
mca_area_659007,base.cn,base.state_cn_XJ,"659007","双河市","201904"
mca_area_659008,base.cn,base.state_cn_XJ,"659008","可克达拉市","201904"
mca_area_659009,base.cn,base.state_cn_XJ,"659009","昆玉市","201904"
mca_area_710000,base.cn,base.state_cn_TW,"710000","台湾省","201904"
mca_area_810000,base.cn,base.state_cn_HK,"810000","香港特别行政区","201904"
mca_area_820000,base.cn,base.state_cn_MO,"820000","澳门特别行政区","201904"
